CircFlow,FRate,FDensity,SMSpeed,BDepth,BSize,MVis,FPress,DPPress,CPress,FIn,FOut,MRFlow,ActiveGL,ATVolume,RoPen,WoBit,HLoad,WBoPress,BTBR,MPS1,MPS2,MPS3,AMTD,ATMPV,ATMYP,STP,WellDepth
0,0,0,0,0,0,0,6157.12,1730.271,0,0.9529395,0.9528908,4.87E-05,-0.08259559,199.0002,20.44352,39773.86,310828.4,7001.946,12641.46,99.04626,99.04626,59.66036,78.54546,10.00008,20.00007,13798.08,12641.46
0.9631554,-0.9804431,78.54707,-0.005669403,12641.46,12.25,10.00045,6157.122,1729.887,0,0.9531223,0.9804431,-0.02732082,-0.0819369,199.0008,20.40985,39722.29,310839.9,6957.02,12641.46,99.04626,99.04626,59.66036,78.54546,10.00008,20.00007,13798.08,12641.46
0.9635707,-0.9822537,78.54707,-0.0056695,12641.46,12.25,10.00045,6157.122,1729.808,0,0.953133,0.9822537,-0.02912067,-0.08180205,199.001,20.4102,39726,310833.7,6957.143,12641.46,99.04626,99.04626,59.66036,78.54546,10.00008,20.00007,13798.08,12641.46
0.9642495,-0.985531,78.54707,-0.005669755,12641.46,12.25,10.00045,6157.122,1729.638,0,0.9531508,0.985531,-0.03238024,-0.08150204,199.0013,20.41112,39733.5,310821.8,6957.366,12641.46,99.04626,99.04626,59.66036,78.54546,10.00008,20.00007,13798.08,12641.46
0.9645238,-0.987007,78.54707,-0.005669904,12641.46,12.25,10.00045,6157.122,1729.547,0,0.9531581,0.987007,-0.03384894,-0.08133811,199.0014,20.41166,39737.29,310816,6957.467,12641.46,99.04626,99.04626,59.66036,78.54546,10.00008,20.00007,13798.08,12641.46
0.964761,-0.9883805,78.54707,-0.005670064,12641.46,12.25,10.00045,6157.122,1729.453,0,0.9531644,0.9883805,-0.03521607,-0.08116567,199.0016,20.41223,39741.11,310810.3,6957.56,12641.46,99.04626,99.04626,59.66036,78.54546,10.00008,20.00007,13798.08,12641.46
0.9649654,-0.9896559,78.54707,-0.00567023,12641.46,12.25,10.00045,6157.122,1729.356,0,0.9531699,0.9896559,-0.03648593,-0.08098529,199.0018,20.41283,39744.95,310804.8,6957.647,12641.46,99.04626,99.04626,59.66036,78.54546,10.00008,20.00007,13798.08,12641.46
0.9651405,-0.9908374,78.54707,-0.005670401,12641.46,12.25,10.00045,6157.122,1729.257,0,0.9531747,0.9908374,-0.03766277,-0.08079752,199.002,20.41344,39748.81,310799.3,6957.728,12641.46,99.04626,99.04626,59.66036,78.54546,10.00008,20.00007,13798.08,12641.46
0.9652897,-0.9919295,78.54707,-0.005670574,12641.46,12.25,10.00045,6157.122,1729.155,0,0.9531788,0.9919295,-0.03875079,-0.08060288,199.0022,20.41407,39752.7,310794,6957.802,12641.46,99.04626,99.04626,59.66036,78.54546,10.00008,20.00007,13798.08,12641.46
0.9655219,-0.9938621,78.54707,0,12641.46,12.25,10.00045,6157.122,1728.947,0,0.9531853,0.9938621,-0.04067684,-0.08019496,199.0026,20.41529,39752.26,310787.7,6957.933,12641.46,99.04626,99.04626,59.66036,78.54546,10.00008,20.00007,13798.08,12641.46
0.9656101,-0.9947107,78.54707,0,12641.46,12.25,10.00045,6157.122,1728.841,0,0.9531878,0.9947107,-0.0415229,-0.07998261,199.0028,20.41585,39752.07,310786.8,6957.991,12641.46,99.04626,99.04626,59.66036,78.54546,10.00008,20.00007,13798.08,12641.46
0.96586,-0.9962739,78.54707,0,12641.46,12.25,10.00045,6157.122,1728.627,0,0.9533028,0.9962739,-0.04297107,-0.07961798,199.0032,20.41688,39751.6,310784.3,6958.137,12641.46,99.04626,99.04626,59.66036,78.54546,10.00008,20.00007,13798.08,12641.46
0.9657305,-0.9976941,78.54707,0,12641.46,12.25,10.00045,6157.122,1728.535,0,0.9531215,0.9976941,-0.04457257,-0.07939099,199.0034,20.4173,39751.46,310783.8,6958.177,12641.46,99.04626,99.04626,59.66036,78.54546,10.00008,20.00007,13798.08,12641.46
0.9658607,-0.9985374,78.54707,0,12641.46,12.25,10.00045,6157.122,1728.328,0,0.953194,0.9985374,-0.04534341,-0.0789234,199.0039,20.41809,39751.24,310782.8,6958.245,12641.46,99.04626,99.04626,59.66036,78.54546,10.00008,20.00007,13798.08,12641.46
0.9658791,-0.9989332,78.54707,0,12641.46,12.25,10.00045,6157.122,1728.22,0,0.953196,0.9989332,-0.04573715,-0.0786843,199.0041,20.41843,39751.15,310782.3,6958.273,12641.46,99.04626,99.04626,59.66036,78.54546,10.00008,20.00007,13798.08,12641.46
0.9658892,-0.9992946,78.54707,0,12641.47,12.25,10.00045,6157.125,1728.11,0,0.9531966,0.9992946,-0.04609794,-0.07844234,199.0043,20.41875,39628.05,310781.9,6958.299,12641.47,99.04626,99.04626,59.66036,78.54546,10.00008,20.00007,13798.08,12641.47
0.9659056,-0.9998432,78.54707,-0.005671462,12641.47,12.25,10.00045,6157.125,1727.888,0,0.9531973,0.9998432,-0.04664589,-0.07795138,199.0048,20.41726,39631.91,310904.2,6958.343,12641.47,99.04626,99.04626,59.66036,78.54546,10.00008,20.00007,13798.08,12641.47
0.965908,-1.000147,78.54707,-0.005671283,12641.47,12.25,10.00045,6157.125,1727.777,0,0.9531975,1.000147,-0.04694945,-0.07770296,199.0051,20.41662,39636,310899.7,6958.359,12641.47,99.04626,99.04626,59.66036,78.54546,10.00008,20.00007,13798.08,12641.47
0.9659058,-1.000353,78.54707,-0.005671131,12641.47,12.25,10.00045,6157.125,1727.666,0,0.9531977,1.000353,-0.04715532,-0.07745291,199.0053,20.41607,39640.1,310895.3,6958.373,12641.47,99.04626,99.04626,59.66036,78.54546,10.00008,20.00007,13798.08,12641.47
0.9658887,-1.000663,78.54707,-0.005670901,12641.47,12.25,10.00045,6157.125,1727.442,0,0.9531977,1.000663,-0.04746544,-0.07694883,199.0058,20.41525,39648.32,310886.7,6958.394,12641.47,99.04626,99.04626,59.66036,78.54546,10.00008,20.00007,13798.08,12641.47
0.9658744,-1.00077,78.54707,-0.005670817,12641.47,12.25,10.00045,6157.125,1727.331,0,0.9531975,1.00077,-0.04757241,-0.07669523,199.0061,20.41494,39652.45,310882.4,6958.4,12641.47,99.04626,99.04626,59.66036,78.54546,10.00008,20.00007,13798.08,12641.47
0.9658364,-1.000896,78.54707,-0.005670689,12641.47,12.25,10.00045,6157.125,1727.107,0,0.9531971,1.000896,-0.04769877,-0.07618584,199.0066,20.41448,39660.71,310874.1,6958.408,12641.47,99.04626,99.04626,59.66036,78.54546,10.00008,20.00007,13798.08,12641.47
0.9658135,-1.000918,78.54707,-0.005670638,12641.47,12.25,10.00045,6157.125,1726.996,0,0.9531967,1.000918,-0.0477216,-0.07593039,199.0069,20.4143,39664.86,310869.9,6958.409,12641.47,99.04626,99.04626,59.66036,78.54546,10.00008,20.00007,13798.08,12641.47
0.9657616,-1.000891,78.54707,-0.005670545,12641.47,12.25,10.00045,6157.125,1726.774,0,0.9531959,1.000891,-0.04769485,-0.07541876,199.0074,20.41396,39673.16,310861.7,6958.406,12641.47,99.04626,99.04626,59.66036,78.54546,10.00008,20.00007,13798.08,12641.47
0.9657332,-1.000844,78.54707,-0.005670498,12641.47,12.25,10.00045,6157.125,1726.663,0,0.9531954,1.000844,-0.04764836,-0.07516286,199.0076,20.41379,39677.32,310857.6,6958.402,12641.47,99.04626,99.04626,59.66036,78.54546,10.00008,20.00007,13798.08,12641.47
0.9656724,-1.000691,78.54707,-0.005670395,12641.47,12.25,10.00045,6157.125,1726.442,0,0.9531943,1.000691,-0.04749636,-0.07465149,199.0081,20.41342,39685.66,310849.5,6958.391,12641.47,99.04626,99.04626,59.66036,78.54546,10.00008,20.00007,13798.08,12641.47
0.9656404,-1.000587,78.54707,-0.005670336,12641.47,12.25,10.00045,6157.125,1726.331,0,0.9531937,1.000587,-0.04739353,-0.07439626,199.0084,20.41321,39689.83,310845.5,6958.383,12641.47,99.04626,99.04626,59.66036,78.54546,10.00008,20.00007,13798.08,12641.47
0.9655743,-1.000333,78.54707,-0.005670198,12641.47,12.25,10.00045,6157.125,1726.112,0,0.9531925,1.000333,-0.04714033,-0.07388721,199.0089,20.41271,39698.19,310837.5,6958.365,12641.47,99.04626,99.04626,59.66036,78.54546,10.00008,20.00007,13798.08,12641.47
0.9655403,-1.000184,78.54707,-0.005670119,12641.47,12.25,10.00045,6157.125,1726.002,0,0.9531918,1.000184,-0.04699222,-0.07363357,199.0091,20.41243,39702.37,310833.5,6958.354,12641.47,99.04626,99.04626,59.66036,78.54546,10.00008,20.00007,13798.08,12641.47
0.9654711,-0.9998486,78.54707,-0.005669936,12641.47,12.25,10.00045,6157.125,1725.784,0,0.9531905,0.9998486,-0.04665814,-0.07312846,199.0096,20.41177,39710.75,310825.6,6958.33,12641.47,99.04626,99.04626,59.66036,78.54546,10.00008,20.00007,13798.08,12641.47
0.9654361,-0.9996639,78.54707,-0.005669833,12641.47,12.25,10.00045,6157.125,1725.676,0,0.9531898,0.9996639,-0.04647407,-0.07287715,199.0099,20.4114,39714.94,310821.7,6958.317,12641.47,99.04626,99.04626,59.66036,78.54546,10.00008,20.00007,13798.08,12641.47
0.9653655,-0.9992646,78.54707,-0.005669605,12641.47,12.25,10.00045,6157.125,1725.46,0,0.9531884,0.9992646,-0.04607618,-0.07237731,199.0104,20.41058,39723.34,310813.9,6958.289,12641.47,99.04626,99.04626,59.66036,78.54546,10.00008,20.00007,13798.08,12641.47
0.96533,-0.9990517,78.54707,-0.005669479,12641.47,12.25,10.00045,6157.125,1725.352,0,0.9531877,0.9990517,-0.04586395,-0.07212891,199.0107,20.41013,39727.54,310810,6958.273,12641.47,99.04626,99.04626,59.66036,78.54546,10.00008,20.00007,13798.08,12641.47
0.9653363,-0.9985826,78.54707,-0.00566921,12641.47,12.25,10.00045,6157.125,1725.139,0,0.953295,0.9985826,-0.04528756,-0.07171728,199.0111,20.40916,39734.38,310802.6,6958.292,12641.47,99.04626,99.04626,59.66036,78.54546,10.00008,20.00007,13798.08,12641.47
0.9651331,-0.9992533,78.54707,-0.005669056,12641.47,12.25,10.00045,6157.125,1725.049,0,0.9531162,0.9992533,-0.04613707,-0.07147051,199.0113,20.4086,39738.59,310799,6958.272,12641.47,99.04626,99.04626,59.66036,78.54546,10.00008,20.00007,13798.08,12641.47
0.9651341,-0.9985287,78.54707,0,12641.47,12.25,10.00045,6157.127,1724.849,0,0.9531822,0.9985287,-0.0453465,-0.07097878,199.0118,20.40746,39619.87,310791.4,6958.23,12641.47,99.04626,99.04626,59.66036,78.54546,10.00008,20.00007,13798.08,12641.47
0.9651082,-0.9982102,78.54707,0,12641.47,12.25,10.00045,6157.127,1724.746,0,0.9531829,0.9982102,-0.04502725,-0.07073456,199.012,20.4058,39619.94,310914.7,6958.21,12641.47,99.04626,99.04626,59.66036,78.54546,10.00008,20.00007,13798.08,12641.47
0.9650597,-0.9976025,78.54707,-0.005667394,12641.47,12.25,10.00045,6157.127,1724.537,0,0.9531819,0.9976025,-0.04442056,-0.07025039,199.0125,20.40262,39628.37,310911.3,6958.172,12641.47,99.04626,99.04626,59.66036,78.54546,10.00008,20.00007,13798.08,12641.47
0.9650357,-0.9973031,78.54707,-0.005666988,12641.47,12.25,10.00045,6157.127,1724.432,0,0.9531814,0.9973031,-0.0441217,-0.07001047,199.0128,20.40116,39632.59,310907.4,6958.151,12641.47,99.04626,99.04626,59.66036,78.54546,10.00008,20.00007,13798.08,12641.47
0.964986,-0.9967119,78.54707,-0.005666245,12641.47,12.25,10.00045,6157.127,1724.223,0,0.9531805,0.9967119,-0.04353141,-0.06953515,199.0132,20.39848,39641.02,310899.8,6958.11,12641.47,99.04626,99.04626,59.66036,78.54546,10.00008,20.00007,13798.08,12641.47
0.9649601,-0.9964177,78.54707,-0.005665901,12641.47,12.25,10.00045,6157.127,1724.119,0,0.95318,0.9964177,-0.04323772,-0.0692998,199.0135,20.39724,39645.24,310896,6958.09,12641.47,99.04626,99.04626,59.66036,78.54546,10.00008,20.00007,13798.08,12641.47
0.9649335,-0.996124,78.54707,-0.005665571,12641.47,12.25,10.00045,6157.127,1724.015,0,0.9531795,0.996124,-0.04294448,-0.069066,199.0137,20.39606,39649.45,310892.2,6958.07,12641.47,99.04626,99.04626,59.66036,78.54546,10.00008,20.00007,13798.08,12641.47
0.9648786,-0.9955373,78.54707,-0.005664943,12641.47,12.25,10.00045,6157.127,1723.808,0,0.9531785,0.9955373,-0.04235892,-0.06860307,199.0142,20.3938,39657.88,310884.6,6958.029,12641.47,99.04626,99.04626,59.66036,78.54546,10.00008,20.00007,13798.08,12641.47
0.9648503,-0.9952445,78.54707,-0.005664638,12641.47,12.25,10.00045,6157.127,1723.705,0,0.9531779,0.9952445,-0.04206661,-0.06837395,199.0144,20.3927,39662.1,310880.8,6958.008,12641.47,99.04626,99.04626,59.66036,78.54546,10.00008,20.00007,13798.08,12641.47
0.9648216,-0.9949521,78.54707,-0.005664337,12641.47,12.25,10.00045,6157.127,1723.601,0,0.9531774,0.9949521,-0.0417747,-0.06814639,199.0146,20.39161,39666.31,310877,6957.988,12641.47,99.04626,99.04626,59.66036,78.54546,10.00008,20.00007,13798.08,12641.47
0.9647632,-0.9943687,78.54707,-0.005663738,12641.47,12.25,10.00045,6157.127,1723.396,0,0.9531763,0.9943687,-0.04119241,-0.06769595,199.0151,20.38946,39674.74,310869.4,6957.947,12641.47,99.04626,99.04626,59.66036,78.54546,10.00008,20.00007,13798.08,12641.47
0.9647336,-0.9940779,78.54707,-0.005663438,12641.47,12.25,10.00045,6157.127,1723.294,0,0.9531757,0.9940779,-0.04090222,-0.06747307,199.0153,20.38838,39678.95,310865.6,6957.927,12641.47,99.04626,99.04626,59.66036,78.54546,10.00008,20.00007,13798.08,12641.47
0.9646736,-0.9934987,78.54707,-0.005662831,12641.47,12.25,10.00045,6157.127,1723.09,0,0.9531745,0.9934987,-0.0403242,-0.06703196,199.0157,20.38619,39687.38,310858,6957.886,12641.47,99.04626,99.04626,59.66036,78.54546,10.00008,20.00007,13798.08,12641.47
0.9646434,-0.9932104,78.54707,-0.005662524,12641.47,12.25,10.00045,6157.127,1722.988,0,0.9531739,0.9932104,-0.04003655,-0.06681374,199.016,20.38509,39691.59,310854.2,6957.866,12641.47,99.04626,99.04626,59.66036,78.54546,10.00008,20.00007,13798.08,12641.47
0.9645824,-0.9926371,78.54707,-0.005661899,12641.47,12.25,10.00045,6157.127,1722.786,0,0.9531727,0.9926371,-0.03946437,-0.06638192,199.0164,20.38284,39700.02,310846.6,6957.826,12641.47,99.04626,99.04626,59.66036,78.54546,10.00008,20.00007,13798.08,12641.47
0.9645518,-0.9923521,78.54707,-0.005661581,12641.47,12.25,10.00045,6157.127,1722.685,0,0.9531721,0.9923521,-0.03918,-0.0661683,199.0166,20.38169,39704.23,310842.8,6957.806,12641.47,99.04626,99.04626,59.66036,78.54546,10.00008,20.00007,13798.08,12641.47
0.9644904,-0.9917859,78.54707,-0.005660936,12641.47,12.25,10.00045,6157.127,1722.484,0,0.9531709,0.9917859,-0.038615,-0.06574566,199.017,20.37937,39712.65,310835.1,6957.767,12641.47,99.04626,99.04626,59.66036,78.54546,10.00008,20.00007,13798.08,12641.47
0.9644596,-0.9915048,78.54707,-0.005660608,12641.47,12.25,10.00045,6157.127,1722.384,0,0.9531703,0.9915048,-0.03833451,-0.06553661,199.0172,20.37819,39716.86,310831.3,6957.747,12641.47,99.04626,99.04626,59.66036,78.54546,10.00008,20.00007,13798.08,12641.47
0.964398,-0.9909469,78.54707,-0.005659945,12641.47,12.25,10.00045,6157.127,1722.184,0,0.953169,0.9909469,-0.03777782,-0.06512303,199.0177,20.3758,39725.27,310823.7,6957.708,12641.47,99.04626,99.04626,59.66036,78.54546,10.00008,20.00007,13798.08,12641.47
0.9643671,-0.9906701,78.54707,-0.00565961,12641.47,12.25,10.00045,6157.127,1722.085,0,0.9531685,0.9906701,-0.03750171,-0.06491849,199.0179,20.37459,39729.48,310819.8,6957.688,12641.47,99.04626,99.04626,59.66036,78.54546,10.00008,20.00007,13798.08,12641.47
0.9643778,-0.990095,78.54707,-0.005658932,12641.47,12.25,10.00045,6157.127,1721.889,0,0.9532675,0.990095,-0.0368275,-0.06458081,199.0182,20.37215,39736.38,310812.8,6957.689,12641.47,99.04626,99.04626,59.66036,78.54546,10.00008,20.00007,13798.08,12641.47
0.9641924,-0.9905293,78.54707,-0.005658579,12641.48,12.25,10.00045,6157.129,1721.806,0,0.9531026,0.9905293,-0.03742663,-0.06437927,199.0184,20.37089,39617.71,310809.2,6957.667,12641.48,99.04626,99.04626,59.66036,78.54546,10.00008,20.00007,13798.08,12641.48
0.9642115,-0.9897524,78.54707,-0.005657332,12641.48,12.25,10.00045,6157.129,1721.621,0,0.9531636,0.9897524,-0.03658882,-0.06397931,199.0188,20.3664,39626.14,310924.5,6957.627,12641.48,99.04626,99.04626,59.66036,78.54546,10.00008,20.00007,13798.08,12641.48
0.9641726,-0.9891874,78.54707,-0.005656181,12641.48,12.25,10.00045,6157.129,1721.43,0,0.9531641,0.9891874,-0.03602324,-0.06358483,199.0192,20.36225,39634.55,310916.9,6957.586,12641.48,99.04626,99.04626,59.66036,78.54546,10.00008,20.00007,13798.08,12641.48
0.9641518,-0.9888926,78.54707,-0.005655644,12641.48,12.25,10.00045,6157.129,1721.333,0,0.9531637,0.9888926,-0.03572882,-0.06338979,199.0194,20.36032,39638.76,310913.1,6957.566,12641.48,99.04626,99.04626,59.66036,78.54546,10.00008,20.00007,13798.08,12641.48
0.9641079,-0.9883238,78.54707,-0.005654633,12641.48,12.25,10.00045,6157.129,1721.14,0,0.953163,0.9883238,-0.03516087,-0.06300423,199.0198,20.35668,39647.17,310905.4,6957.527,12641.48,99.04626,99.04626,59.66036,78.54546,10.00008,20.00007,13798.08,12641.48
0.9640847,-0.9880471,78.54707,-0.005654153,12641.48,12.25,10.00045,6157.129,1721.043,0,0.9531626,0.9880471,-0.03488452,-0.06281369,199.02,20.35495,39651.38,310901.6,6957.508,12641.48,99.04626,99.04626,59.66036,78.54546,10.00008,20.00007,13798.08,12641.48
0.9640365,-0.9875053,78.54707,-0.00565323,12641.48,12.25,10.00045,6157.129,1720.851,0,0.9531617,0.9875053,-0.03434363,-0.06243705,199.0203,20.35163,39659.78,310894,6957.47,12641.48,99.04626,99.04626,59.66036,78.54546,10.00008,20.00007,13798.08,12641.48
0.9639859,-0.986977,78.54707,-0.005652339,12641.48,12.25,10.00045,6157.129,1720.659,0,0.9531607,0.986977,-0.03381628,-0.06206622,199.0207,20.34842,39668.18,310886.3,6957.434,12641.48,99.04626,99.04626,59.66036,78.54546,10.00008,20.00007,13798.08,12641.48
0.9639336,-0.9864606,78.54707,-0.005651466,12641.48,12.25,10.00045,6157.129,1720.468,0,0.9531597,0.9864606,-0.03330096,-0.06170107,199.0211,20.34528,39676.57,310878.6,6957.397,12641.48,99.04626,99.04626,59.66036,78.54546,10.00008,20.00007,13798.08,12641.48
0.9638798,-0.9859554,78.54707,-0.005650599,12641.48,12.25,10.00045,6157.129,1720.278,0,0.9531587,0.9859554,-0.03279677,-0.06134147,199.0214,20.34216,39684.96,310871,6957.362,12641.48,99.04626,99.04626,59.66036,78.54546,10.00008,20.00007,13798.08,12641.48
0.963825,-0.9854606,78.54707,-0.005649733,12641.48,12.25,10.00045,6157.129,1720.089,0,0.9531576,0.9854606,-0.03230302,-0.0609873,199.0218,20.33904,39693.34,310863.3,6957.328,12641.48,99.04626,99.04626,59.66036,78.54546,10.00008,20.00007,13798.08,12641.48
0.9637972,-0.9852169,78.54707,-0.005649299,12641.48,12.25,10.00045,6157.129,1719.994,0,0.9531571,0.9852169,-0.0320599,-0.06081222,199.022,20.33748,39697.54,310859.4,6957.311,12641.48,99.04626,99.04626,59.66036,78.54546,10.00008,20.00008,13798.08,12641.48
0.9637412,-0.9847368,78.54707,-0.005648429,12641.48,12.25,10.00045,6157.129,1719.806,0,0.9531559,0.9847368,-0.03158086,-0.06046599,199.0223,20.33434,39705.92,310851.7,6957.277,12641.48,99.04626,99.04626,59.66036,78.54546,10.00008,20.00008,13798.08,12641.48
0.963713,-0.9845002,78.54707,-0.005647993,12641.48,12.25,10.00045,6157.129,1719.713,0,0.9531554,0.9845002,-0.03134485,-0.06029482,199.0225,20.33278,39710.11,310847.8,6957.261,12641.48,99.04626,99.04626,59.66036,78.54546,10.00008,20.00008,13798.08,12641.48
0.9636562,-0.9840339,78.54707,-0.005647119,12641.48,12.25,10.00045,6157.129,1719.526,0,0.9531543,0.9840339,-0.03087961,-0.05995629,199.0228,20.32963,39718.48,310840.1,6957.228,12641.48,99.04626,99.04626,59.66036,78.54546,10.00008,20.00008,13798.08,12641.48
0.9636277,-0.983804,78.54707,-0.00564668,12641.48,12.25,10.00045,6157.129,1719.434,0,0.9531537,0.983804,-0.0306503,-0.05978891,199.023,20.32805,39722.67,310836.3,6957.212,12641.48,99.04626,99.04626,59.66036,78.54546,10.00008,20.00008,13798.08,12641.48
0.9635705,-0.9833507,78.54707,-0.005645802,12641.48,12.25,10.00045,6157.129,1719.249,0,0.9531526,0.9833507,-0.0301981,-0.05945786,199.0233,20.32489,39731.04,310828.5,6957.181,12641.48,99.04626,99.04626,59.66036,78.54546,10.00008,20.00008,13798.08,12641.48
0.9635418,-0.9831272,78.54707,-0.005645363,12641.48,12.25,10.00045,6157.129,1719.157,0,0.9531521,0.9831272,-0.02997516,-0.05929416,199.0235,20.32331,39735.22,310824.7,6957.165,12641.48,99.04626,99.04626,59.66036,78.54546,10.00008,20.00008,13798.08,12641.48
0.9634843,-0.9826863,78.54707,-0.005644483,12641.48,12.25,10.00045,6157.131,1718.973,0,0.9531509,0.9826863,-0.02953541,-0.05897038,199.0238,20.32014,39618.21,310816.9,6957.134,12641.48,99.04626,99.04626,59.66036,78.54546,10.00008,20.00008,13798.08,12641.48
0.9633676,-0.9826943,78.54707,-0.005643046,12641.48,12.25,10.00045,6157.131,1718.806,0,0.9530905,0.9826943,-0.02960376,-0.05870357,199.0241,20.31496,39626.48,310934.1,6957.133,12641.48,99.04626,99.04626,59.66036,78.54546,10.00008,20.00008,13798.08,12641.48
0.9634072,-0.9824668,78.54707,-0.005642364,12641.48,12.25,10.00045,6157.131,1718.722,0,0.9531475,0.9824668,-0.02931931,-0.05854439,199.0242,20.31251,39630.67,310930.2,6957.116,12641.48,99.04626,99.04626,59.66036,78.54546,10.00008,20.00008,13798.08,12641.48
0.9633718,-0.9819496,78.54707,-0.005641084,12641.48,12.25,10.00045,6157.131,1718.547,0,0.9531481,0.9819496,-0.02880152,-0.05822903,199.0246,20.3079,39639.04,310922.5,6957.084,12641.48,99.04626,99.04626,59.66036,78.54546,10.00008,20.00008,13798.08,12641.48
0.9633318,-0.981487,78.54707,-0.0056399,12641.48,12.25,10.00045,6157.131,1718.368,0,0.9531475,0.981487,-0.02833955,-0.05791821,199.0249,20.30364,39647.39,310914.8,6957.053,12641.48,99.04626,99.04626,59.66036,78.54546,10.00008,20.00008,13798.08,12641.48
0.9632885,-0.9810486,78.54707,-0.005638788,12641.48,12.25,10.00045,6157.131,1718.189,0,0.9531467,0.9810486,-0.02790193,-0.05761207,199.0252,20.29964,39655.75,310907,6957.022,12641.48,99.04626,99.04626,59.66036,78.54546,10.00008,20.00008,13798.08,12641.48
0.9632659,-0.9808356,78.54707,-0.005638252,12641.48,12.25,10.00045,6157.131,1718.1,0,0.9531463,0.9808356,-0.02768925,-0.05746073,199.0253,20.29771,39659.93,310903.1,6957.008,12641.48,99.04626,99.04626,59.66036,78.54546,10.00008,20.00008,13798.08,12641.48
0.9632189,-0.980419,78.54707,-0.005637207,12641.48,12.25,10.00045,6157.131,1717.921,0,0.9531454,0.980419,-0.02727355,-0.0571615,199.0256,20.29394,39668.27,310895.4,6956.979,12641.48,99.04626,99.04626,59.66036,78.54546,10.00008,20.00008,13798.08,12641.48
0.9631946,-0.980215,78.54707,-0.005636693,12641.48,12.25,10.00045,6157.131,1717.832,0,0.953145,0.980215,-0.02706999,-0.05701356,199.0258,20.2921,39672.45,310891.5,6956.964,12641.48,99.04626,99.04626,59.66036,78.54546,10.00008,20.00008,13798.08,12641.48
0.9631449,-0.9798146,78.54707,-0.005635678,12641.48,12.25,10.00045,6157.131,1717.655,0,0.953144,0.9798146,-0.02667056,-0.05672098,199.0261,20.28844,39680.79,310883.7,6956.937,12641.48,99.04626,99.04626,59.66036,78.54546,10.00008,20.00008,13798.08,12641.48
0.9631195,-0.979618,78.54707,-0.005635174,12641.48,12.25,10.00045,6157.131,1717.567,0,0.9531435,0.979618,-0.02647445,-0.05657632,199.0262,20.28663,39684.96,310879.8,6956.923,12641.48,99.04626,99.04626,59.66036,78.54546,10.00008,20.00008,13798.08,12641.48
0.9630679,-0.9792315,78.54707,-0.005634171,12641.48,12.25,10.00045,6157.131,1717.391,0,0.9531425,0.9792315,-0.02608897,-0.05629017,199.0265,20.28302,39693.3,310872,6956.896,12641.48,99.04626,99.04626,59.66036,78.54546,10.00008,20.00008,13798.08,12641.48
0.9630154,-0.9788535,78.54707,-0.005633172,12641.48,12.25,10.00045,6157.131,1717.215,0,0.9531415,0.9788535,-0.02571197,-0.05600818,199.0268,20.27942,39701.63,310864.2,6956.87,12641.48,99.04626,99.04626,59.66036,78.54546,10.00008,20.00008,13798.08,12641.48
0.9629622,-0.9784834,78.54707,-0.005632175,12641.48,12.25,10.00045,6157.131,1717.041,0,0.9531405,0.9784834,-0.02534295,-0.05573025,199.0271,20.27583,39709.96,310856.4,6956.844,12641.48,99.04626,99.04626,59.66036,78.54546,10.00008,20.00008,13798.08,12641.48
0.9629084,-0.9781209,78.54707,-0.00563118,12641.48,12.25,10.00045,6157.131,1716.868,0,0.9531394,0.9781209,-0.02498148,-0.05545631,199.0273,20.27225,39718.29,310848.6,6956.818,12641.48,99.04626,99.04626,59.66036,78.54546,10.00008,20.00008,13798.08,12641.48
0.9628544,-0.9777656,78.54707,-0.005630185,12641.48,12.25,10.00045,6157.131,1716.695,0,0.9531384,0.9777656,-0.0246272,-0.05518626,199.0276,20.26867,39726.61,310840.7,6956.794,12641.48,99.04626,99.04626,59.66036,78.54546,10.00008,20.00008,13798.08,12641.48
0.9628272,-0.9775905,78.54707,-0.005629689,12641.48,12.25,10.00045,6157.131,1716.609,0,0.9531378,0.9775905,-0.02445266,-0.05505267,199.0277,20.26688,39730.77,310836.8,6956.782,12641.48,99.04626,99.04626,59.66036,78.54546,10.00008,20.00008,13798.08,12641.48
0.9627728,-0.9772453,78.54707,-0.005628699,12641.48,12.25,10.00045,6157.131,1716.438,0,0.9531367,0.9772453,-0.02410861,-0.05478832,199.028,20.26332,39739.09,310829,6956.757,12641.48,99.04626,99.04626,59.66036,78.54546,10.00008,20.00008,13798.08,12641.48
0.9627242,-0.9769067,78.54707,-0.005627431,12641.49,12.25,10.00045,6157.133,1716.268,0,0.9531357,0.9769067,-0.02377103,-0.05452767,199.0282,20.25875,39625.12,310943.4,6956.733,12641.49,99.04626,99.04626,59.66036,78.54546,10.00008,20.00008,13798.08,12641.49
0.9626871,-0.9765752,78.54707,-0.005625946,12641.49,12.25,10.00045,6157.133,1716.099,0,0.9531347,0.9765752,-0.02344047,-0.05427084,199.0285,20.25341,39632.06,310939.6,6956.713,12641.49,99.04626,99.04626,59.66036,78.54546,10.00008,20.00008,13798.08,12641.49
0.9625828,-0.9766099,78.54707,-0.005624576,12641.49,12.25,10.00045,6157.133,1715.944,0,0.9530792,0.9766099,-0.02353063,-0.05405894,199.0287,20.24847,39640.3,310928.8,6956.71,12641.49,99.04626,99.04626,59.66036,78.54546,10.00008,20.00008,13798.08,12641.49
0.9625994,-0.9761984,78.54707,-0.005623304,12641.49,12.25,10.00045,6157.133,1715.787,0,0.9531317,0.9761984,-0.02306669,-0.05380677,199.029,20.24389,39648.61,310920.9,6956.685,12641.49,99.04626,99.04626,59.66036,78.54546,10.00008,20.00008,13798.08,12641.49
0.9625605,-0.975841,78.54707,-0.005622108,12641.49,12.25,10.00045,6157.133,1715.623,0,0.9531322,0.975841,-0.02270887,-0.05355782,199.0292,20.23959,39656.92,310913.1,6956.662,12641.49,99.04626,99.04626,59.66036,78.54546,10.00008,20.00008,13798.08,12641.49
0.9625177,-0.9755069,78.54707,-0.005620964,12641.49,12.25,10.00045,6157.133,1715.457,0,0.9531314,0.9755069,-0.02237544,-0.05331235,199.0295,20.23547,39665.22,310905.3,6956.639,12641.49,99.04626,99.04626,59.66036,78.54546,10.00008,20.00008,13798.08,12641.49
0.9624727,-0.9751859,78.54707,-0.005619853,12641.49,12.25,10.00045,6157.133,1715.292,0,0.9531306,0.9751859,-0.02205528,-0.05307036,199.0297,20.23147,39673.52,310897.4,6956.616,12641.49,99.04626,99.04626,59.66036,78.54546,10.00008,20.00008,13798.08,12641.49
0.9624259,-0.9748744,78.54707,-0.005618763,12641.49,12.25,10.00045,6157.133,1715.127,0,0.9531297,0.9748744,-0.02174468,-0.0528318,199.03,20.22755,39681.82,310889.6,6956.595,12641.49,99.04626,99.04626,59.66036,78.54546,10.00008,20.00008,13798.08,12641.49
0.9623778,-0.9745708,78.54707,-0.005617685,12641.49,12.25,10.00045,6157.133,1714.963,0,0.9531288,0.9745708,-0.02144202,-0.05259657,199.0302,20.22367,39690.11,310881.7,6956.574,12641.49,99.04626,99.04626,59.66036,78.54546,10.00008,20.00008,13798.08,12641.49
0.9623286,-0.9742743,78.54707,-0.005616615,12641.49,12.25,10.00045,6157.133,1714.8,0,0.9531279,0.9742743,-0.02114644,-0.05236461,199.0304,20.21981,39698.4,310873.8,6956.553,12641.49,99.04626,99.04626,59.66036,78.54546,10.00008,20.00008,13798.08,12641.49
0.9622787,-0.9739842,78.54707,-0.005615551,12641.49,12.25,10.00045,6157.133,1714.637,0,0.9531268,0.9739842,-0.02085734,-0.05213585,199.0306,20.21598,39706.68,310865.9,6956.533,12641.49,99.04626,99.04626,59.66036,78.54546,10.00008,20.00008,13798.08,12641.49
0.9622281,-0.9737002,78.54707,-0.005614492,12641.49,12.25,10.00045,6157.133,1714.476,0,0.9531259,0.9737002,-0.0205743,-0.0519102,199.0309,20.21217,39714.97,310858,6956.513,12641.49,99.04626,99.04626,59.66036,78.54546,10.00008,20.00008,13798.08,12641.49
0.962177,-0.9734219,78.54707,-0.005613436,12641.49,12.25,10.00045,6157.133,1714.315,0,0.9531249,0.9734219,-0.02029697,-0.0516876,199.0311,20.20837,39723.25,310850.2,6956.494,12641.49,99.04626,99.04626,59.66036,78.54546,10.00008,20.00008,13798.08,12641.49
0.9621514,-0.9732847,78.54707,-0.005612911,12641.49,12.25,10.00045,6157.133,1714.235,0,0.9531244,0.9732847,-0.02016034,-0.05157743,199.0312,20.20648,39727.39,310846.2,6956.484,12641.49,99.04626,99.04626,59.66036,78.54546,10.00008,20.00008,13798.08,12641.49
0.9621,-0.9730144,78.54707,-0.005611863,12641.49,12.25,10.00045,6157.133,1714.075,0,0.9531234,0.9730144,-0.01989102,-0.0513593,199.0314,20.20271,39735.66,310838.3,6956.465,12641.49,99.04626,99.04626,59.66036,78.54546,10.00008,20.00008,13798.08,12641.49
0.9620484,-0.9727491,78.54707,-0.00561082,12641.49,12.25,10.00045,6157.136,1713.917,0,0.9531223,0.9727491,-0.01962675,-0.05114407,199.0316,20.19895,39622.01,310830.4,6956.447,12641.49,99.04626,99.04626,59.66036,78.54546,10.00008,20.00008,13798.08,12641.49
0.9620109,-0.9724309,78.54707,-0.005609248,12641.49,12.25,10.00045,6157.136,1713.759,0,0.9531213,0.9724309,-0.01930959,-0.0509318,199.0318,20.19329,39630.28,310944.4,6956.431,12641.49,99.04626,99.04626,59.66036,78.54546,10.00008,20.00008,13798.08,12641.49
0.9619939,-0.972361,78.54707,-0.005608501,12641.49,12.25,10.00045,6157.136,1713.681,0,0.9531209,0.972361,-0.01924012,-0.05082674,199.032,20.1906,39634.41,310940.4,6956.422,12641.49,99.04626,99.04626,59.66036,78.54546,10.00008,20.00008,13798.08,12641.49
0.9619592,-0.9721075,78.54707,-0.00560709,12641.49,12.25,10.00045,6157.136,1713.524,0,0.9531202,0.9721075,-0.01898728,-0.05061861,199.0322,20.18552,39641.31,310932.5,6956.405,12641.49,99.04626,99.04626,59.66036,78.54546,10.00008,20.00008,13798.08,12641.49
0.9618598,-0.972126,78.54707,-0.005605773,12641.49,12.25,10.00045,6157.136,1713.381,0,0.9530689,0.972126,-0.01905712,-0.05044683,199.0323,20.18078,39649.52,310925.8,6956.402,12641.49,99.04626,99.04626,59.66036,78.54546,10.00008,20.00008,13798.08,12641.49
0.9618726,-0.9718177,78.54707,-0.005604533,12641.49,12.25,10.00045,6157.136,1713.236,0,0.9531174,0.9718177,-0.01870022,-0.05024233,199.0325,20.17632,39657.79,310917.9,6956.383,12641.49,99.04626,99.04626,59.66036,78.54546,10.00008,20.00008,13798.08,12641.49
0.9618341,-0.9715482,78.54707,-0.005603347,12641.49,12.25,10.00045,6157.136,1713.084,0,0.9531178,0.9715482,-0.0184304,-0.05004029,199.0327,20.17205,39666.05,310910,6956.365,12641.49,99.04626,99.04626,59.66036,78.54546,10.00008,20.00008,13798.08,12641.49
0.9617924,-0.9712955,78.54707,-0.005602199,12641.49,12.25,10.00045,6157.136,1712.931,0,0.9531171,0.9712955,-0.01817846,-0.04984087,199.0329,20.16792,39674.3,310902.1,6956.348,12641.49,99.04626,99.04626,59.66036,78.54546,10.00008,20.00008,13798.08,12641.49
0.9617488,-0.9710523,78.54707,-0.005601074,12641.49,12.25,10.00045,6157.136,1712.778,0,0.9531162,0.9710523,-0.01793609,-0.0496441,199.0331,20.16387,39682.56,310894.1,6956.331,12641.49,99.04626,99.04626,59.66036,78.54546,10.00008,20.00008,13798.08,12641.49
0.9617038,-0.970816,78.54707,-0.005599963,12641.49,12.25,10.00045,6157.136,1712.625,0,0.9531154,0.970816,-0.01770059,-0.04944992,199.0333,20.15987,39690.81,310886.2,6956.314,12641.49,99.04626,99.04626,59.66036,78.54546,10.00008,20.00008,13798.08,12641.49
0.9616576,-0.9705853,78.54707,-0.005598864,12641.49,12.25,10.00045,6157.136,1712.474,0,0.9531145,0.9705853,-0.01747076,-0.04925828,199.0335,20.15591,39699.05,310878.3,6956.298,12641.49,99.04626,99.04626,59.66036,78.54546,10.00008,20.00008,13798.08,12641.49
0.9616106,-0.9703596,78.54707,-0.005597772,12641.49,12.25,10.00045,6157.136,1712.323,0,0.9531136,0.9703596,-0.01724599,-0.04906911,199.0337,20.15198,39707.3,310870.3,6956.283,12641.49,99.04626,99.04626,59.66036,78.54546,10.00008,20.00008,13798.08,12641.49
0.961563,-0.9701385,78.54707,-0.005596687,12641.49,12.25,10.00045,6157.136,1712.173,0,0.9531127,0.9701385,-0.01702584,-0.04888238,199.0339,20.14807,39715.54,310862.4,6956.267,12641.49,99.04626,99.04626,59.66036,78.54546,10.00008,20.00008,13798.08,12641.49
0.9615149,-0.9699217,78.54707,-0.005595609,12641.49,12.25,10.00045,6157.136,1712.024,0,0.9531117,0.9699217,-0.01681001,-0.04869802,199.0341,20.14419,39723.78,310854.5,6956.252,12641.49,99.04626,99.04626,59.66036,78.54546,10.00008,20.00008,13798.08,12641.49
0.9614907,-0.9698149,78.54707,-0.005595072,12641.49,12.25,10.00045,6157.136,1711.949,0,0.9531112,0.9698149,-0.01670363,-0.04860671,199.0342,20.14226,39727.9,310850.5,6956.245,12641.49,99.04626,99.04626,59.66036,78.54546,10.00008,20.00008,13798.08,12641.49
0.9614421,-0.9696041,78.54707,-0.005594003,12641.49,12.25,10.00045,6157.136,1711.802,0,0.9531103,0.9696041,-0.01649382,-0.04842583,199.0343,20.13841,39736.13,310842.6,6956.23,12641.49,99.04626,99.04626,59.66036,78.54546,10.00008,20.00008,13798.08,12641.49
0.9613934,-0.9693971,78.54707,-0.005592942,12641.49,12.25,10.00045,6157.136,1711.654,0,0.9531093,0.9693971,-0.01628777,-0.04824721,199.0345,20.13459,39744.37,310834.6,6956.215,12641.49,99.04626,99.04626,59.66036,78.54546,10.00008,20.00008,13798.08,12641.49
0.9613507,-0.9691937,78.54707,-0.005591603,12641.5,12.25,10.00045,6157.138,1711.508,0,0.9531084,0.9691937,-0.01608534,-0.04807082,199.0347,20.12977,39626.96,310952.3,6956.201,12641.5,99.04626,99.04626,59.66036,78.54546,10.00008,20.00008,13798.08,12641.5
0.9613348,-0.9690338,78.54707,-0.005590816,12641.5,12.25,10.00045,6157.138,1711.435,0,0.9531079,0.9690338,-0.01592594,-0.04798355,199.0348,20.12694,39631.07,310948.3,6956.197,12641.5,99.04626,99.04626,59.66036,78.54546,10.00008,20.00008,13798.08,12641.5
0.9613042,-0.9688951,78.54707,-0.005589328,12641.5,12.25,10.00045,6157.138,1711.29,0,0.9531072,0.9688951,-0.01578787,-0.04781053,199.035,20.12158,39639.3,310940.4,6956.183,12641.5,99.04626,99.04626,59.66036,78.54546,10.00008,20.00008,13798.08,12641.5
0.9613096,-0.9685999,78.54707,-0.005587302,12641.5,12.25,10.00045,6157.138,1711.074,0,0.9531795,0.9685999,-0.01542037,-0.04758301,199.0352,20.11429,39650.23,310929.6,6956.175,12641.5,99.04626,99.04626,59.66036,78.54546,10.00008,20.00008,13798.08,12641.5
0.9612072,-0.9685916,78.54707,-0.005586047,12641.5,12.25,10.00045,6157.138,1710.948,0,0.9531041,0.9685916,-0.01548749,-0.04741409,199.0354,20.10977,39658.45,310921.7,6956.16,12641.5,99.04626,99.04626,59.66036,78.54546,10.00008,20.00008,13798.08,12641.5
0.9611723,-0.9683717,78.54707,-0.005584854,12641.5,12.25,10.00045,6157.138,1710.809,0,0.9531046,0.9683717,-0.01526713,-0.04724685,199.0355,20.10547,39666.67,310913.8,6956.146,12641.5,99.04626,99.04626,59.66036,78.54546,10.00008,20.00008,13798.08,12641.5
0.9611139,-0.9680791,78.54707,-0.005583134,12641.5,12.25,10.00045,6157.138,1710.597,0,0.9531036,0.9680791,-0.0149755,-0.04699971,199.0358,20.09928,39679,310901.8,6956.126,12641.5,99.04626,99.04626,59.66036,78.54546,10.00008,20.00008,13798.08,12641.5
0.9610726,-0.9678936,78.54707,-0.005582016,12641.5,12.25,10.00045,6157.138,1710.456,0,0.9531028,0.9678936,-0.01479078,-0.04683747,199.0359,20.09526,39687.21,310893.9,6956.113,12641.5,99.04626,99.04626,59.66036,78.54546,10.00008,20.00008,13798.08,12641.5
0.9610301,-0.967713,78.54707,-0.005580911,12641.5,12.25,10.00045,6157.138,1710.315,0,0.953102,0.967713,-0.01461098,-0.0466772,199.0361,20.09128,39695.41,310885.9,6956.101,12641.5,99.04626,99.04626,59.66036,78.54546,10.00008,20.00008,13798.08,12641.5
0.9609865,-0.9675364,78.54707,-0.005579818,12641.5,12.25,10.00045,6157.138,1710.175,0,0.9531012,0.9675364,-0.01443522,-0.04651887,199.0363,20.08734,39703.62,310878,6956.088,12641.5,99.04626,99.04626,59.66036,78.54546,10.00008,20.00008,13798.08,12641.5
0.9609421,-0.9673633,78.54707,-0.005578733,12641.5,12.25,10.00045,6157.138,1710.036,0,0.9531003,0.9673633,-0.01426303,-0.04636244,199.0364,20.08344,39711.82,310870,6956.077,12641.5,99.04626,99.04626,59.66036,78.54546,10.00008,20.00008,13798.08,12641.5
0.9608972,-0.9671935,78.54707,-0.005577656,12641.5,12.25,10.00045,6157.138,1709.898,0,0.9530994,0.9671935,-0.01409409,-0.04620786,199.0366,20.07956,39720.03,310862,6956.064,12641.5,99.04626,99.04626,59.66036,78.54546,10.00008,20.00008,13798.08,12641.5
0.9608291,-0.9669444,78.54707,-0.005576055,12641.5,12.25,10.00045,6157.138,1709.692,0,0.9530981,0.9669444,-0.0138463,-0.04597942,199.0368,20.0738,39732.32,310850.1,6956.047,12641.5,99.04626,99.04626,59.66036,78.54546,10.00008,20.00008,13798.08,12641.5
0.9607833,-0.9667818,78.54707,-0.005574997,12641.5,12.25,10.00045,6157.138,1709.555,0,0.9530972,0.9667818,-0.0136846,-0.04582935,199.037,20.06999,39740.52,310842.1,6956.036,12641.5,99.04626,99.04626,59.66036,78.54546,10.00008,20.00008,13798.08,12641.5
0.9607374,-0.9666218,78.54707,-0.005573948,12641.5,12.25,10.00045,6157.14,1709.419,0,0.9530963,0.9666218,-0.01352554,-0.04568102,199.0371,20.06622,39623.49,310834.1,6956.025,12641.5,99.04626,99.04626,59.66036,78.54546,10.00008,20.00008,13798.08,12641.5
0.960706,-0.9664051,78.54707,-0.005572362,12641.5,12.25,10.00045,6157.14,1709.284,0,0.9530954,0.9664051,-0.01330973,-0.04553452,199.0372,20.0605,39631.68,310951.4,6956.016,12641.5,99.04626,99.04626,59.66036,78.54546,10.00008,20.00008,13798.08,12641.5
0.9606783,-0.9663094,78.54707,-0.005570886,12641.5,12.25,10.00045,6157.14,1709.15,0,0.9530947,0.9663094,-0.01321465,-0.04538972,199.0374,20.05519,39639.87,310943.4,6956.006,12641.5,99.04626,99.04626,59.66036,78.54546,10.00008,20.00008,13798.08,12641.5
0.9606485,-0.9661595,78.54707,-0.005569524,12641.5,12.25,10.00045,6157.14,1709.016,0,0.9530942,0.9661595,-0.01306527,-0.0452465,199.0375,20.05029,39648.05,310935.4,6955.995,12641.5,99.04626,99.04626,59.66036,78.54546,10.00008,20.00008,13798.08,12641.5
0.9605455,-0.9660845,78.54707,-0.005567641,12641.5,12.25,10.00045,6157.14,1708.828,0,0.9530501,0.9660845,-0.01303439,-0.04505781,199.0377,20.0435,39658.94,310924.7,6955.988,12641.5,99.04626,99.04626,59.66036,78.54546,10.00008,20.00008,13798.08,12641.5
0.9605545,-0.965907,78.54707,-0.00556646,12641.5,12.25,10.00045,6157.14,1708.703,0,0.9530914,0.965907,-0.01281559,-0.0449176,199.0379,20.03925,39667.12,310916.7,6955.977,12641.5,99.04626,99.04626,59.66036,78.54546,10.00008,20.00008,13798.08,12641.5
0.9605199,-0.9657501,78.54707,-0.005565319,12641.5,12.25,10.00045,6157.14,1708.574,0,0.9530917,0.9657501,-0.01265842,-0.04477884,199.038,20.03515,39675.3,310908.8,6955.966,12641.5,99.04626,99.04626,59.66036,78.54546,10.00008,20.00008,13798.08,12641.5
0.9604824,-0.9656022,78.54707,-0.005564206,12641.5,12.25,10.00045,6157.14,1708.443,0,0.953091,0.9656022,-0.01251114,-0.04464163,199.0381,20.03114,39683.48,310900.8,6955.957,12641.5,99.04626,99.04626,59.66036,78.54546,10.00008,20.00008,13798.08,12641.5
0.9604234,-0.965389,78.54707,-0.005562569,12641.5,12.25,10.00045,6157.14,1708.248,0,0.95309,0.965389,-0.01229909,-0.0444387,199.0383,20.02525,39695.73,310888.8,6955.941,12641.5,99.04626,99.04626,59.66036,78.54546,10.00008,20.00008,13798.08,12641.5
0.9603826,-0.9652509,78.54707,-0.005561492,12641.5,12.25,10.00045,6157.14,1708.119,0,0.9530891,0.9652509,-0.01216178,-0.04430532,199.0385,20.02137,39703.91,310880.8,6955.932,12641.5,99.04626,99.04626,59.66036,78.54546,10.00008,20.00008,13798.08,12641.5
0.9603411,-0.9651154,78.54707,-0.005560425,12641.5,12.25,10.00045,6157.14,1707.99,0,0.9530883,0.9651154,-0.01202712,-0.04417342,199.0386,20.01753,39712.07,310872.9,6955.922,12641.5,99.04626,99.04626,59.66036,78.54546,10.00008,20.00008,13798.08,12641.5
0.9602777,-0.9649166,78.54707,-0.005558842,12641.5,12.25,10.00045,6157.14,1707.798,0,0.9530871,0.9649166,-0.01182947,-0.04397829,199.0388,20.01183,39724.32,310860.9,6955.909,12641.5,99.04626,99.04626,59.66036,78.54546,10.00008,20.00008,13798.08,12641.5
0.960235,-0.9647866,78.54707,-0.005557797,12641.5,12.25,10.00045,6157.14,1707.671,0,0.9530863,0.9647866,-0.01170035,-0.04384997,199.0389,20.00807,39732.48,310852.9,6955.899,12641.5,99.04626,99.04626,59.66036,78.54546,10.00008,20.00008,13798.08,12641.5
0.960192,-0.9646586,78.54707,-0.005556761,12641.5,12.25,10.00045,6157.14,1707.545,0,0.9530854,0.9646586,-0.0115732,-0.04372306,199.0391,20.00434,39740.64,310844.9,6955.891,12641.5,99.04626,99.04626,59.66036,78.54546,10.00008,20.00008,13798.08,12641.5
0.9601489,-0.9645325,78.54707,-0.005555735,12641.51,12.25,10.00045,6157.143,1707.419,0,0.9530846,0.9645325,-0.01144791,-0.04359752,199.0392,20.00064,39623.99,310836.9,6955.882,12641.51,99.04626,99.04626,59.66036,78.54546,10.00008,20.00008,13798.08,12641.51
0.9601205,-0.964349,78.54707,-0.005554175,12641.51,12.25,10.00045,6157.143,1707.295,0,0.9530837,0.964349,-0.01126533,-0.04347343,199.0393,19.99503,39632.2,310954.1,6955.86,12641.51,99.04626,99.04626,59.66036,78.54546,10.00008,20.00008,13798.08,12641.51
0.960097,-0.9637963,78.54707,-0.005552727,12641.51,12.25,10.00045,6157.143,1707.17,0,0.9530832,0.9637963,-0.01071312,-0.04335236,199.0394,19.98982,39640.45,310946.5,6955.826,12641.51,99.04626,99.04626,59.66036,78.54546,10.00008,20.00008,13798.08,12641.51
0.9600726,-0.9633201,78.54707,-0.005551393,12641.51,12.25,10.00045,6157.143,1707.047,0,0.9530827,0.9633201,-0.01023741,-0.04323571,199.0396,19.98502,39648.67,310938.9,6955.795,12641.51,99.04626,99.04626,59.66036,78.54546,10.00008,20.00008,13798.08,12641.51
0.9600461,-0.9629193,78.54707,-0.005550153,12641.51,12.25,10.00045,6157.143,1706.924,0,0.9530822,0.9629193,-0.009837111,-0.04312361,199.0397,19.98055,39655.54,310931.2,6955.769,12641.51,99.04626,99.04626,59.66036,78.54546,10.00008,20.00008,13798.08,12641.51
0.9599943,-0.9624712,78.54707,-0.005548408,12641.51,12.25,10.00045,6157.143,1706.755,0,0.9530802,0.9624712,-0.009391078,-0.04298067,199.0398,19.97427,39667.82,310920.9,6955.738,12641.51,99.04626,99.04626,59.66036,78.54546,10.00008,20.00008,13798.08,12641.51
0.9599667,-0.9621668,78.54707,-0.0055473,12641.51,12.25,10.00045,6157.143,1706.637,0,0.9530805,0.9621668,-0.009086272,-0.04287781,199.0399,19.97028,39676.01,310913.1,6955.717,12641.51,99.04626,99.04626,59.66036,78.54546,10.00008,20.00008,13798.08,12641.51
0.959936,-0.961901,78.54707,-0.00554622,12641.51,12.25,10.00045,6157.143,1706.516,0,0.9530801,0.961901,-0.008820926,-0.04277822,199.04,19.96639,39684.19,310905.3,6955.699,12641.51,99.04626,99.04626,59.66036,78.54546,10.00008,20.00008,13798.08,12641.51
0.9599035,-0.9616641,78.54707,-0.00554516,12641.51,12.25,10.00045,6157.143,1706.395,0,0.9530795,0.9616641,-0.008584619,-0.04268157,199.0401,19.96258,39692.36,310897.4,6955.683,12641.51,99.04626,99.04626,59.66036,78.54546,10.00008,20.00008,13798.08,12641.51
0.959852,-0.9613541,78.54707,-0.005543596,12641.51,12.25,10.00045,6157.143,1706.215,0,0.9530785,0.9613541,-0.008275587,-0.04254145,199.0402,19.95695,39704.6,310885.6,6955.662,12641.51,99.04626,99.04626,59.66036,78.54546,10.00008,20.00008,13798.08,12641.51
0.9598162,-0.9611731,78.54707,-0.005542567,12641.51,12.25,10.00045,6157.143,1706.096,0,0.9530779,0.9611731,-0.00809524,-0.04245087,199.0403,19.95324,39712.75,310877.7,6955.649,12641.51,99.04626,99.04626,59.66036,78.54546,10.00008,20.00008,13798.08,12641.51
0.9597607,-0.9609336,78.54707,-0.005541044,12641.51,12.25,10.00045,6157.143,1705.917,0,0.9530768,0.9609336,-0.007856784,-0.04231871,199.0405,19.94776,39724.97,310865.8,6955.633,12641.51,99.04626,99.04626,59.66036,78.54546,10.00008,20.00008,13798.08,12641.51
0.9597228,-0.9607921,78.54707,-0.005540039,12641.51,12.25,10.00045,6157.143,1705.799,0,0.953076,0.9607921,-0.007716056,-0.04223279,199.0405,19.94414,39733.11,310857.9,6955.623,12641.51,99.04626,99.04626,59.66036,78.54546,10.00008,20.00008,13798.08,12641.51
0.9596843,-0.9606631,78.54707,-0.005539045,12641.51,12.25,10.00045,6157.143,1705.682,0,0.9530753,0.9606631,-0.007587782,-0.04214844,199.0406,19.94056,39741.24,310849.9,6955.614,12641.51,99.04626,99.04626,59.66036,78.54546,10.00008,20.00008,13798.08,12641.51
0.9596452,-0.9605449,78.54707,-0.005538062,12641.51,12.25,10.00045,6157.145,1705.565,0,0.9530745,0.9605449,-0.007470394,-0.04206552,199.0407,19.93702,39624.96,310841.9,6955.606,12641.51,99.04626,99.04626,59.66036,78.54546,10.00008,20.00008,13798.08,12641.51
0.9596205,-0.9603773,78.54707,-0.005536539,12641.51,12.25,10.00045,6157.145,1705.449,0,0.9530737,0.9603773,-0.007303627,-0.041984,199.0408,19.93154,39633.09,310962.3,6955.601,12641.51,99.04626,99.04626,59.66036,78.54546,10.00008,20.00008,13798.08,12641.51
0.9595876,-0.9602895,78.54707,-0.00553448,12641.51,12.25,10.00045,6157.145,1705.276,0,0.953073,0.9602895,-0.007216464,-0.04186392,199.0409,19.92413,39645.27,310946.4,6955.591,12641.51,99.04626,99.04626,59.66036,78.54546,10.00008,20.00008,13798.08,12641.51
0.9595622,-0.960204,78.54707,-0.005533242,12641.51,12.25,10.00045,6157.145,1705.161,0,0.9530726,0.960204,-0.007131444,-0.04178512,199.041,19.91967,39653.38,310938.4,6955.585,12641.51,99.04626,99.04626,59.66036,78.54546,10.00008,20.00008,13798.08,12641.51
0.959562,-0.9600861,78.54707,-0.005531526,12641.51,12.25,10.00045,6157.145,1704.991,0,0.9531298,0.9600861,-0.006956299,-0.04168149,199.0411,19.91349,39664.2,310927.7,6955.578,12641.51,99.04626,99.04626,59.66036,78.54546,10.00008,20.00008,13798.08,12641.51
0.9594785,-0.9600359,78.54707,-0.005530437,12641.51,12.25,10.00045,6157.145,1704.89,0,0.95307,0.9600359,-0.006965859,-0.04160475,199.0412,19.90957,39672.3,310919.7,6955.573,12641.51,99.04626,99.04626,59.66036,78.54546,10.00008,20.00008,13798.08,12641.51
0.9594322,-0.959933,78.54707,-0.005528868,12641.51,12.25,10.00045,6157.145,1704.725,0,0.9530701,0.959933,-0.006862883,-0.04149108,199.0413,19.90392,39684.46,310907.7,6955.566,12641.51,99.04626,99.04626,59.66036,78.54546,10.00008,20.00008,13798.08,12641.51
0.9593984,-0.9598724,78.54707,-0.005527848,12641.51,12.25,10.00045,6157.145,1704.613,0,0.9530695,0.9598724,-0.006802856,-0.04141618,199.0414,19.90026,39692.57,310899.7,6955.562,12641.51,99.04626,99.04626,59.66036,78.54546,10.00008,20.00008,13798.08,12641.51
0.9593632,-0.959815,78.54707,-0.005526843,12641.51,12.25,10.00045,6157.145,1704.501,0,0.9530689,0.959815,-0.006746151,-0.04134195,199.0414,19.89663,39700.66,310891.6,6955.558,12641.51,99.04626,99.04626,59.66036,78.54546,10.00008,20.00008,13798.08,12641.51
0.9593083,-0.9597338,78.54707,-0.005525356,12641.51,12.25,10.00045,6157.145,1704.335,0,0.9530678,0.9597338,-0.006665979,-0.04123176,199.0415,19.89128,39712.81,310879.6,6955.553,12641.51,99.04626,99.04626,59.66036,78.54546,10.00008,20.00008,13798.08,12641.51
0.9592519,-0.9596571,78.54707,-0.005523893,12641.51,12.25,10.00045,6157.145,1704.17,0,0.9530667,0.9596571,-0.006590377,-0.04112288,199.0417,19.88601,39724.95,310867.6,6955.547,12641.51,99.04626,99.04626,59.66036,78.54546,10.00008,20.00008,13798.08,12641.51
0.9592136,-0.9596079,78.54707,-0.005522929,12641.51,12.25,10.00045,6157.145,1704.061,0,0.9530659,0.9596079,-0.006541973,-0.04105099,199.0417,19.88254,39733.04,310859.5,6955.544,12641.51,99.04626,99.04626,59.66036,78.54546,10.00008,20.00008,13798.08,12641.51
0.9591556,-0.9595366,78.54707,-0.005521501,12641.51,12.25,10.00045,6157.145,1703.898,0,0.9530648,0.9595366,-0.006471758,-0.04094414,199.0418,19.87741,39745.18,310847.5,6955.539,12641.51,99.04626,99.04626,59.66036,78.54546,10.00008,20.00008,13798.08,12641.51
0.9591228,-0.9594903,78.54707,-0.005520284,12641.52,12.25,10.00045,6157.147,1703.791,0,0.953064,0.9594903,-0.00642627,-0.04087354,199.0419,19.87302,39629.24,310963.5,6955.535,12641.52,99.04626,99.04626,59.66036,78.54546,10.00008,20.00008,13798.08,12641.52
0.9591014,-0.9594458,78.54707,-0.005518866,12641.52,12.25,10.00045,6157.147,1703.684,0,0.9530634,0.9594458,-0.006382435,-0.04080362,199.042,19.86792,39637.33,310955.5,6955.535,12641.52,99.04626,99.04626,59.66036,78.54546,10.00008,20.00008,13798.08,12641.52
0.9590678,-0.9593809,78.54707,-0.005516953,12641.52,12.25,10.00045,6157.147,1703.524,0,0.9530628,0.9593809,-0.006318208,-0.04069948,199.0421,19.86103,39649.45,310943.4,6955.531,12641.52,99.04626,99.04626,59.66036,78.54546,10.00008,20.00008,13798.08,12641.52
0.959042,-0.9593426,78.54707,-0.005515798,12641.52,12.25,10.00045,6157.147,1703.418,0,0.9530623,0.9593426,-0.006280328,-0.04063058,199.0421,19.85687,39657.53,310935.4,6955.528,12641.52,99.04626,99.04626,59.66036,78.54546,10.00008,20.00008,13798.08,12641.52
0.9590135,-0.9593061,78.54707,-0.005514712,12641.52,12.25,10.00045,6157.147,1703.313,0,0.9530618,0.9593061,-0.006244311,-0.04056208,199.0422,19.85296,39664.26,310927.4,6955.525,12641.52,99.04626,99.04626,59.66036,78.54546,10.00008,20.00008,13798.08,12641.52
0.9589592,-0.959262,78.54707,-0.005513157,12641.52,12.25,10.00045,6157.147,1703.168,0,0.9530599,0.959262,-0.00620218,-0.04047136,199.0423,19.84736,39676.37,310916.7,6955.522,12641.52,99.04626,99.04626,59.66036,78.54546,10.00008,20.00008,13798.08,12641.52
0.9589298,-0.959222,78.54707,-0.005512158,12641.52,12.25,10.00045,6157.147,1703.067,0,0.9530601,0.959222,-0.006161956,-0.04040378,199.0424,19.84377,39684.45,310908.7,6955.52,12641.52,99.04626,99.04626,59.66036,78.54546,10.00008,20.00008,13798.08,12641.52
0.9588979,-0.9591864,78.54707,-0.00551118,12641.52,12.25,10.00045,6157.147,1702.965,0,0.9530596,0.9591864,-0.006126889,-0.04033658,199.0424,19.84025,39692.52,310900.6,6955.517,12641.52,99.04626,99.04626,59.66036,78.54546,10.00008,20.00008,13798.08,12641.52
0.9588476,-0.959134,78.54707,-0.005509738,12641.52,12.25,10.00045,6157.147,1702.811,0,0.9530586,0.959134,-0.006075359,-0.04023649,199.0425,19.83506,39704.62,310888.6,6955.514,12641.52,99.04626,99.04626,59.66036,78.54546,10.00008,20.00008,13798.08,12641.52
0.958813,-0.9590992,78.54707,-0.005508792,12641.52,12.25,10.00045,6157.147,1702.708,0,0.9530579,0.9590992,-0.006041235,-0.04017024,199.0426,19.83165,39712.69,310880.6,6955.511,12641.52,99.04626,99.04626,59.66036,78.54546,10.00008,20.00008,13798.08,12641.52
0.9587777,-0.9590644,78.54707,-0.005507857,12641.52,12.25,10.00045,6157.147,1702.607,0,0.9530572,0.9590644,-0.006007128,-0.04010436,199.0427,19.82829,39720.75,310872.6,6955.509,12641.52,99.04626,99.04626,59.66036,78.54546,10.00008,20.00008,13798.08,12641.52
0.9587238,-0.959012,78.54707,-0.005506472,12641.52,12.25,10.00045,6157.147,1702.455,0,0.9530562,0.959012,-0.005955826,-0.04000624,199.0428,19.8233,39732.85,310860.5,6955.505,12641.52,99.04626,99.04626,59.66036,78.54546,10.00008,20.00008,13798.08,12641.52
0.9586874,-0.9589769,78.54707,-0.005505562,12641.52,12.25,10.00045,6157.147,1702.355,0,0.9530555,0.9589769,-0.005921465,-0.03994129,199.0428,19.82002,39740.91,310852.5,6955.502,12641.52,99.04626,99.04626,59.66036,78.54546,10.00008,20.00008,13798.08,12641.52
0.9586387,-0.9589241,78.54707,-0.005503939,12641.52,12.25,10.00045,6157.149,1702.206,0,0.9530544,0.9589241,-0.005869641,-0.03984458,199.0429,19.81418,39629.36,310964.2,6955.498,12641.52,99.04626,99.04626,59.66036,78.54546,10.00008,20.00008,13798.08,12641.52
0.9586196,-0.9588895,78.54707,-0.005502568,12641.52,12.25,10.00045,6157.149,1702.108,0,0.9530538,0.9588895,-0.005835668,-0.03978074,199.043,19.80924,39633.37,310956.1,6955.499,12641.52,99.04626,99.04626,59.66036,78.54546,10.00008,20.00008,13798.08,12641.52
0.9585899,-0.9588378,78.54707,-0.005500717,12641.52,12.25,10.00045,6157.149,1701.96,0,0.9530532,0.9588378,-0.005784581,-0.03968553,199.0431,19.80258,39649.5,310944.1,6955.496,12641.52,99.04626,99.04626,59.66036,78.54546,10.00008,20.00008,13798.08,12641.52
0.9585664,-0.9588073,78.54707,-0.005499609,12641.52,12.25,10.00045,6157.149,1701.863,0,0.9530528,0.9588073,-0.005754525,-0.03962246,199.0432,19.79859,39657.55,310936.1,6955.494,12641.52,99.04626,99.04626,59.66036,78.54546,10.00008,20.00008,13798.08,12641.52
0.9585403,-0.958778,78.54707,-0.005498569,12641.52,12.25,10.00045,6157.149,1701.766,0,0.9530523,0.958778,-0.00572567,-0.0395597,199.0432,19.79485,39665.6,310928.1,6955.491,12641.52,99.04626,99.04626,59.66036,78.54546,10.00008,20.00008,13798.08,12641.52
0.9584581,-0.9587401,78.54707,-0.005497087,12641.52,12.25,10.00045,6157.149,1701.629,0,0.9530202,0.9587401,-0.005719852,-0.03947652,199.0433,19.78951,39676.34,310917.4,6955.489,12641.52,99.04626,99.04626,59.66036,78.54546,10.00008,20.00008,13798.08,12641.52
0.958447,-0.9586942,78.54707,-0.005495665,12641.52,12.25,10.00045,6157.149,1701.492,0,0.9530505,0.9586942,-0.005643746,-0.03938361,199.0434,19.78439,39688.41,310905.4,6955.485,12641.52,99.04626,99.04626,59.66036,78.54546,10.00008,20.00008,13798.08,12641.52
0.958417,-0.9586641,78.54707,-0.005494739,12641.52,12.25,10.00045,6157.149,1701.397,0,0.95305,0.9586641,-0.005614102,-0.03932207,199.0435,19.78106,39696.45,310897.4,6955.483,12641.52,99.04626,99.04626,59.66036,78.54546,10.00008,20.00008,13798.08,12641.52
0.9583697,-0.958619,78.54707,-0.005493376,12641.52,12.25,10.00045,6157.149,1701.255,0,0.9530491,0.958619,-0.005569878,-0.03923036,199.0435,19.77616,39708.52,310885.4,6955.48,12641.52,99.04626,99.04626,59.66036,78.54546,10.00008,20.00008,13798.08,12641.52
0.9583372,-0.9585887,78.54707,-0.005492482,12641.52,12.25,10.00045,6157.149,1701.161,0,0.9530485,0.9585887,-0.005540193,-0.03916962,199.0436,19.77294,39716.56,310877.4,6955.478,12641.52,99.04626,99.04626,59.66036,78.54546,10.00008,20.00008,13798.08,12641.52
0.9582874,-0.9585426,78.54707,-0.005491161,12641.52,12.25,10.00045,6157.149,1701.022,0,0.9530475,0.9585426,-0.005495155,-0.03907913,199.0437,19.76818,39728.63,310865.4,6955.475,12641.52,99.04626,99.04626,59.66036,78.54546,10.00008,20.00008,13798.08,12641.52
0.9582368,-0.9584959,78.54707,-0.005489862,12641.52,12.25,10.00045,6157.149,1700.883,0,0.9530465,0.9584959,-0.005449416,-0.03898937,199.0438,19.7635,39740.68,310853.4,6955.472,12641.52,99.04626,99.04626,59.66036,78.54546,10.00008,20.00008,13798.08,12641.52
0.9581916,-0.9584485,78.54707,-0.005488312,12641.53,12.25,10.00045,6157.151,1700.746,0,0.9530455,0.9584485,-0.005402972,-0.03890036,199.0439,19.75792,39629.45,310964.7,6955.468,12641.53,99.04626,99.04626,59.66036,78.54546,10.00009,20.00008,13798.08,12641.53
0.9581749,-0.9584174,78.54707,-0.005486991,12641.53,12.25,10.00045,6157.151,1700.655,0,0.953045,0.9584174,-0.00537241,-0.03884162,199.0439,19.75317,39637.48,310956.7,6955.469,12641.53,99.04626,99.04626,59.66036,78.54546,10.00009,20.00008,13798.08,12641.53
0.9581485,-0.9583706,78.54707,-0.005485223,12641.53,12.25,10.00045,6157.151,1700.519,0,0.9530445,0.9583706,-0.005326203,-0.03875397,199.044,19.7468,39649.53,310944.7,6955.466,12641.53,99.04626,99.04626,59.66036,78.54546,10.00009,20.00008,13798.08,12641.53
0.9581274,-0.9583433,78.54707,-0.005484163,12641.53,12.25,10.00045,6157.151,1700.429,0,0.9530441,0.9583433,-0.005299228,-0.0386959,199.0441,19.74299,39657.56,310936.7,6955.464,12641.53,99.04626,99.04626,59.66036,78.54546,10.00009,20.00008,13798.08,12641.53
0.958091,-0.958304,78.54707,-0.005482694,12641.53,12.25,10.00045,6157.151,1700.295,0,0.9530435,0.958304,-0.005260626,-0.03860933,199.0442,19.7377,39669.61,310924.7,6955.461,12641.53,99.04626,99.04626,59.66036,78.54546,10.00009,20.00008,13798.08,12641.53
0.9580143,-0.95827,78.54707,-0.005481309,12641.53,12.25,10.00045,6157.151,1700.169,0,0.9530138,0.95827,-0.005256155,-0.03853291,199.0443,19.73271,39680.3,310914.1,6955.459,12641.53,99.04626,99.04626,59.66036,78.54546,10.00009,20.00008,13798.08,12641.53
0.9580032,-0.9582284,78.54707,-0.005479974,12641.53,12.25,10.00045,6157.151,1700.043,0,0.9530417,0.9582284,-0.00518677,-0.03844752,199.0443,19.72791,39692.34,310902.1,6955.456,12641.53,99.04626,99.04626,59.66036,78.54546,10.00009,20.00008,13798.08,12641.53
0.9579749,-0.9582009,78.54707,-0.005479104,12641.53,12.25,10.00045,6157.151,1699.956,0,0.9530412,0.9582009,-0.005159756,-0.03839096,199.0444,19.72478,39700.36,310894.1,6955.454,12641.53,99.04626,99.04626,59.66036,78.54546,10.00009,20.00008,13798.08,12641.53
0.9579306,-0.9581596,78.54707,-0.005477824,12641.53,12.25,10.00045,6157.151,1699.826,0,0.9530404,0.9581596,-0.005119276,-0.03830668,199.0445,19.72017,39712.39,310882.2,6955.451,12641.53,99.04626,99.04626,59.66036,78.54546,10.00009,20.00008,13798.08,12641.53
0.9579002,-0.9581318,78.54707,-0.005476985,12641.53,12.25,10.00045,6157.151,1699.739,0,0.9530398,0.9581318,-0.005092001,-0.03825086,199.0445,19.71715,39720.41,310874.2,6955.449,12641.53,99.04626,99.04626,59.66036,78.54546,10.00009,20.00008,13798.08,12641.53
0.9578535,-0.9580894,78.54707,-0.005475746,12641.53,12.25,10.00045,6157.151,1699.611,0,0.9530389,0.9580894,-0.005050493,-0.03816769,199.0446,19.71268,39732.44,310862.2,6955.446,12641.53,99.04626,99.04626,59.66036,78.54546,10.00009,20.00008,13798.08,12641.53
0.957822,-0.9580606,78.54707,-0.005474932,12641.53,12.25,10.00045,6157.151,1699.526,0,0.9530383,0.9580606,-0.005022396,-0.03811261,199.0447,19.70976,39740.46,310854.2,6955.444,12641.53,99.04626,99.04626,59.66036,78.54546,10.00009,20.00008,13798.08,12641.53
0.9577804,-0.9580169,78.54707,-0.005473459,12641.53,12.25,10.00045,6157.154,1699.399,0,0.9530373,0.9580169,-0.004979621,-0.03803058,199.0448,19.70445,39629.53,310965.2,6955.44,12641.53,99.04626,99.04626,59.66036,78.54546,10.00009,20.00008,13798.08,12641.53
0.9577659,-0.9579883,78.54707,-0.00547219,12641.53,12.25,10.00045,6157.154,1699.315,0,0.9530368,0.9579883,-0.004951472,-0.03797645,199.0448,19.69988,39637.54,310957.2,6955.441,12641.53,99.04626,99.04626,59.66036,78.54546,10.00009,20.00008,13798.08,12641.53
0.9577428,-0.9579452,78.54707,-0.0054705,12641.53,12.25,10.00045,6157.154,1699.19,0,0.9530364,0.9579452,-0.004908845,-0.03789568,199.0449,19.6938,39649.56,310945.3,6955.438,12641.53,99.04626,99.04626,59.66036,78.54546,10.00009,20.00008,13798.08,12641.53
0.9577239,-0.9579203,78.54707,-0.005469491,12641.53,12.25,10.00045,6157.154,1699.107,0,0.9530361,0.9579203,-0.00488422,-0.03784216,199.0449,19.69017,39657.57,310937.3,6955.437,12641.53,99.04626,99.04626,59.66036,78.54546,10.00009,20.00008,13798.08,12641.53
0.9576907,-0.9578846,78.54707,-0.005468099,12641.53,12.25,10.00045,6157.154,1698.984,0,0.9530355,0.9578846,-0.004849095,-0.03776237,199.045,19.68516,39669.58,310925.3,6955.435,12641.53,99.04626,99.04626,59.66036,78.54546,10.00009,20.00008,13798.08,12641.53
0.9576837,-0.9578481,78.54707,-0.005466795,12641.53,12.25,10.00045,6157.154,1698.861,0,0.9530764,0.9578481,-0.004771751,-0.03769192,199.0451,19.68046,39680.25,310914.7,6955.432,12641.53,99.04626,99.04626,59.66036,78.54546,10.00009,20.00008,13798.08,12641.53
0.957608,-0.9578162,78.54707,-0.005465533,12641.53,12.25,10.00045,6157.154,1698.75,0,0.9530333,0.9578162,-0.004782944,-0.03761321,199.0452,19.67592,39692.25,310902.8,6955.43,12641.53,99.04626,99.04626,59.66036,78.54546,10.00009,20.00008,13798.08,12641.53
0.9575691,-0.9577782,78.54707,-0.005464308,12641.53,12.25,10.00045,6157.154,1698.631,0,0.9530331,0.9577782,-0.004745009,-0.03753509,199.0452,19.67151,39704.25,310890.8,6955.427,12641.53,99.04626,99.04626,59.66036,78.54546,10.00009,20.00008,13798.08,12641.53
0.9575415,-0.9577527,78.54707,-0.005463508,12641.53,12.25,10.00045,6157.154,1698.551,0,0.9530326,0.9577527,-0.004720089,-0.03748335,199.0453,19.66863,39712.25,310882.8,6955.425,12641.53,99.04626,99.04626,59.66036,78.54546,10.00009,20.00008,13798.08,12641.53
0.9574988,-0.957714,78.54707,-0.005462329,12641.53,12.25,10.00045,6157.154,1698.432,0,0.9530318,0.957714,-0.004682247,-0.03740625,199.0454,19.66438,39724.25,310870.9,6955.422,12641.53,99.04626,99.04626,59.66036,78.54546,10.00009,20.00008,13798.08,12641.53
0.9574698,-0.9576879,78.54707,-0.005461556,12641.53,12.25,10.00045,6157.154,1698.353,0,0.9530312,0.9576879,-0.004656618,-0.0373552,199.0454,19.6616,39732.25,310862.9,6955.421,12641.53,99.04626,99.04626,59.66036,78.54546,10.00009,20.00008,13798.08,12641.53
0.9574256,-0.9576479,78.54707,-0.005460416,12641.53,12.25,10.00045,6157.154,1698.235,0,0.9530303,0.9576479,-0.004617527,-0.03727914,199.0455,19.6575,39744.24,310851,6955.418,12641.53,99.04626,99.04626,59.66036,78.54546,10.00009,20.00008,13798.08,12641.53
0.9573953,-0.9575491,78.54707,-0.005458775,12641.54,12.25,10.00045,6157.156,1698.119,0,0.9530295,0.9575491,-0.004519627,-0.03720383,199.0456,19.65159,39633.61,310961.7,6955.417,12641.54,99.04626,99.04626,59.66036,78.54546,10.00009,20.00008,13798.08,12641.54
0.9573767,-0.9575666,78.54707,-0.00545708,12641.54,12.25,10.00045,6157.156,1698.003,0,0.953029,0.9575666,-0.004537561,-0.0371292,199.0457,19.64549,39645.59,310949.8,6955.415,12641.54,99.04626,99.04626,59.66036,78.54546,10.00009,20.00008,13798.08,12641.54
0.9573612,-0.9575428,78.54707,-0.005456081,12641.54,12.25,10.00045,6157.156,1697.927,0,0.9530288,0.9575428,-0.004514041,-0.03707974,199.0457,19.64189,39653.58,310941.8,6955.414,12641.54,99.04626,99.04626,59.66036,78.54546,10.00009,20.00008,13798.08,12641.54
0.9573329,-0.9575098,78.54707,-0.005454723,12641.54,12.25,10.00045,6157.156,1697.812,0,0.9530283,0.9575098,-0.004481482,-0.03700599,199.0458,19.637,39665.55,310929.8,6955.411,12641.54,99.04626,99.04626,59.66036,78.54546,10.00009,20.00008,13798.08,12641.54
0.9573113,-0.9574884,78.54707,-0.00545388,12641.54,12.25,10.00045,6157.156,1697.736,0,0.953028,0.9574884,-0.004460401,-0.03695713,199.0458,19.63397,39673.54,310921.9,6955.41,12641.54,99.04626,99.04626,59.66036,78.54546,10.00009,20.00008,13798.08,12641.54
0.9573035,-0.957455,78.54707,-0.005452672,12641.54,12.25,10.00045,6157.156,1697.624,0,0.9530655,0.957455,-0.004389456,-0.03689233,199.0459,19.62962,39684.18,310911.3,6955.408,12641.54,99.04626,99.04626,59.66036,78.54546,10.00009,20.00008,13798.08,12641.54
0.9572329,-0.9574256,78.54707,-0.005451499,12641.54,12.25,10.00045,6157.156,1697.522,0,0.9530259,0.9574256,-0.004399688,-0.03681992,199.046,19.62539,39696.16,310899.4,6955.405,12641.54,99.04626,99.04626,59.66036,78.54546,10.00009,20.00008,13798.08,12641.54
0.9571961,-0.9573903,78.54707,-0.005450361,12641.54,12.25,10.00045,6157.156,1697.412,0,0.9530257,0.9573903,-0.004364568,-0.03674807,199.046,19.6213,39708.13,310887.4,6955.403,12641.54,99.04626,99.04626,59.66036,78.54546,10.00009,20.00008,13798.08,12641.54
0.9571702,-0.9573666,78.54707,-0.005449617,12641.54,12.25,10.00045,6157.156,1697.338,0,0.9530252,0.9573666,-0.00434143,-0.03670048,199.0461,19.61862,39716.11,310879.5,6955.401,12641.54,99.04626,99.04626,59.66036,78.54546,10.00009,20.00008,13798.08,12641.54
0.9571301,-0.9573307,78.54707,-0.005448522,12641.54,12.25,10.00045,6157.156,1697.229,0,0.9530244,0.9573307,-0.004306217,-0.03662957,199.0461,19.61468,39728.07,310867.6,6955.398,12641.54,99.04626,99.04626,59.66036,78.54546,10.00009,20.00008,13798.08,12641.54
0.957089,-0.9572939,78.54707,-0.00544745,12641.54,12.25,10.00045,6157.156,1697.12,0,0.9530237,0.9572939,-0.004270257,-0.03655923,199.0462,19.61082,39740.04,310855.7,6955.396,12641.54,99.04626,99.04626,59.66036,78.54546,10.00009,20.00008,13798.08,12641.54
0.9570534,-0.9572564,78.54707,-0.005446129,12641.54,12.25,10.00045,6157.158,1697.013,0,0.9530228,0.9572564,-0.004233525,-0.03648948,199.0463,19.60606,39629.68,310966.1,6955.393,12641.54,99.04626,99.04626,59.66036,78.54546,10.00009,20.00008,13798.08,12641.54
0.9570376,-0.9572181,78.54707,-0.005444427,12641.54,12.25,10.00045,6157.158,1696.906,0,0.9530223,0.9572181,-0.004195803,-0.03642055,199.0464,19.59994,39641.63,310954.2,6955.393,12641.54,99.04626,99.04626,59.66036,78.54546,10.00009,20.00008,13798.08,12641.54
0.9570183,-0.9571842,78.54707,-0.005442967,12641.54,12.25,10.00045,6157.158,1696.8,0,0.9530219,0.9571842,-0.004162225,-0.03635206,199.0464,19.59468,39653.59,310942.3,6955.391,12641.54,99.04626,99.04626,59.66036,78.54546,10.00009,20.00008,13798.08,12641.54
0.9569927,-0.957154,78.54707,-0.005441684,12641.54,12.25,10.00045,6157.158,1696.694,0,0.9530215,0.957154,-0.004132478,-0.03628407,199.0465,19.59006,39665.54,310930.3,6955.389,12641.54,99.04626,99.04626,59.66036,78.54546,10.00009,20.00008,13798.08,12641.54
0.9569729,-0.9571345,78.54707,-0.005440891,12641.54,12.25,10.00045,6157.158,1696.624,0,0.9530212,0.9571345,-0.004113259,-0.03623901,199.0465,19.58721,39673.5,310922.4,6955.388,12641.54,99.04626,99.04626,59.66036,78.54546,10.00009,20.00008,13798.08,12641.54
0.9569401,-0.957105,78.54707,-0.005439759,12641.54,12.25,10.00045,6157.158,1696.52,0,0.9530206,0.957105,-0.004084371,-0.03617181,199.0466,19.58313,39684.12,310910.5,6955.385,12641.54,99.04626,99.04626,59.66036,78.54546,10.00009,20.00008,13798.08,12641.54
0.9568991,-0.9570801,78.54707,-0.005438661,12641.54,12.25,10.00045,6157.158,1696.425,0,0.9530192,0.9570801,-0.00406084,-0.03611248,199.0467,19.57918,39696.06,310899.9,6955.383,12641.54,99.04626,99.04626,59.66036,78.54546,10.00009,20.00008,13798.08,12641.54
0.9568652,-0.957045,78.54707,-0.005437596,12641.54,12.25,10.00045,6157.158,1696.325,0,0.9530191,0.957045,-0.00402585,-0.0360462,199.0467,19.57534,39708,310888,6955.381,12641.54,99.04626,99.04626,59.66036,78.54546,10.00009,20.00008,13798.08,12641.54
0.9568288,-0.9570121,78.54707,-0.005436557,12641.54,12.25,10.00045,6157.158,1696.223,0,0.9530184,0.9570121,-0.003993598,-0.03598044,199.0468,19.57161,39719.94,310876.1,6955.379,12641.54,99.04626,99.04626,59.66036,78.54546,10.00009,20.00008,13798.08,12641.54
0.956791,-0.9569784,78.54707,-0.005435542,12641.54,12.25,10.00045,6157.158,1696.122,0,0.9530177,0.9569784,-0.003960747,-0.03591521,199.0469,19.56795,39731.88,310864.3,6955.376,12641.54,99.04626,99.04626,59.66036,78.54546,10.00009,20.00008,13798.08,12641.54
0.9567524,-0.9569441,78.54707,-0.005434552,12641.54,12.25,10.00045,6157.158,1696.022,0,0.9530169,0.9569441,-0.003927142,-0.03585051,199.0469,19.56439,39743.81,310852.3,6955.374,12641.54,99.04626,99.04626,59.66036,78.54546,10.00009,20.00008,13798.08,12641.54
0.9567235,-0.956898,78.54707,-0.00543252,12641.55,12.25,10.00045,6157.161,1695.891,0,0.953016,0.956898,-0.003881917,-0.03576529,199.047,19.55707,39637.7,310958.5,6955.374,12641.55,99.04626,99.04626,59.66036,78.54546,10.00009,20.00008,13798.08,12641.55
0.9567087,-0.9568636,78.54707,-0.005431059,12641.55,12.25,10.00045,6157.161,1695.793,0,0.9530158,0.9568636,-0.003847887,-0.03570199,199.0471,19.55181,39649.62,310946.7,6955.371,12641.55,99.04626,99.04626,59.66036,78.54546,10.00009,20.00008,13798.08,12641.55
0.9566876,-0.9568353,78.54707,-0.0054298,12641.55,12.25,10.00045,6157.161,1695.695,0,0.9530154,0.9568353,-0.003819909,-0.03563914,199.0471,19.54728,39661.54,310934.8,6955.369,12641.55,99.04626,99.04626,59.66036,78.54546,10.00009,20.00008,13798.08,12641.55
0.9566612,-0.9568085,78.54707,-0.005428667,12641.55,12.25,10.00045,6157.161,1695.598,0,0.953015,0.9568085,-0.003793527,-0.03557673,199.0472,19.5432,39673.46,310922.9,6955.368,12641.55,99.04626,99.04626,59.66036,78.54546,10.00009,20.00008,13798.08,12641.55
0.9566309,-0.9567816,78.54707,-0.005427608,12641.55,12.25,10.00045,6157.161,1695.502,0,0.9530144,0.9567816,-0.003767179,-0.03551475,199.0473,19.53939,39685.38,310911,6955.366,12641.55,99.04626,99.04626,59.66036,78.54546,10.00009,20.00008,13798.08,12641.55
0.9565716,-0.9567574,78.54707,-0.005426584,12641.55,12.25,10.00045,6157.161,1695.412,0,0.9529932,0.9567574,-0.003764226,-0.03546003,199.0473,19.5357,39695.97,310900.4,6955.364,12641.55,99.04626,99.04626,59.66036,78.54546,10.00009,20.00008,13798.08,12641.55
0.9565602,-0.956727,78.54707,-0.00542559,12641.55,12.25,10.00045,6157.161,1695.321,0,0.953013,0.956727,-0.003713967,-0.03539889,199.0474,19.53212,39707.89,310888.6,6955.362,12641.55,99.04626,99.04626,59.66036,78.54546,10.00009,20.00008,13798.08,12641.55
0.9565264,-0.9566964,78.54707,-0.005424622,12641.55,12.25,10.00045,6157.161,1695.228,0,0.9530124,0.9566964,-0.003683955,-0.03533822,199.0474,19.52864,39719.8,310876.7,6955.359,12641.55,99.04626,99.04626,59.66036,78.54546,10.00009,20.00008,13798.08,12641.55
0.9564911,-0.9566652,78.54707,-0.005423677,12641.55,12.25,10.00045,6157.161,1695.135,0,0.9530118,0.9566652,-0.00365347,-0.03527805,199.0475,19.52524,39731.71,310864.8,6955.357,12641.55,99.04626,99.04626,59.66036,78.54546,10.00009,20.00008,13798.08,12641.55
0.956455,-0.9566333,78.54707,-0.005422757,12641.55,12.25,10.00045,6157.161,1695.043,0,0.953011,0.9566333,-0.00362225,-0.03521838,199.0476,19.52192,39743.62,310853,6955.355,12641.55,99.04626,99.04626,59.66036,78.54546,10.00009,20.00008,13798.08,12641.55
0.9564245,-0.9566006,78.54707,-0.005421583,12641.55,12.25,10.00045,6157.163,1694.952,0,0.9530103,0.9566006,-0.003590274,-0.03515922,199.0476,19.5177,39629.8,310966.8,6955.353,12641.55,99.04626,99.04626,59.66036,78.54546,10.00009,20.00008,13798.08,12641.55
0.9564144,-0.9565672,78.54707,-0.005420018,12641.55,12.25,10.00045,6157.163,1694.862,0,0.9530098,0.9565672,-0.003557318,-0.0351008,199.0477,19.51206,39641.7,310954.9,6955.353,12641.55,99.04626,99.04626,59.66036,78.54546,10.00009,20.00008,13798.08,12641.55
0.9564006,-0.9565383,78.54707,-0.005418701,12641.55,12.25,10.00045,6157.163,1694.772,0,0.9530097,0.9565383,-0.003528655,-0.03504275,199.0477,19.50732,39653.6,310943.1,6955.352,12641.55,99.04626,99.04626,59.66036,78.54546,10.00009,20.00008,13798.08,12641.55
0.9563726,-0.9565052,78.54707,-0.005417214,12641.55,12.25,10.00045,6157.163,1694.653,0,0.9530092,0.9565052,-0.00349602,-0.03496597,199.0478,19.50197,39669.46,310927.3,6955.349,12641.55,99.04626,99.04626,59.66036,78.54546,10.00009,20.00008,13798.08,12641.55
0.956346,-0.956481,78.54707,-0.005416212,12641.55,12.25,10.00045,6157.163,1694.564,0,0.9530088,0.956481,-0.003472315,-0.03490886,199.0479,19.49836,39681.35,310915.4,6955.347,12641.55,99.04626,99.04626,59.66036,78.54546,10.00009,20.00008,13798.08,12641.55
0.9563377,-0.9564555,78.54707,-0.005415258,12641.55,12.25,10.00045,6157.163,1694.476,0,0.953038,0.9564555,-0.003417546,-0.03485841,199.0479,19.49493,39691.92,310904.9,6955.346,12641.55,99.04626,99.04626,59.66036,78.54546,10.00009,20.00008,13798.08,12641.55
0.9562808,-0.9564326,78.54707,-0.00541433,12641.55,12.25,10.00045,6157.163,1694.396,0,0.9530071,0.9564326,-0.003425493,-0.03480204,199.048,19.49159,39703.81,310893,6955.344,12641.55,99.04626,99.04626,59.66036,78.54546,10.00009,20.00008,13798.08,12641.55
0.9562502,-0.9564047,78.54707,-0.00541343,12641.55,12.25,10.00045,6157.163,1694.311,0,0.9530069,0.9564047,-0.003397801,-0.0347461,199.048,19.48835,39715.7,310881.2,6955.342,12641.55,99.04626,99.04626,59.66036,78.54546,10.00009,20.00008,13798.08,12641.55
0.9562176,-0.9563764,78.54707,-0.005412554,12641.55,12.25,10.00045,6157.163,1694.225,0,0.9530063,0.9563764,-0.003370076,-0.0346906,199.0481,19.4852,39727.58,310869.3,6955.34,12641.55,99.04626,99.04626,59.66036,78.54546,10.00009,20.00008,13798.08,12641.55
0.956184,-0.9563472,78.54707,-0.0054117,12641.55,12.25,10.00045,6157.163,1694.14,0,0.9530056,0.9563472,-0.003341593,-0.03463556,199.0481,19.48212,39739.46,310857.5,6955.338,12641.55,99.04626,99.04626,59.66036,78.54546,10.00009,20.00008,13798.08,12641.55
0.9561497,-0.9563172,78.54707,-0.005410871,12641.56,12.25,10.00045,6157.165,1694.056,0,0.953005,0.9563172,-0.0033123,-0.03458098,199.0482,19.47913,39625.89,310845.7,6955.336,12641.56,99.04626,99.04626,59.66036,78.54546,10.00009,20.00008,13798.08,12641.56
0.9561389,-0.9562874,78.54707,-0.005409298,12641.56,12.25,10.00045,6157.165,1693.973,0,0.9530044,0.9562874,-0.003283016,-0.03452706,199.0482,19.47347,39637.77,310959.3,6955.336,12641.56,99.04626,99.04626,59.66036,78.54546,10.00009,20.00008,13798.08,12641.56
0.9561294,-0.9562578,78.54707,-0.005407976,12641.56,12.25,10.00045,6157.165,1693.89,0,0.9530042,0.9562578,-0.003253556,-0.03447355,199.0483,19.46871,39649.65,310947.4,6955.334,12641.56,99.04626,99.04626,59.66036,78.54546,10.00009,20.00008,13798.08,12641.56
0.9561135,-0.9562343,78.54707,-0.005406859,12641.56,12.25,10.00045,6157.165,1693.807,0,0.953004,0.9562343,-0.003230326,-0.0344204,199.0484,19.46469,39661.52,310935.6,6955.333,12641.56,99.04626,99.04626,59.66036,78.54546,10.00009,20.00008,13798.08,12641.56
0.9560919,-0.9562124,78.54707,-0.005405872,12641.56,12.25,10.00045,6157.165,1693.725,0,0.9530036,0.9562124,-0.003208741,-0.03436762,199.0484,19.46114,39673.39,310923.8,6955.332,12641.56,99.04626,99.04626,59.66036,78.54546,10.00009,20.00008,13798.08,12641.56
0.9560664,-0.9561904,78.54707,-0.005404959,12641.56,12.25,10.00045,6157.165,1693.644,0,0.9530032,0.9561904,-0.003187193,-0.0343152,199.0485,19.45785,39685.25,310911.9,6955.33,12641.56,99.04626,99.04626,59.66036,78.54546,10.00009,20.00008,13798.08,12641.56
0.9560238,-0.9561639,78.54707,-0.005403793,12641.56,12.25,10.00045,6157.165,1693.542,0,0.9530019,0.9561639,-0.00316194,-0.03425161,199.0485,19.45366,39699.75,310897.4,6955.328,12641.56,99.04626,99.04626,59.66036,78.54546,10.00009,20.00008,13798.08,12641.56
0.9559957,-0.9561366,78.54707,-0.005402952,12641.56,12.25,10.00045,6157.165,1693.465,0,0.9530018,0.9561366,-0.003134799,-0.03420001,199.0486,19.45063,39711.62,310885.6,6955.326,12641.56,99.04626,99.04626,59.66036,78.54546,10.00009,20.00008,13798.08,12641.56
0.9559656,-0.9561108,78.54707,-0.005402134,12641.56,12.25,10.00045,6157.165,1693.386,0,0.9530013,0.9561108,-0.003109498,-0.0341488,199.0486,19.44768,39723.48,310873.8,6955.324,12641.56,99.04626,99.04626,59.66036,78.54546,10.00009,20.00008,13798.08,12641.56
0.9559343,-0.9560841,78.54707,-0.005401338,12641.56,12.25,10.00045,6157.165,1693.307,0,0.9530007,0.9560841,-0.003083451,-0.03409802,199.0487,19.44482,39735.34,310862,6955.322,12641.56,99.04626,99.04626,59.66036,78.54546,10.00009,20.00008,13798.08,12641.56
0.9559022,-0.9560566,78.54707,-0.005400565,12641.56,12.25,10.00045,6157.165,1693.229,0,0.953,0.9560566,-0.003056564,-0.03404766,199.0487,19.44203,39747.2,310850.2,6955.32,12641.56,99.04626,99.04626,59.66036,78.54546,10.00009,20.00008,13798.08,12641.56
0.9558827,-0.9560195,78.54707,-0.005398807,12641.56,12.25,10.00045,6157.167,1693.127,0,0.9529993,0.9560195,-0.003020233,-0.03398137,199.0488,19.4357,39637.81,310959.6,6955.32,12641.56,99.04626,99.04626,59.66036,78.54546,10.00009,20.00008,13798.08,12641.56
0.9558751,-0.955992,78.54707,-0.00539755,12641.56,12.25,10.00045,6157.167,1693.051,0,0.9529992,0.955992,-0.002992851,-0.03393215,199.0488,19.43118,39649.66,310947.8,6955.319,12641.56,99.04626,99.04626,59.66036,78.54546,10.00009,20.00008,13798.08,12641.56
0.9558611,-0.9559706,78.54707,-0.005396498,12641.56,12.25,10.00045,6157.167,1692.975,0,0.952999,0.9559706,-0.002971668,-0.03388327,199.0489,19.42739,39661.51,310935.9,6955.317,12641.56,99.04626,99.04626,59.66036,78.54546,10.00009,20.00008,13798.08,12641.56
0.9558415,-0.9559508,78.54707,-0.005395574,12641.56,12.25,10.00045,6157.167,1692.9,0,0.9529987,0.9559508,-0.002952109,-0.03383471,199.049,19.42407,39673.35,310924.1,6955.316,12641.56,99.04626,99.04626,59.66036,78.54546,10.00009,20.00008,13798.08,12641.56
0.9558179,-0.9559308,78.54707,-0.005394723,12641.56,12.25,10.00045,6157.167,1692.824,0,0.9529983,0.9559308,-0.002932571,-0.03378648,199.049,19.421,39685.2,310912.3,6955.314,12641.56,99.04626,99.04626,59.66036,78.54546,10.00009,20.00008,13798.08,12641.56
0.9557782,-0.9559067,78.54707,-0.005393642,12641.56,12.25,10.00045,6157.167,1692.731,0,0.9529971,0.9559067,-0.002909583,-0.03372797,199.0491,19.41711,39699.67,310897.9,6955.313,12641.56,99.04626,99.04626,59.66036,78.54546,10.00009,20.00008,13798.08,12641.56
0.9557521,-0.9558817,78.54707,-0.005392862,12641.56,12.25,10.00045,6157.167,1692.66,0,0.952997,0.9558817,-0.0028847,-0.03368048,199.0491,19.4143,39711.51,310886.1,6955.311,12641.56,99.04626,99.04626,59.66036,78.54546,10.00009,20.00008,13798.08,12641.56
0.9557238,-0.9558579,78.54707,-0.005392106,12641.56,12.25,10.00045,6157.167,1692.587,0,0.9529964,0.9558579,-0.002861409,-0.03363337,199.0491,19.41158,39723.35,310874.3,6955.31,12641.56,99.04626,99.04626,59.66036,78.54546,10.00009,20.00008,13798.08,12641.56
0.9556943,-0.9558332,78.54707,-0.005391371,12641.56,12.25,10.00045,6157.167,1692.515,0,0.9529959,0.9558332,-0.002837332,-0.03358663,199.0492,19.40894,39735.19,310862.4,6955.308,12641.56,99.04626,99.04626,59.66036,78.54546,10.00009,20.00008,13798.08,12641.56
0.955664,-0.9558077,78.54707,-0.005390659,12641.56,12.25,10.00045,6157.167,1692.443,0,0.9529953,0.9558077,-0.002812386,-0.03354029,199.0492,19.40637,39747.02,310850.7,6955.306,12641.56,99.04626,99.04626,59.66036,78.54546,10.00009,20.00008,13798.08,12641.56
0.9556479,-0.9557222,78.54707,-0.005389438,12641.57,12.25,10.00045,6157.169,1692.373,0,0.9529947,0.9557222,-0.002727446,-0.03349447,199.0493,19.40198,39633.89,310963.8,6955.307,12641.57,99.04626,99.04626,59.66036,78.54546,10.00009,20.00008,13798.08,12641.57
0.9556438,-0.9557551,78.54707,-0.00538816,12641.57,12.25,10.00045,6157.169,1692.302,0,0.9529945,0.9557551,-0.002760489,-0.0334491,199.0493,19.39738,39645.72,310952,6955.305,12641.57,99.04626,99.04626,59.66036,78.54546,10.00009,20.00008,13798.08,12641.57
0.9556289,-0.9557282,78.54707,-0.005386797,12641.57,12.25,10.00045,6157.169,1692.209,0,0.9529943,0.9557282,-0.002733808,-0.03338908,199.0494,19.39247,39661.49,310936.3,6955.303,12641.57,99.04626,99.04626,59.66036,78.54546,10.00009,20.00008,13798.08,12641.57
0.9556112,-0.9557102,78.54707,-0.005385933,12641.57,12.25,10.00045,6157.169,1692.14,0,0.9529941,0.9557102,-0.0027161,-0.03334441,199.0494,19.38936,39673.32,310924.5,6955.302,12641.57,99.04626,99.04626,59.66036,78.54546,10.00009,20.00008,13798.08,12641.57
0.9555894,-0.9556921,78.54707,-0.005385141,12641.57,12.25,10.00045,6157.169,1692.071,0,0.9529937,0.9556921,-0.002698398,-0.03330003,199.0495,19.38651,39685.14,310912.7,6955.301,12641.57,99.04626,99.04626,59.66036,78.54546,10.00009,20.00008,13798.08,12641.57
0.955546,-0.9556756,78.54707,-0.005384384,12641.57,12.25,10.00045,6157.169,1692.006,0,0.9529784,0.9556756,-0.002697143,-0.03326083,199.0495,19.38378,39695.64,310902.2,6955.299,12641.57,99.04626,99.04626,59.66036,78.54546,10.00009,20.00008,13798.08,12641.57
0.9555364,-0.9556544,78.54707,-0.005383654,12641.57,12.25,10.00045,6157.169,1691.941,0,0.9529927,0.9556544,-0.002661716,-0.03321703,199.0496,19.38116,39707.46,310890.4,6955.298,12641.57,99.04626,99.04626,59.66036,78.54546,10.00009,20.00008,13798.08,12641.57
0.9555013,-0.9556252,78.54707,-0.005382719,12641.57,12.25,10.00045,6157.169,1691.852,0,0.952992,0.9556252,-0.00263322,-0.03315914,199.0496,19.37779,39723.22,310874.7,6955.296,12641.57,99.04626,99.04626,59.66036,78.54546,10.00009,20.00008,13798.08,12641.57
0.9554735,-0.9556024,78.54707,-0.005382041,12641.57,12.25,10.00045,6157.169,1691.786,0,0.9529915,0.9556024,-0.002610948,-0.03311613,199.0497,19.37535,39735.04,310862.9,6955.294,12641.57,99.04626,99.04626,59.66036,78.54546,10.00009,20.00008,13798.08,12641.57
0.9554449,-0.9555787,78.54707,-0.005381387,12641.57,12.25,10.00045,6157.169,1691.72,0,0.9529909,0.9555787,-0.002587782,-0.03307349,199.0497,19.37299,39746.86,310851.1,6955.292,12641.57,99.04626,99.04626,59.66036,78.54546,10.00009,20.00008,13798.08,12641.57
0.95543,-0.9555466,78.54707,-0.00537979,12641.57,12.25,10.00045,6157.172,1691.633,0,0.9529903,0.9555466,-0.002556349,-0.0330174,199.0498,19.36724,39637.86,310960.1,6955.293,12641.57,99.04626,99.04626,59.66036,78.54546,10.00009,20.00008,13798.08,12641.57
0.955426,-0.9555228,78.54707,-0.005378652,12641.57,12.25,10.00045,6157.172,1691.569,0,0.9529902,0.9555228,-0.002532602,-0.03297576,199.0498,19.36315,39649.67,310948.3,6955.292,12641.57,99.04626,99.04626,59.66036,78.54546,10.00009,20.00008,13798.08,12641.57
0.9554154,-0.9555051,78.54707,-0.005377718,12641.57,12.25,10.00045,6157.172,1691.505,0,0.9529901,0.9555051,-0.002515001,-0.03293439,199.0499,19.35979,39661.48,310936.6,6955.291,12641.57,99.04626,99.04626,59.66036,78.54546,10.00009,20.00008,13798.08,12641.57
0.9553993,-0.9554889,78.54707,-0.005376911,12641.57,12.25,10.00045,6157.172,1691.441,0,0.9529899,0.9554889,-0.002498992,-0.0328933,199.0499,19.35688,39673.29,310924.8,6955.289,12641.57,99.04626,99.04626,59.66036,78.54546,10.00009,20.00008,13798.08,12641.57
0.9553792,-0.9554725,78.54707,-0.005376175,12641.57,12.25,10.00045,6157.172,1691.377,0,0.9529895,0.9554725,-0.002482978,-0.03285247,199.0499,19.35423,39685.09,310913,6955.288,12641.57,99.04626,99.04626,59.66036,78.54546,10.00009,20.00008,13798.08,12641.57
0.9553388,-0.9554574,78.54707,-0.005375474,12641.57,12.25,10.00045,6157.172,1691.317,0,0.9529755,0.9554574,-0.002482014,-0.0328164,199.05,19.35171,39695.57,310902.5,6955.287,12641.57,99.04626,99.04626,59.66036,78.54546,10.00009,20.00008,13798.08,12641.57
0.9553216,-0.9554315,78.54707,-0.00537458,12641.57,12.25,10.00045,6157.172,1691.237,0,0.9529884,0.9554315,-0.002443051,-0.03276271,199.05,19.34849,39711.31,310886.8,6955.285,12641.57,99.04626,99.04626,59.66036,78.54546,10.00009,20.00008,13798.08,12641.57
0.9552965,-0.9554113,78.54707,-0.005373937,12641.57,12.25,10.00045,6157.172,1691.176,0,0.952988,0.9554113,-0.002423295,-0.03272281,199.05,19.34617,39723.11,310875.1,6955.284,12641.57,99.04626,99.04626,59.66036,78.54546,10.00009,20.00008,13798.08,12641.57
0.9552703,-0.9553902,78.54707,-0.005373314,12641.57,12.25,10.00045,6157.172,1691.115,0,0.9529874,0.9553902,-0.002402681,-0.03268323,199.0501,19.34393,39734.9,310863.3,6955.282,12641.57,99.04626,99.04626,59.66036,78.54546,10.00009,20.00008,13798.08,12641.57
0.9552342,-0.9553605,78.54707,-0.00537252,12641.58,12.25,10.00045,6157.174,1691.034,0,0.9529867,0.9553605,-0.002373776,-0.03263099,199.0501,19.34107,39626.1,310847.6,6955.28,12641.58,99.04626,99.04626,59.66036,78.54546,10.00009,20.00008,13798.08,12641.58
0.9552305,-0.9553382,78.54707,-0.005371191,12641.58,12.25,10.00045,6157.174,1690.974,0,0.9529863,0.9553382,-0.002351871,-0.0325924,199.0502,19.33629,39637.89,310960.4,6955.281,12641.58,99.04626,99.04626,59.66036,78.54546,10.00009,20.00008,13798.08,12641.58
0.9552256,-0.9553103,78.54707,-0.005369797,12641.58,12.25,10.00045,6157.174,1690.896,0,0.9529863,0.9553103,-0.002324037,-0.03254138,199.0502,19.33127,39653.61,310944.7,6955.279,12641.58,99.04626,99.04626,59.66036,78.54546,10.00009,20.00008,13798.08,12641.58
0.9552097,-0.9552901,78.54707,-0.005368715,12641.58,12.25,10.00045,6157.174,1690.817,0,0.9529861,0.9552901,-0.002304014,-0.03249081,199.0503,19.32738,39669.32,310929,6955.278,12641.58,99.04626,99.04626,59.66036,78.54546,10.00009,20.00008,13798.08,12641.58
0.9551858,-0.9552705,78.54707,-0.005367791,12641.58,12.25,10.00045,6157.174,1690.739,0,0.9529856,0.9552705,-0.002284785,-0.03244067,199.0503,19.32405,39685.04,310913.3,6955.277,12641.58,99.04626,99.04626,59.66036,78.54546,10.00009,20.00008,13798.08,12641.58
0.9551483,-0.9552568,78.54707,-0.005367143,12641.58,12.25,10.00045,6157.174,1690.684,0,0.9529727,0.9552568,-0.002284086,-0.03240748,199.0504,19.32171,39695.51,310902.9,6955.276,12641.58,99.04626,99.04626,59.66036,78.54546,10.00009,20.00008,13798.08,12641.58
0.9551318,-0.955233,78.54707,-0.005366318,12641.58,12.25,10.00045,6157.174,1690.61,0,0.9529846,0.955233,-0.002248353,-0.03235808,199.0504,19.31874,39711.21,310887.2,6955.274,12641.58,99.04626,99.04626,59.66036,78.54546,10.00009,20.00008,13798.08,12641.58
0.9551082,-0.9552144,78.54707,-0.005365727,12641.58,12.25,10.00045,6157.174,1690.553,0,0.9529842,0.9552144,-0.002230152,-0.03232136,199.0505,19.31662,39723,310875.4,6955.273,12641.58,99.04626,99.04626,59.66036,78.54546,10.00009,20.00008,13798.08,12641.58
0.9550834,-0.9551948,78.54707,-0.005365155,12641.58,12.25,10.00045,6157.174,1690.497,0,0.9529837,0.9551948,-0.002211063,-0.03228493,199.0505,19.31456,39734.77,310863.7,6955.271,12641.58,99.04626,99.04626,59.66036,78.54546,10.00009,20.00008,13798.08,12641.58
0.9550492,-0.9551672,78.54707,-0.005364428,12641.58,12.25,10.00045,6157.176,1690.423,0,0.9529831,0.9551672,-0.002184159,-0.03223686,199.0505,19.31194,39626.14,310848,6955.27,12641.58,99.04626,99.04626,59.66036,78.54546,10.00009,20.00008,13798.08,12641.58
0.9550469,-0.9551464,78.54707,-0.005363152,12641.58,12.25,10.00045,6157.176,1690.368,0,0.9529827,0.9551464,-0.002163735,-0.03220136,199.0506,19.30735,39637.91,310960.6,6955.271,12641.58,99.04626,99.04626,59.66036,78.54546,10.00009,20.00008,13798.08,12641.58
0.9550439,-0.9551205,78.54707,-0.005361826,12641.58,12.25,10.00045,6157.176,1690.296,0,0.9529827,0.9551205,-0.002137855,-0.03215444,199.0506,19.30257,39653.61,310944.9,6955.269,12641.58,99.04626,99.04626,59.66036,78.54546,10.00009,20.00008,13798.08,12641.58
0.9550343,-0.9551066,78.54707,-0.005361046,12641.58,12.25,10.00045,6157.176,1690.241,0,0.9529825,0.9551066,-0.002124074,-0.03211951,199.0507,19.29976,39665.38,310933.2,6955.268,12641.58,99.04626,99.04626,59.66036,78.54546,10.00009,20.00008,13798.08,12641.58
0.9550139,-0.9550891,78.54707,-0.005360159,12641.58,12.25,10.00045,6157.176,1690.169,0,0.9529822,0.9550891,-0.002106832,-0.03207329,199.0507,19.29657,39681.06,310917.5,6955.267,12641.58,99.04626,99.04626,59.66036,78.54546,10.00009,20.00008,13798.08,12641.58
0.954973,-0.9550722,78.54707,-0.005359354,12641.58,12.25,10.00045,6157.176,1690.1,0,0.9529702,0.9550722,-0.002101972,-0.03203125,199.0508,19.29367,39695.44,310903.2,6955.266,12641.58,99.04626,99.04626,59.66036,78.54546,10.00009,20.00008,13798.08,12641.58
0.9549643,-0.955056,78.54707,-0.005358781,12641.58,12.25,10.00045,6157.176,1690.05,0,0.9529813,0.955056,-0.002074658,-0.03199711,199.0508,19.29161,39707.21,310891.4,6955.265,12641.58,99.04626,99.04626,59.66036,78.54546,10.00009,20.00008,13798.08,12641.58
0.9549348,-0.9550332,78.54707,-0.005358052,12641.58,12.25,10.00045,6157.176,1689.98,0,0.9529808,0.9550332,-0.002052438,-0.03195199,199.0508,19.28899,39722.89,310875.8,6955.263,12641.58,99.04626,99.04626,59.66036,78.54546,10.00009,20.00008,13798.08,12641.58
0.9549114,-0.9550151,78.54707,-0.005357529,12641.58,12.25,10.00045,6157.176,1689.929,0,0.9529803,0.9550151,-0.00203475,-0.03191847,199.0509,19.2871,39734.65,310864,6955.262,12641.58,99.04626,99.04626,59.66036,78.54546,10.00009,20.00008,13798.08,12641.58
0.9548872,-0.9549959,78.54707,-0.005357028,12641.58,12.25,10.00045,6157.176,1689.878,0,0.9529798,0.9549959,-0.002016106,-0.03188524,199.0509,19.2853,39746.41,310852.3,6955.26,12641.58,99.04626,99.04626,59.66036,78.54546,10.00009,20.00008,13798.08,12641.58
0.954878,-0.9549699,78.54707,-0.005355638,12641.59,12.25,10.00045,6157.179,1689.81,0,0.9529793,0.9549699,-0.001990625,-0.03184158,199.0509,19.2803,39637.93,310960.8,6955.261,12641.59,99.04626,99.04626,59.66036,78.54546,10.00009,20.00008,13798.08,12641.59
0.9548781,-0.9549506,78.54707,-0.005354656,12641.59,12.25,10.00045,6157.179,1689.76,0,0.9529793,0.9549506,-0.001971297,-0.03180918,199.051,19.27676,39649.69,310949.1,6955.26,12641.59,99.04626,99.04626,59.66036,78.54546,10.00009,20.00008,13798.08,12641.59
0.9548684,-0.9549333,78.54707,-0.005353644,12641.59,12.25,10.00045,6157.179,1689.694,0,0.9529793,0.9549333,-0.001954088,-0.0317663,199.051,19.27312,39665.36,310933.4,6955.259,12641.59,99.04626,99.04626,59.66036,78.54546,10.00009,20.00008,13798.08,12641.59
0.954855,-0.9549215,78.54707,-0.005353015,12641.59,12.25,10.00045,6157.179,1689.644,0,0.952979,0.9549215,-0.001942501,-0.03173437,199.051,19.27085,39677.11,310921.7,6955.258,12641.59,99.04626,99.04626,59.66036,78.54546,10.00009,20.00008,13798.08,12641.59
0.9548436,-0.9549047,78.54707,-0.005352259,12641.59,12.25,10.00045,6157.179,1689.578,0,0.9529954,0.9549047,-0.001909323,-0.0316956,199.0511,19.26813,39691.46,310907.3,6955.257,12641.59,99.04626,99.04626,59.66036,78.54546,10.00009,20.00008,13798.08,12641.59
0.9548033,-0.9548874,78.54707,-0.005351549,12641.59,12.25,10.00045,6157.179,1689.517,0,0.9529781,0.9548874,-0.001909367,-0.03165367,199.0511,19.26557,39707.13,310891.7,6955.255,12641.59,99.04626,99.04626,59.66036,78.54546,10.00009,20.00008,13798.08,12641.59
0.9547826,-0.9548719,78.54707,-0.005351044,12641.59,12.25,10.00045,6157.179,1689.469,0,0.9529777,0.9548719,-0.001894162,-0.03162248,199.0512,19.26376,39718.88,310880,6955.254,12641.59,99.04626,99.04626,59.66036,78.54546,10.00009,20.00008,13798.08,12641.59
0.9547531,-0.9548497,78.54707,-0.005350403,12641.59,12.25,10.00045,6157.179,1689.406,0,0.9529772,0.9548497,-0.001872513,-0.03158129,199.0512,19.26145,39734.54,310864.4,6955.253,12641.59,99.04626,99.04626,59.66036,78.54546,10.00009,20.00008,13798.08,12641.59
0.9547302,-0.9548318,78.54707,-0.005349946,12641.59,12.25,10.00045,6157.179,1689.359,0,0.9529767,0.9548318,-0.001855141,-0.03155071,199.0512,19.2598,39746.28,310852.7,6955.251,12641.59,99.04626,99.04626,59.66036,78.54546,10.00009,20.00008,13798.08,12641.59
0.9547212,-0.9547544,78.54707,-0.005348985,12641.59,12.25,10.00045,6157.181,1689.313,0,0.9529762,0.9547544,-0.001778155,-0.03152052,199.0513,19.25635,39634.04,310964.9,6955.253,12641.59,99.04626,99.04626,59.66036,78.54546,10.00009,20.00008,13798.08,12641.59
0.9547238,-0.9547895,78.54707,-0.00534768,12641.59,12.25,10.00045,6157.181,1689.251,0,0.9529763,0.9547895,-0.001813248,-0.03148076,199.0513,19.25165,39649.69,310949.3,6955.251,12641.59,99.04626,99.04626,59.66036,78.54546,10.00009,20.00008,13798.08,12641.59
0.9547157,-0.9547739,78.54707,-0.005346728,12641.59,12.25,10.00045,6157.181,1689.19,0,0.9529762,0.9547739,-0.00179767,-0.03144131,199.0513,19.24822,39665.34,310933.7,6955.25,12641.59,99.04626,99.04626,59.66036,78.54546,10.00009,20.00008,13798.08,12641.59
0.9547035,-0.9547634,78.54707,-0.005346142,12641.59,12.25,10.00045,6157.181,1689.144,0,0.952976,0.9547634,-0.001787294,-0.03141194,199.0514,19.24611,39677.07,310921.9,6955.25,12641.59,99.04626,99.04626,59.66036,78.54546,10.00009,20.00008,13798.08,12641.59
0.9546878,-0.9547523,78.54707,-0.005345614,12641.59,12.25,10.00045,6157.181,1689.098,0,0.9529757,0.9547523,-0.001776572,-0.03138274,199.0514,19.24421,39687.5,310910.2,6955.249,12641.59,99.04626,99.04626,59.66036,78.54546,10.00009,20.00008,13798.08,12641.59
0.9546611,-0.954737,78.54707,-0.00534495,12641.59,12.25,10.00045,6157.181,1689.042,0,0.952975,0.954737,-0.001761955,-0.03134729,199.0514,19.24182,39703.15,310895.9,6955.248,12641.59,99.04626,99.04626,59.66036,78.54546,10.00009,20.00008,13798.08,12641.59
0.9546422,-0.9547229,78.54707,-0.00534448,12641.59,12.25,10.00045,6157.181,1688.998,0,0.9529749,0.9547229,-0.001748031,-0.03131852,199.0515,19.24013,39714.88,310884.2,6955.247,12641.59,99.04626,99.04626,59.66036,78.54546,10.00009,20.00008,13798.08,12641.59
0.9546146,-0.9547028,78.54707,-0.005343887,12641.59,12.25,10.00045,6157.181,1688.939,0,0.9529744,0.9547028,-0.001728405,-0.03128051,199.0515,19.23799,39730.52,310868.6,6955.245,12641.59,99.04626,99.04626,59.66036,78.54546,10.00009,20.00008,13798.08,12641.59
0.9545929,-0.9546865,78.54707,-0.005343465,12641.59,12.25,10.00045,6157.181,1688.896,0,0.952974,0.9546865,-0.001712529,-0.03125228,199.0515,19.23647,39742.25,310856.9,6955.244,12641.59,99.04626,99.04626,59.66036,78.54546,10.00009,20.00008,13798.08,12641.59
0.9545768,-0.9546692,78.54707,-0.005342792,12641.6,12.25,10.00045,6157.183,1688.853,0,0.9529735,0.9546692,-0.001695696,-0.03122432,199.0516,19.23405,39630.15,310969,6955.242,12641.6,99.04626,99.04626,59.66036,78.54546,10.00009,20.00008,13798.08,12641.6
0.9545809,-0.9546511,78.54707,-0.005341733,12641.6,12.25,10.00045,6157.183,1688.811,0,0.9529734,0.9546511,-0.001677727,-0.03119685,199.0516,19.23024,39641.88,310957.3,6955.244,12641.6,99.04626,99.04626,59.66036,78.54546,10.00009,20.00008,13798.08,12641.6
0.9545799,-0.9546337,78.54707,-0.005340682,12641.6,12.25,10.00045,6157.183,1688.754,0,0.9529734,0.9546337,-0.001660257,-0.03116041,199.0516,19.22645,39657.51,310941.7,6955.243,12641.6,99.04626,99.04626,59.66036,78.54546,10.00009,20.00008,13798.08,12641.6
0.954572,-0.954624,78.54707,-0.005340075,12641.6,12.25,10.00045,6157.183,1688.712,0,0.9529734,0.954624,-0.001650631,-0.03113328,199.0517,19.22427,39669.23,310929.9,6955.243,12641.6,99.04626,99.04626,59.66036,78.54546,10.00009,20.00008,13798.08,12641.6
0.9545547,-0.9546112,78.54707,-0.005339392,12641.6,12.25,10.00045,6157.183,1688.655,0,0.9529731,0.9546112,-0.001638143,-0.03109736,199.0517,19.22181,39684.86,310914.3,6955.242,12641.6,99.04626,99.04626,59.66036,78.54546,10.00009,20.00008,13798.08,12641.6
0.9545299,-0.954599,78.54707,-0.005338771,12641.6,12.25,10.00045,6157.183,1688.603,0,0.9529724,0.954599,-0.001626576,-0.03106467,199.0517,19.21957,39699.18,310900,6955.241,12641.6,99.04626,99.04626,59.66036,78.54546,10.00009,20.00008,13798.08,12641.6
0.9545127,-0.9545854,78.54707,-0.005338334,12641.6,12.25,10.00045,6157.183,1688.563,0,0.9529723,0.9545854,-0.001613098,-0.03103812,199.0517,19.218,39710.89,310888.3,6955.24,12641.6,99.04626,99.04626,59.66036,78.54546,10.00009,20.00008,13798.08,12641.6
0.954487,-0.9545672,78.54707,-0.005337785,12641.6,12.25,10.00045,6157.183,1688.509,0,0.9529718,0.9545672,-0.001595371,-0.03100304,199.0518,19.21602,39726.52,310872.8,6955.239,12641.6,99.04626,99.04626,59.66036,78.54546,10.00009,20.00008,13798.08,12641.6
0.9544666,-0.9545524,78.54707,-0.005337395,12641.6,12.25,10.00045,6157.183,1688.469,0,0.9529715,0.9545524,-0.001580911,-0.03097699,199.0518,19.21462,39738.23,310861,6955.237,12641.6,99.04626,99.04626,59.66036,78.54546,10.00009,20.00008,13798.08,12641.6
0.9544445,-0.954531,78.54707,-0.005336637,12641.6,12.25,10.00045,6157.186,1688.416,0,0.9529709,0.954531,-0.001560104,-0.03094263,199.0518,19.21189,39630.17,310969.1,6955.235,12641.6,99.04626,99.04626,59.66036,78.54546,10.00009,20.00008,13798.08,12641.6
0.9544508,-0.954509,78.54707,-0.005335333,12641.6,12.25,10.00045,6157.186,1688.364,0,0.9529708,0.954509,-0.001538166,-0.03090897,199.0519,19.2072,39645.79,310953.5,6955.237,12641.6,99.04626,99.04626,59.66036,78.54546,10.00009,20.00008,13798.08,12641.6
0.9544499,-0.954498,78.54707,-0.005334619,12641.6,12.25,10.00045,6157.186,1688.325,0,0.9529709,0.954498,-0.001527116,-0.03088387,199.0519,19.20463,39657.5,310941.8,6955.236,12641.6,99.04626,99.04626,59.66036,78.54546,10.00009,20.00008,13798.08,12641.6
0.9544396,-0.9544865,78.54707,-0.005333882,12641.6,12.25,10.00045,6157.186,1688.273,0,0.9529707,0.9544865,-0.001515788,-0.03085062,199.0519,19.20198,39673.11,310926.3,6955.236,12641.6,99.04626,99.04626,59.66036,78.54546,10.00009,20.00008,13798.08,12641.6
0.954427,-0.954478,78.54707,-0.005333418,12641.6,12.25,10.00045,6157.186,1688.234,0,0.9529706,0.954478,-0.001507394,-0.03082586,199.052,19.2003,39684.81,310914.6,6955.235,12641.6,99.04626,99.04626,59.66036,78.54546,10.00009,20.00008,13798.08,12641.6
0.9544038,-0.9544669,78.54707,-0.005332847,12641.6,12.25,10.00045,6157.186,1688.186,0,0.9529699,0.9544669,-0.001496977,-0.03079578,199.052,19.19825,39699.12,310900.3,6955.234,12641.6,99.04626,99.04626,59.66036,78.54546,10.00009,20.00008,13798.08,12641.6
0.9543874,-0.9544545,78.54707,-0.005332448,12641.6,12.25,10.00045,6157.186,1688.149,0,0.9529698,0.9544545,-0.001484649,-0.03077135,199.052,19.19681,39710.82,310888.6,6955.233,12641.6,99.04626,99.04626,59.66036,78.54546,10.00009,20.00008,13798.08,12641.6
0.9543693,-0.954442,78.54707,-0.005332069,12641.6,12.25,10.00045,6157.186,1688.112,0,0.9529695,0.954442,-0.001472541,-0.0307471,199.052,19.19545,39722.53,310876.9,6955.232,12641.6,99.04626,99.04626,59.66036,78.54546,10.00009,20.00008,13798.08,12641.6
0.9543436,-0.9544238,78.54707,-0.005331595,12641.6,12.25,10.00045,6157.186,1688.062,0,0.952969,0.9544238,-0.001454822,-0.03071509,199.0521,19.19374,39738.13,310861.3,6955.231,12641.6,99.04626,99.04626,59.66036,78.54546,10.00009,20.00008,13798.08,12641.6
0.9543228,-0.9544038,78.54707,-0.005330886,12641.61,12.25,10.00045,6157.188,1688.014,0,0.9529685,0.9544038,-0.001435329,-0.03068347,199.0521,19.19119,39630.2,310969.3,6955.229,12641.61,99.04626,99.04626,59.66036,78.54546,10.00009,20.00008,13798.08,12641.61
0.9543303,-0.9543831,78.54707,-0.005329632,12641.61,12.25,10.00045,6157.188,1687.966,0,0.9529684,0.9543831,-0.001414688,-0.03065252,199.0521,19.18668,39645.79,310953.7,6955.231,12641.61,99.04626,99.04626,59.66036,78.54546,10.00009,20.00008,13798.08,12641.61
0.9543289,-0.9543704,78.54707,-0.005328764,12641.61,12.25,10.00045,6157.188,1687.918,0,0.9529685,0.9543704,-0.001401919,-0.03062177,199.0522,19.18355,39661.39,310938.1,6955.23,12641.61,99.04626,99.04626,59.66036,78.54546,10.00009,20.00008,13798.08,12641.61
0.9543177,-0.9543605,78.54707,-0.005328117,12641.61,12.25,10.00045,6157.188,1687.87,0,0.9529684,0.9543605,-0.001392098,-0.03059125,199.0522,19.18122,39676.98,310922.5,6955.229,12641.61,99.04626,99.04626,59.66036,78.54546,10.00009,20.00008,13798.08,12641.61
0.9543085,-0.9543495,78.54707,-0.00532757,12641.61,12.25,10.00045,6157.188,1687.823,0,0.9529801,0.9543495,-0.001369428,-0.03056347,199.0522,19.17925,39691.27,310908.3,6955.229,12641.61,99.04626,99.04626,59.66036,78.54546,10.00009,20.00008,13798.08,12641.61
0.9542776,-0.9543376,78.54707,-0.005327067,12641.61,12.25,10.00045,6157.188,1687.78,0,0.9529676,0.9543376,-0.001369981,-0.03053339,199.0522,19.17744,39706.86,310892.7,6955.228,12641.61,99.04626,99.04626,59.66036,78.54546,10.00009,20.00008,13798.08,12641.61
0.9542549,-0.9543225,78.54707,-0.005326605,12641.61,12.25,10.00045,6157.188,1687.734,0,0.9529672,0.9543225,-0.00135528,-0.03050359,199.0523,19.17578,39722.45,310877.1,6955.227,12641.61,99.04626,99.04626,59.66036,78.54546,10.00009,20.00008,13798.08,12641.61
0.9542304,-0.9543055,78.54707,-0.005326176,12641.61,12.25,10.00045,6157.188,1687.688,0,0.9529667,0.9543055,-0.001338791,-0.03047413,199.0523,19.17423,39738.04,310861.5,6955.226,12641.61,99.04626,99.04626,59.66036,78.54546,10.00009,20.00008,13798.08,12641.61
0.9542108,-0.9542868,78.54707,-0.005325513,12641.61,12.25,10.00045,6157.19,1687.644,0,0.9529663,0.9542868,-0.001320506,-0.03044503,199.0523,19.17185,39630.21,310969.4,6955.224,12641.61,99.04626,99.04626,59.66036,78.54546,10.00009,20.00008,13798.08,12641.61
0.9542193,-0.9542673,78.54707,-0.005324306,12641.61,12.25,10.00045,6157.19,1687.6,0,0.9529662,0.9542673,-0.001301059,-0.03041659,199.0524,19.1675,39645.8,310953.8,6955.226,12641.61,99.04626,99.04626,59.66036,78.54546,10.00009,20.00008,13798.08,12641.61
0.9542192,-0.9542558,78.54707,-0.005323483,12641.61,12.25,10.00045,6157.19,1687.556,0,0.9529663,0.9542558,-0.001289462,-0.0303883,199.0524,19.16454,39661.38,310938.3,6955.225,12641.61,99.04626,99.04626,59.66036,78.54546,10.00009,20.00008,13798.08,12641.61
0.9542124,-0.9542492,78.54707,-0.005323018,12641.61,12.25,10.00045,6157.19,1687.523,0,0.9529662,0.9542492,-0.001282942,-0.03036723,199.0524,19.16286,39673.06,310926.6,6955.225,12641.61,99.04626,99.04626,59.66036,78.54546,10.00009,20.00008,13798.08,12641.61
0.9541972,-0.95424,78.54707,-0.005322499,12641.61,12.25,10.00045,6157.19,1687.479,0,0.952966,0.95424,-0.001274001,-0.0303393,199.0524,19.161,39687.34,310911,6955.224,12641.61,99.04626,99.04626,59.66036,78.54546,10.00009,20.00008,13798.08,12641.61
0.9541762,-0.9542297,78.54707,-0.005322029,12641.61,12.25,10.00045,6157.19,1687.439,0,0.9529654,0.9542297,-0.001264181,-0.03031388,199.0525,19.1593,39702.91,310896.8,6955.223,12641.61,99.04626,99.04626,59.66036,78.54546,10.00009,20.00008,13798.08,12641.61
0.9541553,-0.9542161,78.54707,-0.005321601,12641.61,12.25,10.00045,6157.19,1687.397,0,0.9529653,0.9542161,-0.001250918,-0.03028639,199.0525,19.15776,39718.49,310881.2,6955.222,12641.61,99.04626,99.04626,59.66036,78.54546,10.00009,20.00008,13798.08,12641.61
0.9541381,-0.9542049,78.54707,-0.005321302,12641.61,12.25,10.00045,6157.19,1687.365,0,0.9529649,0.9542049,-0.001239929,-0.03026597,199.0525,19.15669,39730.17,310869.5,6955.222,12641.61,99.04626,99.04626,59.66036,78.54546,10.00009,20.00008,13798.08,12641.61
0.954114,-0.9541881,78.54707,-0.005320934,12641.61,12.25,10.00045,6157.19,1687.324,0,0.9529644,0.9541881,-0.001223644,-0.03023902,199.0525,19.15536,39745.74,310854,6955.22,12641.61,99.04626,99.04626,59.66036,78.54546,10.00009,20.00008,13798.08,12641.61
0.9541098,-0.954116,78.54707,-0.005320161,12641.62,12.25,10.00045,6157.192,1687.293,0,0.9529641,0.954116,-0.001151922,-0.03021914,199.0526,19.15258,39634.13,310965.6,6955.222,12641.62,99.04626,99.04626,59.66036,78.54546,10.00009,20.00008,13798.08,12641.62
0.9541186,-0.9541574,78.54707,-0.005319104,12641.62,12.25,10.00045,6157.192,1687.253,0,0.9529642,0.9541574,-0.001193192,-0.030193,199.0526,19.14878,39649.69,310950.1,6955.221,12641.62,99.04626,99.04626,59.66036,78.54546,10.00009,20.00008,13798.08,12641.62
0.9541146,-0.9541464,78.54707,-0.00531825,12641.62,12.25,10.00045,6157.192,1687.202,0,0.9529642,0.9541464,-0.001182119,-0.03016059,199.0526,19.1457,39669.14,310930.6,6955.22,12641.62,99.04626,99.04626,59.66036,78.54546,10.00009,20.00008,13798.08,12641.62
0.9541058,-0.9541406,78.54707,-0.005317866,12641.62,12.25,10.00045,6157.192,1687.172,0,0.9529642,0.9541406,-0.001176455,-0.03014127,199.0526,19.14432,39680.82,310919,6955.22,12641.62,99.04626,99.04626,59.66036,78.54546,10.00009,20.00008,13798.08,12641.62
0.9540827,-0.9541305,78.54707,-0.005317312,12641.62,12.25,10.00045,6157.192,1687.124,0,0.9529636,0.9541305,-0.001166973,-0.03011141,199.0527,19.14232,39698.97,310900.8,6955.219,12641.62,99.04626,99.04626,59.66036,78.54546,10.00009,20.00008,13798.08,12641.62
0.9540635,-0.9541179,78.54707,-0.005316917,12641.62,12.25,10.00045,6157.192,1687.086,0,0.9529634,0.9541179,-0.001154518,-0.03008605,199.0527,19.1409,39714.53,310885.3,6955.218,12641.62,99.04626,99.04626,59.66036,78.54546,10.00009,20.00008,13798.08,12641.62
0.9540474,-0.9541078,78.54707,-0.005316643,12641.62,12.25,10.00045,6157.192,1687.057,0,0.9529631,0.9541078,-0.001144672,-0.0300672,199.0527,19.13991,39726.2,310873.6,6955.217,12641.62,99.04626,99.04626,59.66036,78.54546,10.00009,20.00008,13798.08,12641.62
0.9540245,-0.9540926,78.54707,-0.005316305,12641.62,12.25,10.00045,6157.192,1687.018,0,0.9529626,0.9540926,-0.001129882,-0.03004232,199.0527,19.1387,39741.76,310858.1,6955.216,12641.62,99.04626,99.04626,59.66036,78.54546,10.00009,20.00008,13798.08,12641.62
0.9540151,-0.9540172,78.54707,-0.005315484,12641.62,12.25,10.00045,6157.194,1686.981,0,0.9529622,0.9540172,-0.001054993,-0.03001787,199.0528,19.13574,39634.14,310965.7,6955.218,12641.62,99.04626,99.04626,59.66036,78.54546,10.00009,20.00008,13798.08,12641.62
0.9540249,-0.9540595,78.54707,-0.005314467,12641.62,12.25,10.00045,6157.194,1686.944,0,0.9529623,0.9540595,-0.001097217,-0.02999384,199.0528,19.13208,39649.69,310950.2,6955.217,12641.62,99.04626,99.04626,59.66036,78.54546,10.00009,20.00008,13798.08,12641.62
0.9540222,-0.9540498,78.54707,-0.00531366,12641.62,12.25,10.00045,6157.194,1686.897,0,0.9529625,0.9540498,-0.001087378,-0.02996403,199.0528,19.12918,39669.13,310930.8,6955.216,12641.62,99.04626,99.04626,59.66036,78.54546,10.00009,20.00008,13798.08,12641.62
0.9540105,-0.954043,78.54707,-0.005313198,12641.62,12.25,10.00045,6157.194,1686.86,0,0.9529623,0.954043,-0.001080695,-0.02994035,199.0528,19.12751,39684.68,310915.2,6955.216,12641.62,99.04626,99.04626,59.66036,78.54546,10.00009,20.00008,13798.08,12641.62
0.9539922,-0.9540358,78.54707,-0.005312798,12641.62,12.25,10.00045,6157.194,1686.825,0,0.9529618,0.9540358,-0.001074034,-0.02991879,199.0529,19.12607,39698.93,310901,6955.215,12641.62,99.04626,99.04626,59.66036,78.54546,10.00009,20.00008,13798.08,12641.62
0.9539739,-0.9540243,78.54707,-0.00531244,12641.62,12.25,10.00045,6157.194,1686.79,0,0.9529616,0.9540243,-0.00106265,-0.02989545,199.0529,19.12478,39714.47,310885.4,6955.214,12641.62,99.04626,99.04626,59.66036,78.54546,10.00009,20.00008,13798.08,12641.62
0.9539531,-0.9540115,78.54707,-0.005312116,12641.62,12.25,10.00045,6157.194,1686.754,0,0.9529612,0.9540115,-0.001050252,-0.02987234,199.0529,19.12362,39730.02,310869.9,6955.213,12641.62,99.04626,99.04626,59.66036,78.54546,10.00009,20.00008,13798.08,12641.62
0.9539365,-0.9540006,78.54707,-0.005311894,12641.62,12.25,10.00045,6157.194,1686.728,0,0.9529609,0.9540006,-0.001039696,-0.0298552,199.0529,19.12282,39737.75,310858.3,6955.213,12641.62,99.04626,99.04626,59.66036,78.54546,10.00009,20.00008,13798.08,12641.62
0.9539284,-0.9539263,78.54707,-0.005311103,12641.63,12.25,10.00045,6157.197,1686.693,0,0.9529605,0.9539263,-0.000965825,-0.02983271,199.0529,19.11997,39634.15,310965.8,6955.214,12641.63,99.04626,99.04626,59.66036,78.54546,10.00009,20.00008,13798.08,12641.63
0.9539389,-0.9539696,78.54707,-0.005310125,12641.63,12.25,10.00045,6157.197,1686.659,0,0.9529606,0.9539696,-0.001008983,-0.02981062,199.053,19.11645,39649.69,310950.3,6955.213,12641.63,99.04626,99.04626,59.66036,78.54546,10.00009,20.00008,13798.08,12641.63
0.9539387,-0.9539624,78.54707,-0.00530949,12641.63,12.25,10.00045,6157.197,1686.625,0,0.9529607,0.9539624,-0.001001719,-0.02978867,199.053,19.11417,39665.23,310934.8,6955.213,12641.63,99.04626,99.04626,59.66036,78.54546,10.00009,20.00008,13798.08,12641.63
0.9539297,-0.9539567,78.54707,-0.005309037,12641.63,12.25,10.00045,6157.197,1686.59,0,0.9529607,0.9539567,-0.000996044,-0.02976686,199.053,19.11253,39680.76,310919.3,6955.212,12641.63,99.04626,99.04626,59.66036,78.54546,10.00009,20.00008,13798.08,12641.63
0.9539077,-0.9539504,78.54707,-0.005308661,12641.63,12.25,10.00045,6157.197,1686.558,0,0.9529549,0.9539504,-0.00099552,-0.02974698,199.053,19.11118,39695,310905,6955.212,12641.63,99.04626,99.04626,59.66036,78.54546,10.00009,20.00008,13798.08,12641.63
0.9538962,-0.9539408,78.54707,-0.005308329,12641.63,12.25,10.00045,6157.197,1686.526,0,0.9529601,0.9539408,-0.000980773,-0.02972544,199.0531,19.10998,39710.54,310889.5,6955.211,12641.63,99.04626,99.04626,59.66036,78.54546,10.00009,20.00008,13798.08,12641.63
0.9538767,-0.9539294,78.54707,-0.005308031,12641.63,12.25,10.00045,6157.197,1686.493,0,0.9529597,0.9539294,-0.000969731,-0.02970412,199.0531,19.10891,39726.07,310874,6955.21,12641.63,99.04626,99.04626,59.66036,78.54546,10.00009,20.00008,13798.08,12641.63
0.9538555,-0.9539161,78.54707,-0.005307765,12641.63,12.25,10.00045,6157.197,1686.46,0,0.9529593,0.9539161,-0.000956758,-0.02968304,199.0531,19.10795,39737.65,310858.4,6955.209,12641.63,99.04626,99.04626,59.66036,78.54546,10.00009,20.00008,13798.08,12641.63
0.9538482,-0.9538426,78.54707,-0.005307009,12641.63,12.25,10.00045,6157.199,1686.429,0,0.9529589,0.9538426,-0.000883786,-0.02966236,199.0531,19.10523,39634.16,310965.9,6955.211,12641.63,99.04626,99.04626,59.66036,78.54546,10.00009,20.00008,13798.08,12641.63
0.9538596,-0.9538868,78.54707,-0.005306066,12641.63,12.25,10.00045,6157.199,1686.397,0,0.9529591,0.9538868,-0.00092774,-0.02964206,199.0531,19.10184,39649.69,310950.4,6955.21,12641.63,99.04626,99.04626,59.66036,78.54546,10.00009,20.00008,13798.08,12641.63
0.9538602,-0.9538805,78.54707,-0.005305465,12641.63,12.25,10.00045,6157.199,1686.366,0,0.9529592,0.9538805,-0.000921305,-0.02962187,199.0532,19.09968,39665.21,310934.9,6955.21,12641.63,99.04626,99.04626,59.66036,78.54546,10.00009,20.00008,13798.08,12641.63
0.9538546,-0.9538769,78.54707,-0.00530514,12641.63,12.25,10.00045,6157.199,1686.342,0,0.9529591,0.9538769,-0.000917705,-0.02960682,199.0532,19.09851,39676.86,310923.3,6955.209,12641.63,99.04626,99.04626,59.66036,78.54546,10.00009,20.00008,13798.08,12641.63
0.9538472,-0.953871,78.54707,-0.005304785,12641.63,12.25,10.00045,6157.199,1686.311,0,0.9529669,0.953871,-0.000904077,-0.0295885,199.0532,19.09723,39691.09,310909,6955.209,12641.63,99.04626,99.04626,59.66036,78.54546,10.00009,20.00008,13798.08,12641.63
0.9538245,-0.9538637,78.54707,-0.005304475,12641.63,12.25,10.00045,6157.199,1686.282,0,0.9529586,0.9538637,-0.000905051,-0.02956864,199.0532,19.09611,39706.61,310893.5,6955.208,12641.63,99.04626,99.04626,59.66036,78.54546,10.00009,20.00008,13798.08,12641.63
0.9538062,-0.9538536,78.54707,-0.005304202,12641.63,12.25,10.00045,6157.199,1686.251,0,0.9529583,0.9538536,-0.000895293,-0.02954896,199.0532,19.09513,39722.13,310878,6955.208,12641.63,99.04626,99.04626,59.66036,78.54546,10.00009,20.00008,13798.08,12641.63
0.9537862,-0.9538415,78.54707,-0.005303961,12641.63,12.25,10.00045,6157.199,1686.222,0,0.9529579,0.9538415,-0.000883608,-0.0295295,199.0533,19.09426,39737.65,310862.5,6955.207,12641.63,99.04626,99.04626,59.66036,78.54546,10.00009,20.00008,13798.08,12641.63
0.9537742,-0.9537656,78.54707,-0.005303189,12641.64,12.25,10.00045,6157.201,1686.185,0,0.9529574,0.9537656,-0.000808222,-0.02950565,199.0533,19.09148,39634.17,310966,6955.208,12641.64,99.04626,99.04626,59.66036,78.54546,10.00009,20.00008,13798.08,12641.64
0.9537864,-0.9538105,78.54707,-0.005302276,12641.64,12.25,10.00045,6157.201,1686.156,0,0.9529576,0.9538105,-0.00085286,-0.029487,199.0533,19.08819,39649.68,310950.5,6955.208,12641.64,99.04626,99.04626,59.66036,78.54546,10.00009,20.00008,13798.08,12641.64
0.9537878,-0.9538049,78.54707,-0.005301707,12641.64,12.25,10.00045,6157.201,1686.127,0,0.9529577,0.9538049,-0.000847174,-0.02946844,199.0533,19.08615,39665.2,310935,6955.208,12641.64,99.04626,99.04626,59.66036,78.54546,10.00009,20.00008,13798.08,12641.64
0.9537804,-0.9538007,78.54707,-0.005301319,12641.64,12.25,10.00045,6157.201,1686.098,0,0.9529577,0.9538007,-0.000843083,-0.02944999,199.0533,19.08475,39680.71,310919.5,6955.207,12641.64,99.04626,99.04626,59.66036,78.54546,10.00009,20.00008,13798.08,12641.64
0.953761,-0.953796,78.54707,-0.005301008,12641.64,12.25,10.00045,6157.201,1686.07,0,0.9529528,0.953796,-0.000843159,-0.02943316,199.0533,19.08363,39694.93,310905.3,6955.207,12641.64,99.04626,99.04626,59.66036,78.54546,10.00009,20.00008,13798.08,12641.64
0.9537501,-0.953788,78.54707,-0.005300739,12641.64,12.25,10.00045,6157.201,1686.043,0,0.9529572,0.953788,-0.000830904,-0.02941492,199.0534,19.08266,39710.44,310889.8,6955.206,12641.64,99.04626,99.04626,59.66036,78.54546,10.00009,20.00008,13798.08,12641.64
0.9537321,-0.9537783,78.54707,-0.005300506,12641.64,12.25,10.00045,6157.201,1686.015,0,0.9529568,0.9537783,-0.000821459,-0.02939686,199.0534,19.08182,39725.95,310874.3,6955.206,12641.64,99.04626,99.04626,59.66036,78.54546,10.00009,20.00008,13798.08,12641.64
0.9537074,-0.9537632,78.54707,-0.005300258,12641.64,12.25,10.00045,6157.201,1685.981,0,0.9529563,0.9537632,-0.000806899,-0.02937458,199.0534,19.08093,39745.34,310854.9,6955.205,12641.64,99.04626,99.04626,59.66036,78.54546,10.00009,20.00008,13798.08,12641.64
0.9537101,-0.9537501,78.54707,-0.005299357,12641.64,12.25,10.00045,6157.204,1685.954,0,0.9529561,0.9537501,-0.000793991,-0.02935723,199.0534,19.07768,39638.05,310962.2,6955.206,12641.64,99.04626,99.04626,59.66036,78.54546,10.00009,20.00008,13798.08,12641.64
0.9537207,-0.9537386,78.54707,-0.005298575,12641.64,12.25,10.00045,6157.204,1685.928,0,0.9529563,0.9537386,-0.000782319,-0.0293401,199.0534,19.07487,39653.56,310946.7,6955.206,12641.64,99.04626,99.04626,59.66036,78.54546,10.00009,20.00008,13798.08,12641.64
0.9537203,-0.9537346,78.54707,-0.005298095,12641.64,12.25,10.00045,6157.204,1685.901,0,0.9529564,0.9537346,-0.000778187,-0.02932307,199.0535,19.07314,39669.06,310931.2,6955.205,12641.64,99.04626,99.04626,59.66036,78.54546,10.00009,20.00008,13798.08,12641.64
0.953712,-0.953731,78.54707,-0.005297754,12641.64,12.25,10.00045,6157.204,1685.874,0,0.9529563,0.953731,-0.000774689,-0.02930612,199.0535,19.07191,39684.56,310919.5,6955.205,12641.64,99.04626,99.04626,59.66036,78.54546,10.00009,20.00008,13798.08,12641.64
0.9536974,-0.9537267,78.54707,-0.005297485,12641.64,12.25,10.00045,6157.204,1685.849,0,0.952956,0.9537267,-0.00077076,-0.02929066,199.0535,19.07095,39698.77,310901.5,6955.205,12641.64,99.04626,99.04626,59.66036,78.54546,10.00009,20.00008,13798.08,12641.64
0.9536818,-0.9537187,78.54707,-0.005297256,12641.64,12.25,10.00045,6157.204,1685.824,0,0.9529558,0.9537187,-0.000762923,-0.0292739,199.0535,19.07012,39714.27,310886,6955.204,12641.64,99.04626,99.04626,59.66036,78.54546,10.00009,20.00008,13798.08,12641.64
0.9536638,-0.9537092,78.54707,-0.005297059,12641.64,12.25,10.00045,6157.204,1685.798,0,0.9529555,0.9537092,-0.000753701,-0.02925732,199.0535,19.06941,39729.78,310870.5,6955.204,12641.64,99.04626,99.04626,59.66036,78.54546,10.00009,20.00008,13798.08,12641.64
0.9536445,-0.9536976,78.54707,-0.005296893,12641.64,12.25,10.00045,6157.204,1685.773,0,0.9529551,0.9536976,-0.000742492,-0.02924095,199.0535,19.06882,39745.28,310855,6955.203,12641.64,99.04626,99.04626,59.66036,78.54546,10.00009,20.00008,13798.08,12641.64
0.9536479,-0.953685,78.54707,-0.005296021,12641.65,12.25,10.00045,6157.206,1685.749,0,0.9529548,0.953685,-0.000730246,-0.029225,199.0536,19.06568,39638.06,310962.3,6955.204,12641.65,99.04626,99.04626,59.66036,78.54546,10.00009,20.00008,13798.08,12641.65
0.9536601,-0.9536732,78.54707,-0.005295134,12641.65,12.25,10.00045,6157.206,1685.718,0,0.9529551,0.9536732,-0.000718079,-0.02920533,199.0536,19.06248,39657.43,310942.9,6955.204,12641.65,99.04626,99.04626,59.66036,78.54546,10.00009,20.00008,13798.08,12641.65
0.953658,-0.9536703,78.54707,-0.005294729,12641.65,12.25,10.00045,6157.206,1685.694,0,0.9529552,0.9536703,-0.00071507,-0.02918969,199.0536,19.06103,39672.92,310927.4,6955.204,12641.65,99.04626,99.04626,59.66036,78.54546,10.00009,20.00008,13798.08,12641.65
0.9536486,-0.953667,78.54707,-0.005294447,12641.65,12.25,10.00045,6157.206,1685.669,0,0.9529551,0.953667,-0.00071197,-0.02917411,199.0536,19.06001,39687.12,310911.9,6955.203,12641.65,99.04626,99.04626,59.66036,78.54546,10.00009,20.00008,13798.08,12641.65
0.9536304,-0.9536605,78.54707,-0.005294161,12641.65,12.25,10.00045,6157.206,1685.64,0,0.9529548,0.9536605,-0.000705814,-0.02915604,199.0536,19.05898,39706.48,310893.8,6955.203,12641.65,99.04626,99.04626,59.66036,78.54546,10.00009,20.00008,13798.08,12641.65
0.9536141,-0.9536527,78.54707,-0.005293975,12641.65,12.25,10.00045,6157.206,1685.617,0,0.9529545,0.9536527,-0.000698191,-0.0291407,199.0536,19.05831,39721.98,310878.4,6955.202,12641.65,99.04626,99.04626,59.66036,78.54546,10.00009,20.00008,13798.08,12641.65
0.953596,-0.9536427,78.54707,-0.005293819,12641.65,12.25,10.00045,6157.206,1685.593,0,0.9529541,0.9536427,-0.000688582,-0.02912553,199.0536,19.05775,39737.47,310862.9,6955.202,12641.65,99.04626,99.04626,59.66036,78.54546,10.00009,20.00008,13798.08,12641.65
0.9535829,-0.9536308,78.54707,-0.005293428,12641.65,12.25,10.00045,6157.208,1685.571,0,0.9529538,0.9536308,-0.000677066,-0.02911057,199.0537,19.05634,39630.32,310970.1,6955.2,12641.65,99.04626,99.04626,59.66036,78.54546,10.00009,20.00008,13798.08,12641.65
0.9535978,-0.9536181,78.54707,-0.005292496,12641.65,12.25,10.00045,6157.208,1685.548,0,0.9529538,0.9536181,-0.000664308,-0.02909612,199.0537,19.05298,39645.8,310954.6,6955.203,12641.65,99.04626,99.04626,59.66036,78.54546,10.00009,20.00008,13798.08,12641.65
0.953604,-0.9536133,78.54707,-0.005291941,12641.65,12.25,10.00045,6157.208,1685.526,0,0.9529541,0.9536133,-0.00065928,-0.02908169,199.0537,19.05099,39661.29,310939.1,6955.202,12641.65,99.04626,99.04626,59.66036,78.54546,10.00009,20.00008,13798.08,12641.65
0.9536003,-0.9536112,78.54707,-0.005291602,12641.65,12.25,10.00045,6157.208,1685.503,0,0.9529541,0.9536112,-0.000657105,-0.02906732,199.0537,19.04977,39676.77,310923.6,6955.202,12641.65,99.04626,99.04626,59.66036,78.54546,10.00009,20.00008,13798.08,12641.65
0.953594,-0.9536082,78.54707,-0.00529136,12641.65,12.25,10.00045,6157.208,1685.48,0,0.9529597,0.9536082,-0.000648462,-0.0290542,199.0537,19.0489,39690.97,310909.4,6955.202,12641.65,99.04626,99.04626,59.66036,78.54546,10.00009,20.00008,13798.08,12641.65
0.953572,-0.9536017,78.54707,-0.005291119,12641.65,12.25,10.00045,6157.208,1685.454,0,0.9529536,0.9536017,-0.000648113,-0.02903642,199.0537,19.04803,39710.32,310890.1,6955.201,12641.65,99.04626,99.04626,59.66036,78.54546,10.00009,20.00008,13798.08,12641.65
0.9535557,-0.9535939,78.54707,-0.005290966,12641.65,12.25,10.00045,6157.208,1685.432,0,0.9529533,0.9535939,-0.000640608,-0.02902233,199.0538,19.04748,39725.8,310874.6,6955.201,12641.65,99.04626,99.04626,59.66036,78.54546,10.00009,20.00008,13798.08,12641.65
0.9535379,-0.9535841,78.54707,-0.005290842,12641.65,12.25,10.00045,6157.208,1685.411,0,0.952953,0.9535841,-0.000631091,-0.02900841,199.0538,19.04703,39741.29,310859.2,6955.2,12641.65,99.04626,99.04626,59.66036,78.54546,10.00009,20.00008,13798.08,12641.65
0.9535378,-0.95357,78.54707,-0.005289996,12641.66,12.25,10.00045,6157.21,1685.385,0,0.9529526,0.95357,-0.000617362,-0.02899149,199.0538,19.04398,39638.07,310962.4,6955.202,12641.66,99.04626,99.04626,59.66036,78.54546,10.00009,20.00008,13798.08,12641.66
0.9535501,-0.9535605,78.54707,-0.005289294,12641.66,12.25,10.00045,6157.21,1685.365,0,0.9529529,0.9535605,-0.000607525,-0.0289782,199.0538,19.04146,39653.54,310946.9,6955.201,12641.66,99.04626,99.04626,59.66036,78.54546,10.00009,20.00008,13798.08,12641.66
0.9535515,-0.9535583,78.54707,-0.005288891,12641.66,12.25,10.00045,6157.21,1685.344,0,0.952953,0.9535583,-0.000605195,-0.02896497,199.0538,19.04,39669.02,310931.4,6955.201,12641.66,99.04626,99.04626,59.66036,78.54546,10.00009,20.00008,13798.08,12641.66
0.9535447,-0.9535565,78.54707,-0.005288635,12641.66,12.25,10.00045,6157.21,1685.323,0,0.952953,0.9535565,-0.000603479,-0.02895179,199.0538,19.03909,39684.5,310916,6955.201,12641.66,99.04626,99.04626,59.66036,78.54546,10.00009,20.00008,13798.08,12641.66
0.953532,-0.9535537,78.54707,-0.00528844,12641.66,12.25,10.00045,6157.21,1685.303,0,0.9529527,0.9535537,-0.000601017,-0.02893974,199.0538,19.03838,39698.68,310901.8,6955.201,12641.66,99.04626,99.04626,59.66036,78.54546,10.00009,20.00009,13798.08,12641.66
0.9535142,-0.9535459,78.54707,-0.005288251,12641.66,12.25,10.00045,6157.21,1685.278,0,0.9529524,0.9535459,-0.000593414,-0.02892343,199.0538,19.0377,39718.02,310882.4,6955.2,12641.66,99.04626,99.04626,59.66036,78.54546,10.00009,20.00009,13798.08,12641.66
0.9534931,-0.9535352,78.54707,-0.005288111,12641.66,12.25,10.00045,6157.21,1685.254,0,0.9529521,0.9535352,-0.000583128,-0.02890734,199.0539,19.0372,39737.37,310863.1,6955.199,12641.66,99.04626,99.04626,59.66036,78.54546,10.00009,20.00009,13798.08,12641.66
0.9534811,-0.9535245,78.54707,-0.005287767,12641.66,12.25,10.00045,6157.212,1685.235,0,0.9529517,0.9535245,-0.000572717,-0.02889468,199.0539,19.03596,39630.33,310970.2,6955.198,12641.66,99.04626,99.04626,59.66036,78.54546,10.00009,20.00009,13798.08,12641.66
0.9535,-0.9535113,78.54707,-0.005286727,12641.66,12.25,10.00045,6157.212,1685.211,0,0.9529519,0.9535113,-0.0005594,-0.02887945,199.0539,19.03222,39649.67,310950.8,6955.201,12641.66,99.04626,99.04626,59.66036,78.54546,10.00009,20.00009,13798.08,12641.66
0.9535043,-0.9535089,78.54707,-0.005286288,12641.66,12.25,10.00045,6157.212,1685.192,0,0.9529521,0.9535089,-0.000556749,-0.02886727,199.0539,19.03064,39665.14,310935.4,6955.2,12641.66,99.04626,99.04626,59.66036,78.54546,10.00009,20.00009,13798.08,12641.66
0.9534977,-0.9535074,78.54707,-0.005285978,12641.66,12.25,10.00045,6157.212,1685.168,0,0.9529521,0.9535074,-0.000555269,-0.02885211,199.0539,19.02952,39684.47,310916,6955.2,12641.66,99.04626,99.04626,59.66036,78.54546,10.00009,20.00009,13798.08,12641.66
0.9534855,-0.953505,78.54707,-0.005285805,12641.66,12.25,10.00045,6157.212,1685.15,0,0.9529518,0.953505,-0.000553231,-0.02884103,199.0539,19.0289,39698.65,310901.8,6955.2,12641.66,99.04626,99.04626,59.66036,78.54546,10.00009,20.00009,13798.08,12641.66
0.953472,-0.9534995,78.54707,-0.005285672,12641.66,12.25,10.00045,6157.212,1685.131,0,0.9529516,0.9534995,-0.000547854,-0.028829,199.054,19.02842,39714.12,310886.4,6955.2,12641.66,99.04626,99.04626,59.66036,78.54546,10.00009,20.00009,13798.08,12641.66
0.9534521,-0.9534901,78.54707,-0.005285549,12641.66,12.25,10.00045,6157.212,1685.109,0,0.9529513,0.9534901,-0.000538823,-0.02881414,199.054,19.02798,39733.45,310867.1,6955.199,12641.66,99.04626,99.04626,59.66036,78.54546,10.00009,20.00009,13798.08,12641.66
0.9534346,-0.9534803,78.54707,-0.005285487,12641.67,12.25,10.00045,6157.215,1685.091,0,0.9529509,0.9534803,-0.000529362,-0.02880245,199.054,19.02775,39626.47,310851.6,6955.198,12641.67,99.04626,99.04626,59.66036,78.54546,10.00009,20.00009,13798.08,12641.67
0.9534489,-0.9534687,78.54707,-0.005284521,12641.67,12.25,10.00045,6157.215,1685.074,0,0.9529508,0.9534687,-0.00051788,-0.02879118,199.054,19.02428,39641.94,310958.6,6955.2,12641.67,99.04626,99.04626,59.66036,78.54546,10.00009,20.00009,13798.08,12641.67
0.9534602,-0.9534633,78.54707,-0.00528386,12641.67,12.25,10.00045,6157.215,1685.052,0,0.9529512,0.9534633,-0.000512035,-0.02877718,199.054,19.02189,39661.27,310939.3,6955.2,12641.67,99.04626,99.04626,59.66036,78.54546,10.00009,20.00009,13798.08,12641.67
0.9534581,-0.9534626,78.54707,-0.005283587,12641.67,12.25,10.00045,6157.215,1685.034,0,0.9529513,0.9534626,-0.000511378,-0.02876602,199.054,19.02091,39676.72,310923.8,6955.2,12641.67,99.04626,99.04626,59.66036,78.54546,10.00009,20.00009,13798.08,12641.67
0.9534523,-0.9534612,78.54707,-0.005283412,12641.67,12.25,10.00045,6157.215,1685.016,0,0.9529557,0.9534612,-0.000505519,-0.0287558,199.054,19.02028,39690.89,310909.7,6955.2,12641.67,99.04626,99.04626,59.66036,78.54546,10.00009,20.00009,13798.08,12641.67
0.9534366,-0.9534578,78.54707,-0.005283279,12641.67,12.25,10.00045,6157.215,1685,0,0.9529509,0.9534578,-0.000506884,-0.0287447,199.054,19.01981,39706.36,310894.2,6955.2,12641.67,99.04626,99.04626,59.66036,78.54546,10.00009,20.00009,13798.08,12641.67
0.9534183,-0.9534503,78.54707,-0.005283163,12641.67,12.25,10.00045,6157.215,1684.979,0,0.9529506,0.9534503,-0.000499701,-0.02873094,199.054,19.01939,39725.68,310874.9,6955.199,12641.67,99.04626,99.04626,59.66036,78.54546,10.00009,20.00009,13798.08,12641.67
0.9534018,-0.9534419,78.54707,-0.005283104,12641.67,12.25,10.00045,6157.215,1684.962,0,0.9529502,0.9534419,-0.00049166,-0.02872009,199.0541,19.01917,39741.14,310859.4,6955.198,12641.67,99.04626,99.04626,59.66036,78.54546,10.00009,20.00009,13798.08,12641.67
0.9534035,-0.9534297,78.54707,-0.005282339,12641.67,12.25,10.00045,6157.217,1684.942,0,0.9529499,0.9534297,-0.000479745,-0.02870696,199.0541,19.01642,39638.07,310962.5,6955.2,12641.67,99.04626,99.04626,59.66036,78.54546,10.00009,20.00009,13798.08,12641.67
0.9534172,-0.9534216,78.54707,-0.005281701,12641.67,12.25,10.00045,6157.217,1684.926,0,0.9529503,0.9534216,-0.000471337,-0.02869666,199.0541,19.01412,39653.53,310947.1,6955.2,12641.67,99.04626,99.04626,59.66036,78.54546,10.00009,20.00009,13798.08,12641.67
0.9534199,-0.9534209,78.54707,-0.005281361,12641.67,12.25,10.00045,6157.217,1684.91,0,0.9529504,0.9534209,-0.00047041,-0.02868639,199.0541,19.0129,39668.98,310931.6,6955.2,12641.67,99.04626,99.04626,59.66036,78.54546,10.00009,20.00009,13798.08,12641.67
0.9534146,-0.9534205,78.54707,-0.005281167,12641.67,12.25,10.00045,6157.217,1684.894,0,0.9529504,0.9534205,-0.000470084,-0.02867614,199.0541,19.0122,39684.43,310916.2,6955.2,12641.67,99.04626,99.04626,59.66036,78.54546,10.00009,20.00009,13798.08,12641.67
0.9534033,-0.953419,78.54707,-0.005281033,12641.67,12.25,10.00045,6157.217,1684.878,0,0.9529502,0.953419,-0.000468796,-0.02866676,199.0541,19.01172,39698.6,310902,6955.2,12641.67,99.04626,99.04626,59.66036,78.54546,10.00009,20.00009,13798.08,12641.67
0.9533907,-0.9534144,78.54707,-0.00528094,12641.67,12.25,10.00045,6157.217,1684.863,0,0.95295,0.9534144,-0.000464393,-0.02865657,199.0541,19.01138,39714.05,310886.5,6955.199,12641.67,99.04626,99.04626,59.66036,78.54546,10.00009,20.00009,13798.08,12641.67
0.9533756,-0.9534081,78.54707,-0.005280877,12641.67,12.25,10.00045,6157.217,1684.847,0,0.9529497,0.9534081,-0.000458306,-0.02864648,199.0541,19.01116,39729.5,310871.1,6955.199,12641.67,99.04626,99.04626,59.66036,78.54546,10.00009,20.00009,13798.08,12641.67
0.9533594,-0.9533996,78.54707,-0.005280844,12641.67,12.25,10.00045,6157.217,1684.832,0,0.9529494,0.9533996,-0.000450185,-0.02863653,199.0541,19.01104,39744.96,310855.7,6955.198,12641.67,99.04626,99.04626,59.66036,78.54546,10.00009,20.00009,13798.08,12641.67
0.9533656,-0.9533902,78.54707,-0.005280107,12641.68,12.25,10.00045,6157.219,1684.818,0,0.9529492,0.9533902,-0.000440992,-0.02862693,199.0542,19.00839,39638.07,310962.6,6955.2,12641.68,99.04626,99.04626,59.66036,78.54546,10.00009,20.00009,13798.08,12641.68
0.9533815,-0.9533822,78.54707,-0.005279387,12641.68,12.25,10.00045,6157.219,1684.799,0,0.9529496,0.9533822,-0.000432586,-0.02861512,199.0542,19.00579,39657.39,310943.3,6955.2,12641.68,99.04626,99.04626,59.66036,78.54546,10.00009,20.00009,13798.08,12641.68
0.9533812,-0.9533823,78.54707,-0.005279067,12641.68,12.25,10.00045,6157.219,1684.78,0,0.9529497,0.9533823,-0.000432586,-0.02860333,199.0542,19.00464,39676.7,310923.9,6955.2,12641.68,99.04626,99.04626,59.66036,78.54546,10.00009,20.00009,13798.08,12641.68
0.9533758,-0.9533817,78.54707,-0.005278928,12641.68,12.25,10.00045,6157.219,1684.765,0,0.9529535,0.9533817,-0.00042823,-0.02859469,199.0542,19.00414,39690.85,310909.8,6955.2,12641.68,99.04626,99.04626,59.66036,78.54546,10.00009,20.00009,13798.08,12641.68
0.9533613,-0.9533791,78.54707,-0.005278833,12641.68,12.25,10.00045,6157.219,1684.751,0,0.9529494,0.9533791,-0.000429668,-0.02858528,199.0542,19.0038,39706.3,310894.3,6955.2,12641.68,99.04626,99.04626,59.66036,78.54546,10.00009,20.00009,13798.08,12641.68
0.9533439,-0.9533726,78.54707,-0.005278762,12641.68,12.25,10.00045,6157.219,1684.733,0,0.9529491,0.9533726,-0.000423511,-0.02857362,199.0542,19.00354,39725.61,310875,6955.199,12641.68,99.04626,99.04626,59.66036,78.54546,10.00009,20.00009,13798.08,12641.68
0.9533283,-0.9533651,78.54707,-0.005278739,12641.68,12.25,10.00045,6157.219,1684.719,0,0.9529488,0.9533651,-0.000416268,-0.02856443,199.0542,19.00346,39741.05,310859.6,6955.199,12641.68,99.04626,99.04626,59.66036,78.54546,10.00009,20.00009,13798.08,12641.68
0.953326,-0.9532977,78.54707,-0.005278234,12641.68,12.25,10.00045,6157.221,1684.706,0,0.9529485,0.9532977,-0.000349238,-0.0285555,199.0542,19.00164,39634.21,310966.4,6955.2,12641.68,99.04626,99.04626,59.66036,78.54546,10.00009,20.00009,13798.08,12641.68
0.9533453,-0.9533466,78.54707,-0.005277418,12641.68,12.25,10.00045,6157.221,1684.689,0,0.9529489,0.9533466,-0.000397698,-0.02854467,199.0542,18.9987,39653.52,310947.1,6955.2,12641.68,99.04626,99.04626,59.66036,78.54546,10.00009,20.00009,13798.08,12641.68
0.9533488,-0.9533466,78.54707,-0.005277113,12641.68,12.25,10.00045,6157.221,1684.675,0,0.952949,0.9533466,-0.00039753,-0.028536,199.0542,18.99761,39668.96,310931.7,6955.2,12641.68,99.04626,99.04626,59.66036,78.54546,10.00009,20.00009,13798.08,12641.68
0.9533421,-0.9533468,78.54707,-0.005276926,12641.68,12.25,10.00045,6157.221,1684.658,0,0.952949,0.9533468,-0.000397879,-0.02852516,199.0543,18.99693,39686.97,310912.4,6955.2,12641.68,99.04626,99.04626,59.66036,78.54546,10.00009,20.00009,13798.08,12641.68
0.953331,-0.9533452,78.54707,-0.005276836,12641.68,12.25,10.00045,6157.221,1684.645,0,0.9529487,0.9533452,-0.000396423,-0.02851722,199.0543,18.99661,39702.41,310898.3,6955.2,12641.68,99.04626,99.04626,59.66036,78.54546,10.00009,20.00009,13798.08,12641.68
0.9533148,-0.9533398,78.54707,-0.005276777,12641.68,12.25,10.00045,6157.221,1684.628,0,0.9529485,0.9533398,-0.000391316,-0.02850646,199.0543,18.9964,39721.71,310879,6955.2,12641.68,99.04626,99.04626,59.66036,78.54546,10.00009,20.00009,13798.08,12641.68
0.9532958,-0.9533312,78.54707,-0.005276763,12641.68,12.25,10.00045,6157.221,1684.612,0,0.9529482,0.9533312,-0.000383023,-0.02849586,199.0543,18.99635,39741.02,310859.7,6955.199,12641.68,99.04626,99.04626,59.66036,78.54546,10.00009,20.00009,13798.08,12641.68
0.9532988,-0.9533204,78.54707,-0.005276065,12641.69,12.25,10.00045,6157.224,1684.597,0,0.9529479,0.9533204,-0.00037252,-0.02848568,199.0543,18.99383,39638.08,310962.6,6955.201,12641.69,99.04626,99.04626,59.66036,78.54546,10.00009,20.00009,13798.08,12641.69
0.9533136,-0.9533135,78.54707,-0.00527548,12641.69,12.25,10.00045,6157.224,1684.585,0,0.9529482,0.9533135,-0.000365226,-0.02847772,199.0543,18.99173,39653.52,310947.2,6955.2,12641.69,99.04626,99.04626,59.66036,78.54546,10.00009,20.00009,13798.08,12641.69
0.9533173,-0.9533138,78.54707,-0.00527519,12641.69,12.25,10.00045,6157.224,1684.572,0,0.9529484,0.9533138,-0.000365393,-0.02846976,199.0543,18.99068,39668.95,310931.8,6955.201,12641.69,99.04626,99.04626,59.66036,78.54546,10.00009,20.00009,13798.08,12641.69
0.9533111,-0.9533145,78.54707,-0.005275024,12641.69,12.25,10.00045,6157.224,1684.556,0,0.9529484,0.9533145,-0.000366155,-0.02845979,199.0543,18.99009,39686.96,310912.4,6955.201,12641.69,99.04626,99.04626,59.66036,78.54546,10.00009,20.00009,13798.08,12641.69
0.9532976,-0.9533124,78.54707,-0.005274937,12641.69,12.25,10.00045,6157.224,1684.541,0,0.9529482,0.9533124,-0.000364287,-0.02845049,199.0543,18.98977,39706.25,310894.4,6955.2,12641.69,99.04626,99.04626,59.66036,78.54546,10.00009,20.00009,13798.08,12641.69
0.9532846,-0.9533082,78.54707,-0.005274909,12641.69,12.25,10.00045,6157.224,1684.529,0,0.9529479,0.9533082,-0.000360319,-0.02844258,199.0543,18.98967,39721.68,310879,6955.2,12641.69,99.04626,99.04626,59.66036,78.54546,10.0001,20.00009,13798.08,12641.69
0.953266,-0.9533,78.54707,-0.005274915,12641.69,12.25,10.00045,6157.224,1684.514,0,0.9529476,0.9533,-0.000352431,-0.02843282,199.0544,18.98969,39740.98,310859.7,6955.199,12641.69,99.04626,99.04626,59.66036,78.54546,10.0001,20.00009,13798.08,12641.69
0.9532644,-0.9532334,78.54707,-0.005274442,12641.69,12.25,10.00045,6157.226,1684.502,0,0.9529473,0.9532334,-0.00028611,-0.02842528,199.0544,18.98799,39634.22,310966.5,6955.201,12641.69,99.04626,99.04626,59.66036,78.54546,10.0001,20.00009,13798.08,12641.69
0.9532844,-0.953283,78.54707,-0.005273665,12641.69,12.25,10.00045,6157.226,1684.488,0,0.9529476,0.953283,-0.000335347,-0.02841616,199.0544,18.9852,39653.51,310947.2,6955.201,12641.69,99.04626,99.04626,59.66036,78.54546,10.0001,20.00009,13798.08,12641.69
0.9532881,-0.953284,78.54707,-0.00527335,12641.69,12.25,10.00045,6157.226,1684.474,0,0.9529479,0.953284,-0.000336145,-0.02840702,199.0544,18.98406,39672.8,310927.9,6955.201,12641.69,99.04626,99.04626,59.66036,78.54546,10.0001,20.00009,13798.08,12641.69
0.9532823,-0.9532847,78.54707,-0.005273223,12641.69,12.25,10.00045,6157.226,1684.459,0,0.9529508,0.9532847,-0.000333929,-0.02839847,199.0544,18.9836,39690.8,310909.9,6955.201,12641.69,99.04626,99.04626,59.66036,78.54546,10.0001,20.00009,13798.08,12641.69
0.9532695,-0.953283,78.54707,-0.005273174,12641.69,12.25,10.00045,6157.226,1684.448,0,0.9529476,0.953283,-0.000335456,-0.02839113,199.0544,18.98343,39706.23,310894.5,6955.201,12641.69,99.04626,99.04626,59.66036,78.54546,10.0001,20.00009,13798.08,12641.69
0.9532534,-0.9532778,78.54707,-0.005273153,12641.69,12.25,10.00045,6157.226,1684.434,0,0.9529473,0.9532778,-0.000330552,-0.02838203,199.0544,18.98335,39725.52,310879,6955.201,12641.69,99.04626,99.04626,59.66036,78.54546,10.0001,20.00009,13798.08,12641.69
0.9532388,-0.9532713,78.54707,-0.005273178,12641.69,12.25,10.00045,6157.226,1684.423,0,0.952947,0.9532713,-0.000324327,-0.02837486,199.0544,18.98344,39740.95,310859.8,6955.2,12641.69,99.04626,99.04626,59.66036,78.54546,10.0001,20.00009,13798.08,12641.69
0.9532424,-0.9532614,78.54707,-0.005272519,12641.7,12.25,10.00045,6157.228,1684.41,0,0.9529467,0.9532614,-0.00031464,-0.02836627,199.0544,18.98107,39638.08,310962.7,6955.202,12641.7,99.04626,99.04626,59.66036,78.54546,10.0001,20.00009,13798.08,12641.7
0.9532597,-0.9532551,78.54707,-0.005271878,12641.7,12.25,10.00045,6157.228,1684.397,0,0.9529472,0.9532551,-0.000307879,-0.02835789,199.0544,18.97876,39657.36,310943.4,6955.202,12641.7,99.04626,99.04626,59.66036,78.54546,10.0001,20.00009,13798.08,12641.7
0.9532617,-0.9532564,78.54707,-0.005271665,12641.7,12.25,10.00045,6157.228,1684.386,0,0.9529473,0.9532564,-0.0003091,-0.02835117,199.0544,18.97799,39672.79,310927.9,6955.202,12641.7,99.04626,99.04626,59.66036,78.54546,10.0001,20.00009,13798.08,12641.7
0.9532565,-0.9532574,78.54707,-0.005271572,12641.7,12.25,10.00045,6157.228,1684.375,0,0.9529473,0.9532574,-0.000310186,-0.02834442,199.0544,18.97766,39686.93,310912.5,6955.202,12641.7,99.04626,99.04626,59.66036,78.54546,10.0001,20.00009,13798.08,12641.7
0.9532436,-0.9532561,78.54707,-0.00527152,12641.7,12.25,10.00045,6157.228,1684.363,0,0.9529471,0.9532561,-0.000308993,-0.02833654,199.0544,18.97747,39706.21,310894.5,6955.202,12641.7,99.04626,99.04626,59.66036,78.54546,10.0001,20.00009,13798.08,12641.7
0.9532278,-0.9532512,78.54707,-0.005271523,12641.7,12.25,10.00045,6157.228,1684.35,0,0.9529468,0.9532512,-0.000304425,-0.02832816,199.0544,18.97748,39725.49,310875.3,6955.202,12641.7,99.04626,99.04626,59.66036,78.54546,10.0001,20.00009,13798.08,12641.7
0.9532095,-0.953243,78.54707,-0.005271572,12641.7,12.25,10.00045,6157.228,1684.337,0,0.9529464,0.953243,-0.000296607,-0.02831993,199.0545,18.97766,39744.77,310856,6955.201,12641.7,99.04626,99.04626,59.66036,78.54546,10.0001,20.00009,13798.08,12641.7
0.9532222,-0.953232,78.54707,-0.00527074,12641.7,12.25,10.00045,6157.23,1684.326,0,0.9529463,0.953232,-0.000285637,-0.02831214,199.0545,18.97466,39641.94,310958.8,6955.203,12641.7,99.04626,99.04626,59.66036,78.54546,10.0001,20.00009,13798.08,12641.7
0.9532364,-0.9532295,78.54707,-0.005270221,12641.7,12.25,10.00045,6157.23,1684.313,0,0.9529467,0.9532295,-0.000282781,-0.02830445,199.0545,18.9728,39661.21,310939.5,6955.203,12641.7,99.04626,99.04626,59.66036,78.54546,10.0001,20.00009,13798.08,12641.7
0.9532355,-0.9532317,78.54707,-0.005270039,12641.7,12.25,10.00045,6157.23,1684.301,0,0.9529468,0.9532317,-0.000284867,-0.02829672,199.0545,18.97214,39680.48,310920.3,6955.203,12641.7,99.04626,99.04626,59.66036,78.54546,10.0001,20.00009,13798.08,12641.7
0.953225,-0.9532322,78.54707,-0.005269979,12641.7,12.25,10.00045,6157.23,1684.289,0,0.9529467,0.9532322,-0.000285514,-0.02828948,199.0545,18.97192,39698.48,310902.3,6955.203,12641.7,99.04626,99.04626,59.66036,78.54546,10.0001,20.00009,13798.08,12641.7
0.953214,-0.9532297,78.54707,-0.005269975,12641.7,12.25,10.00045,6157.23,1684.279,0,0.9529465,0.9532297,-0.000283222,-0.02828327,199.0545,18.97191,39713.89,310886.9,6955.203,12641.7,99.04626,99.04626,59.66036,78.54546,10.0001,20.00009,13798.08,12641.7
0.9531973,-0.9532239,78.54707,-0.005270012,12641.7,12.25,10.00045,6157.23,1684.267,0,0.9529462,0.9532239,-0.000277671,-0.0282756,199.0545,18.97204,39733.17,310867.6,6955.202,12641.7,99.04626,99.04626,59.66036,78.54546,10.0001,20.00009,13798.08,12641.7
0.9531825,-0.9532169,78.54707,-0.005270076,12641.71,12.25,10.00045,6157.232,1684.259,0,0.9529459,0.9532169,-0.000270935,-0.02826958,199.0545,18.97227,39626.52,310852.2,6955.202,12641.71,99.04626,99.04626,59.66036,78.54546,10.0001,20.00009,13798.08,12641.71
0.9532037,-0.9532064,78.54707,-0.005269098,12641.71,12.25,10.00045,6157.232,1684.248,0,0.9529459,0.9532064,-0.000260456,-0.02826252,199.0545,18.96875,39645.79,310955,6955.204,12641.71,99.04626,99.04626,59.66036,78.54546,10.0001,20.00009,13798.08,12641.71
0.9532147,-0.9532064,78.54707,-0.005268686,12641.71,12.25,10.00045,6157.232,1684.237,0,0.9529464,0.9532064,-0.000260027,-0.02825546,199.0545,18.96727,39665.06,310935.7,6955.204,12641.71,99.04626,99.04626,59.66036,78.54546,10.0001,20.00009,13798.08,12641.71
0.9532118,-0.9532087,78.54707,-0.005268557,12641.71,12.25,10.00045,6157.232,1684.225,0,0.9529464,0.9532087,-0.000262361,-0.02824836,199.0545,18.9668,39684.33,310916.4,6955.204,12641.71,99.04626,99.04626,59.66036,78.54546,10.0001,20.00009,13798.08,12641.71
0.9532005,-0.9532086,78.54707,-0.005268524,12641.71,12.25,10.00045,6157.232,1684.214,0,0.9529462,0.9532086,-0.000262472,-0.02824168,199.0545,18.96669,39702.31,310898.5,6955.204,12641.71,99.04626,99.04626,59.66036,78.54546,10.0001,20.00009,13798.08,12641.71
0.9531859,-0.9532051,78.54707,-0.00526855,12641.71,12.25,10.00045,6157.232,1684.203,0,0.9529459,0.9532051,-0.000259171,-0.02823456,199.0546,18.96678,39721.58,310879.2,6955.204,12641.71,99.04626,99.04626,59.66036,78.54546,10.0001,20.00009,13798.08,12641.71
0.9531686,-0.9531983,78.54707,-0.005268619,12641.71,12.25,10.00045,6157.232,1684.192,0,0.9529456,0.9531983,-0.000252607,-0.02822755,199.0546,18.96703,39740.85,310859.9,6955.203,12641.71,99.04626,99.04626,59.66036,78.54546,10.0001,20.00009,13798.08,12641.71
0.953168,-0.9531327,78.54707,-0.005268199,12641.71,12.25,10.00045,6157.235,1684.184,0,0.9529454,0.9531327,-0.000187399,-0.02822218,199.0546,18.96552,39634.23,310966.6,6955.205,12641.71,99.04626,99.04626,59.66036,78.54546,10.0001,20.00009,13798.08,12641.71
0.9531893,-0.9531836,78.54707,-0.005267486,12641.71,12.25,10.00045,6157.235,1684.174,0,0.9529458,0.9531836,-0.000237846,-0.02821575,199.0546,18.96295,39653.49,310947.3,6955.205,12641.71,99.04626,99.04626,59.66036,78.54546,10.0001,20.00009,13798.08,12641.71
0.9531942,-0.9531859,78.54707,-0.005267234,12641.71,12.25,10.00045,6157.235,1684.164,0,0.9529459,0.9531859,-0.000239898,-0.02820925,199.0546,18.96204,39672.76,310928,6955.205,12641.71,99.04626,99.04626,59.66036,78.54546,10.0001,20.00009,13798.08,12641.71
0.9531897,-0.9531876,78.54707,-0.005267177,12641.71,12.25,10.00045,6157.235,1684.155,0,0.9529459,0.9531876,-0.000241708,-0.02820402,199.0546,18.96184,39686.88,310912.6,6955.205,12641.71,99.04626,99.04626,59.66036,78.54546,10.0001,20.00009,13798.08,12641.71
0.9531778,-0.9531871,78.54707,-0.00526717,12641.71,12.25,10.00045,6157.235,1684.145,0,0.9529458,0.9531871,-0.000241378,-0.02819787,199.0546,18.96181,39706.15,310894.6,6955.205,12641.71,99.04626,99.04626,59.66036,78.54546,10.0001,20.00009,13798.08,12641.71
0.9531627,-0.9531832,78.54707,-0.005267218,12641.71,12.25,10.00045,6157.235,1684.135,0,0.9529455,0.9531832,-0.000237725,-0.02819133,199.0546,18.96198,39725.41,310875.4,6955.205,12641.71,99.04626,99.04626,59.66036,78.54546,10.0001,20.00009,13798.08,12641.71
0.9531453,-0.953176,78.54707,-0.005267311,12641.71,12.25,10.00045,6157.235,1684.125,0,0.9529452,0.953176,-0.000230792,-0.0281849,199.0546,18.96232,39744.68,310856.1,6955.205,12641.71,99.04626,99.04626,59.66036,78.54546,10.0001,20.00009,13798.08,12641.71
0.9531589,-0.9531658,78.54707,-0.005266524,12641.72,12.25,10.00045,6157.237,1684.116,0,0.9529451,0.9531658,-0.00022069,-0.0281789,199.0546,18.95949,39641.93,310958.9,6955.207,12641.72,99.04626,99.04626,59.66036,78.54546,10.0001,20.00009,13798.08,12641.72
0.9531739,-0.9531642,78.54707,-0.005266048,12641.72,12.25,10.00045,6157.237,1684.107,0,0.9529455,0.9531642,-0.000218681,-0.02817297,199.0546,18.95777,39661.19,310939.6,6955.207,12641.72,99.04626,99.04626,59.66036,78.54546,10.0001,20.00009,13798.08,12641.72
0.9531747,-0.9531667,78.54707,-0.005265921,12641.72,12.25,10.00045,6157.237,1684.099,0,0.9529456,0.9531667,-0.000221045,-0.02816819,199.0546,18.95732,39676.6,310924.2,6955.207,12641.72,99.04626,99.04626,59.66036,78.54546,10.0001,20.00009,13798.08,12641.72
0.9531641,-0.9531684,78.54707,-0.00526589,12641.72,12.25,10.00045,6157.237,1684.088,0,0.9529454,0.9531684,-0.000222967,-0.02816135,199.0546,18.9572,39698.43,310902.4,6955.207,12641.72,99.04626,99.04626,59.66036,78.54546,10.0001,20.00009,13798.08,12641.72
0.9531507,-0.9531659,78.54707,-0.005265931,12641.72,12.25,10.00045,6157.237,1684.078,0,0.9529452,0.9531659,-0.000220722,-0.0281553,199.0546,18.95735,39717.69,310883.1,6955.207,12641.72,99.04626,99.04626,59.66036,78.54546,10.0001,20.00009,13798.08,12641.72
0.9531343,-0.9531603,78.54707,-0.005266018,12641.72,12.25,10.00045,6157.237,1684.069,0,0.9529449,0.9531603,-0.000215325,-0.02814932,199.0546,18.95767,39736.95,310863.8,6955.206,12641.72,99.04626,99.04626,59.66036,78.54546,10.0001,20.00009,13798.08,12641.72
0.953126,-0.9531534,78.54707,-0.005265857,12641.72,12.25,10.00045,6157.239,1684.063,0,0.9529446,0.9531534,-0.000208753,-0.02814467,199.0546,18.95708,39630.38,310970.4,6955.205,12641.72,99.04626,99.04626,59.66036,78.54546,10.0001,20.00009,13798.08,12641.72
0.9531493,-0.9531451,78.54707,-0.005265045,12641.72,12.25,10.00045,6157.239,1684.054,0,0.9529449,0.9531451,-0.000200164,-0.02813931,199.0546,18.95416,39649.63,310951.2,6955.208,12641.72,99.04626,99.04626,59.66036,78.54546,10.0001,20.00009,13798.08,12641.72
0.9531577,-0.9531471,78.54707,-0.005264753,12641.72,12.25,10.00045,6157.239,1684.045,0,0.9529452,0.9531471,-0.000201868,-0.02813386,199.0546,18.95311,39668.89,310931.9,6955.208,12641.72,99.04626,99.04626,59.66036,78.54546,10.0001,20.00009,13798.08,12641.72
0.9531552,-0.9531496,78.54707,-0.005264694,12641.72,12.25,10.00045,6157.239,1684.038,0,0.9529452,0.9531496,-0.000204308,-0.02812945,199.0547,18.9529,39684.29,310916.5,6955.208,12641.72,99.04626,99.04626,59.66036,78.54546,10.0001,20.00009,13798.08,12641.72
0.9531447,-0.9531502,78.54707,-0.005264701,12641.72,12.25,10.00045,6157.239,1684.029,0,0.9529451,0.9531502,-0.000205122,-0.02812425,199.0547,18.95292,39702.26,310898.5,6955.208,12641.72,99.04626,99.04626,59.66036,78.54546,10.0001,20.00009,13798.08,12641.72
0.9531308,-0.9531475,78.54707,-0.005264765,12641.72,12.25,10.00045,6157.239,1684.021,0,0.9529449,0.9531475,-0.000202596,-0.02811868,199.0547,18.95315,39721.52,310879.3,6955.208,12641.72,99.04626,99.04626,59.66036,78.54546,10.0001,20.00009,13798.08,12641.72
0.9531142,-0.9531413,78.54707,-0.005264872,12641.72,12.25,10.00045,6157.239,1684.012,0,0.9529445,0.9531413,-0.000196773,-0.02811321,199.0547,18.95354,39740.78,310860,6955.208,12641.72,99.04626,99.04626,59.66036,78.54546,10.0001,20.00009,13798.08,12641.72
0.9531195,-0.953133,78.54707,-0.005264296,12641.73,12.25,10.00045,6157.241,1684.005,0,0.9529443,0.953133,-0.000188695,-0.02810808,199.0547,18.95147,39638.08,310962.8,6955.209,12641.73,99.04626,99.04626,59.66036,78.54546,10.0001,20.00009,13798.08,12641.73
0.953136,-0.953128,78.54707,-0.005263808,12641.73,12.25,10.00045,6157.241,1683.999,0,0.9529447,0.953128,-0.000183312,-0.02810412,199.0547,18.94971,39653.48,310947.3,6955.209,12641.73,99.04626,99.04626,59.66036,78.54546,10.0001,20.00009,13798.08,12641.73
0.9531416,-0.953131,78.54707,-0.005263593,12641.73,12.25,10.00045,6157.241,1683.99,0,0.9529449,0.953131,-0.000186065,-0.0280991,199.0547,18.94893,39672.73,310928.1,6955.209,12641.73,99.04626,99.04626,59.66036,78.54546,10.0001,20.00009,13798.08,12641.73
0.9531377,-0.9531333,78.54707,-0.005263565,12641.73,12.25,10.00045,6157.241,1683.984,0,0.9529449,0.9531333,-0.00018843,-0.02809504,199.0547,18.94883,39686.85,310912.7,6955.209,12641.73,99.04626,99.04626,59.66036,78.54546,10.0001,20.00009,13798.08,12641.73
0.9531265,-0.9531335,78.54707,-0.005263594,12641.73,12.25,10.00045,6157.241,1683.976,0,0.9529448,0.9531335,-0.000188759,-0.02809024,199.0547,18.94894,39706.1,310894.7,6955.209,12641.73,99.04626,99.04626,59.66036,78.54546,10.0001,20.00009,13798.08,12641.73
0.9531121,-0.9531303,78.54707,-0.005263678,12641.73,12.25,10.00045,6157.241,1683.968,0,0.9529445,0.9531303,-0.000185805,-0.02808513,199.0547,18.94924,39725.35,310875.5,6955.209,12641.73,99.04626,99.04626,59.66036,78.54546,10.0001,20.00009,13798.08,12641.73
0.9530953,-0.9531237,78.54707,-0.005263806,12641.73,12.25,10.00045,6157.241,1683.96,0,0.9529442,0.9531237,-0.000179551,-0.02808011,199.0547,18.9497,39744.61,310856.2,6955.209,12641.73,99.04626,99.04626,59.66036,78.54546,10.0001,20.00009,13798.08,12641.73
0.9531043,-0.9531172,78.54707,-0.005263212,12641.73,12.25,10.00045,6157.244,1683.955,0,0.952944,0.9531172,-0.000173179,-0.02807641,199.0547,18.94756,39638.08,310962.8,6955.211,12641.73,99.04626,99.04626,59.66036,78.54546,10.0001,20.00009,13798.08,12641.73
0.9531235,-0.9531127,78.54707,-0.005262666,12641.73,12.25,10.00045,6157.244,1683.948,0,0.9529445,0.9531127,-0.000168241,-0.02807186,199.0547,18.9456,39657.33,310943.5,6955.211,12641.73,99.04626,99.04626,59.66036,78.54546,10.0001,20.00009,13798.08,12641.73
0.9531264,-0.9531163,78.54707,-0.005262516,12641.73,12.25,10.00045,6157.244,1683.94,0,0.9529446,0.9531163,-0.000171639,-0.02806725,199.0547,18.94506,39676.57,310924.3,6955.211,12641.73,99.04626,99.04626,59.66036,78.54546,10.0001,20.00009,13798.08,12641.73
0.9531177,-0.9531186,78.54707,-0.005262516,12641.73,12.25,10.00045,6157.244,1683.932,0,0.9529436,0.9531186,-0.000175021,-0.02806287,199.0547,18.94506,39694.54,310906.3,6955.211,12641.73,99.04626,99.04626,59.66036,78.54546,10.0001,20.00009,13798.08,12641.73
0.9531095,-0.9531181,78.54707,-0.005262564,12641.73,12.25,10.00045,6157.244,1683.927,0,0.9529444,0.9531181,-0.000173658,-0.02805909,199.0547,18.94523,39709.93,310890.9,6955.211,12641.73,99.04626,99.04626,59.66036,78.54546,10.0001,20.00009,13798.08,12641.73
0.9530947,-0.9531144,78.54707,-0.005262666,12641.73,12.25,10.00045,6157.244,1683.919,0,0.9529442,0.9531144,-0.00017023,-0.02805438,199.0547,18.9456,39729.18,310871.6,6955.211,12641.73,99.04626,99.04626,59.66036,78.54546,10.0001,20.00009,13798.08,12641.73
0.9530778,-0.9531074,78.54707,-0.005262815,12641.73,12.25,10.00045,6157.244,1683.913,0,0.9529438,0.9531074,-0.000163543,-0.0280498,199.0547,18.94613,39748.43,310852.4,6955.21,12641.73,99.04626,99.04626,59.66036,78.54546,10.0001,20.00009,13798.08,12641.73
0.9530978,-0.9530962,78.54707,-0.005261928,12641.74,12.25,10.00045,6157.246,1683.905,0,0.9529439,0.9530962,-0.000152288,-0.02804482,199.0547,18.94294,39645.78,310955.1,6955.212,12641.74,99.04626,99.04626,59.66036,78.54546,10.0001,20.00009,13798.08,12641.74
0.9531098,-0.9530967,78.54707,-0.005261624,12641.74,12.25,10.00045,6157.246,1683.9,0,0.9529442,0.9530967,-0.000152511,-0.02804152,199.0547,18.94185,39661.17,310939.7,6955.213,12641.74,99.04626,99.04626,59.66036,78.54546,10.0001,20.00009,13798.08,12641.74
0.9531101,-0.9531015,78.54707,-0.005261538,12641.74,12.25,10.00045,6157.246,1683.891,0,0.9529443,0.9531015,-0.000157177,-0.02803649,199.0547,18.94154,39682.98,310916.6,6955.213,12641.74,99.04626,99.04626,59.66036,78.54546,10.0001,20.00009,13798.08,12641.74
0.9531009,-0.953103,78.54707,-0.005261585,12641.74,12.25,10.00045,6157.246,1683.885,0,0.9529442,0.953103,-0.000158791,-0.02803248,199.0547,18.9417,39702.22,310898.6,6955.213,12641.74,99.04626,99.04626,59.66036,78.54546,10.0001,20.00009,13798.08,12641.74
0.9530875,-0.9531012,78.54707,-0.00526169,12641.74,12.25,10.00045,6157.246,1683.878,0,0.952944,0.9531012,-0.000157257,-0.02802817,199.0547,18.94208,39721.47,310879.3,6955.213,12641.74,99.04626,99.04626,59.66036,78.54546,10.0001,20.00009,13798.08,12641.74
0.9530715,-0.953096,78.54707,-0.005261837,12641.74,12.25,10.00045,6157.246,1683.871,0,0.9529437,0.953096,-0.000152286,-0.02802392,199.0547,18.94261,39740.71,310860.1,6955.212,12641.74,99.04626,99.04626,59.66036,78.54546,10.0001,20.00009,13798.08,12641.74
0.9530687,-0.9530281,78.54707,-0.005261504,12641.74,12.25,10.00045,6157.248,1683.866,0,0.9529433,0.9530281,-8.47E-05,-0.02801994,199.0548,18.94142,39634.23,310966.6,6955.214,12641.74,99.04626,99.04626,59.66036,78.54546,10.0001,20.00009,13798.08,12641.74
0.9530891,-0.9530817,78.54707,-0.005260934,12641.74,12.25,10.00045,6157.248,1683.861,0,0.9529437,0.9530817,-0.000138,-0.028017,199.0548,18.93936,39649.62,310951.2,6955.214,12641.74,99.04626,99.04626,59.66036,78.54546,10.0001,20.00009,13798.08,12641.74
0.9530993,-0.9530857,78.54707,-0.005260672,12641.74,12.25,10.00045,6157.248,1683.854,0,0.9529441,0.9530857,-0.000141567,-0.02801247,199.0548,18.93842,39672.71,310928.1,6955.215,12641.74,99.04626,99.04626,59.66036,78.54546,10.0001,20.00009,13798.08,12641.74
0.9530944,-0.9530891,78.54707,-0.005260678,12641.74,12.25,10.00045,6157.248,1683.847,0,0.952944,0.9530891,-0.000145087,-0.02800884,199.0548,18.93844,39690.67,310910.2,6955.215,12641.74,99.04626,99.04626,59.66036,78.54546,10.0001,20.00009,13798.08,12641.74
0.9530838,-0.9530897,78.54707,-0.00526076,12641.74,12.25,10.00045,6157.248,1683.841,0,0.9529439,0.9530897,-0.000145771,-0.02800489,199.0548,18.93874,39709.91,310890.9,6955.215,12641.74,99.04626,99.04626,59.66036,78.54546,10.0001,20.00009,13798.08,12641.74
0.9530692,-0.9530867,78.54707,-0.005260889,12641.74,12.25,10.00045,6157.248,1683.835,0,0.9529436,0.9530867,-0.000143087,-0.02800094,199.0548,18.9392,39729.15,310871.7,6955.215,12641.74,99.04626,99.04626,59.66036,78.54546,10.0001,20.00009,13798.08,12641.74
0.9530526,-0.9530804,78.54707,-0.005261062,12641.74,12.25,10.00045,6157.248,1683.829,0,0.9529433,0.9530804,-0.000137016,-0.02799709,199.0548,18.93982,39748.39,310852.4,6955.214,12641.74,99.04626,99.04626,59.66036,78.54546,10.0001,20.00009,13798.08,12641.74
0.9530681,-0.953071,78.54707,-0.005260327,12641.75,12.25,10.00045,6157.25,1683.824,0,0.9529433,0.953071,-0.000127771,-0.02799365,199.0548,18.93718,39641.93,310958.9,6955.216,12641.75,99.04626,99.04626,59.66036,78.54546,10.0001,20.00009,13798.08,12641.75
0.9530852,-0.9530707,78.54707,-0.005259911,12641.75,12.25,10.00045,6157.25,1683.819,0,0.9529437,0.9530707,-0.000126977,-0.02799024,199.0548,18.93568,39661.16,310939.7,6955.216,12641.75,99.04626,99.04626,59.66036,78.54546,10.0001,20.00009,13798.08,12641.75
0.9530877,-0.9530753,78.54707,-0.005259836,12641.75,12.25,10.00045,6157.25,1683.813,0,0.9529452,0.9530753,-0.000130159,-0.02798698,199.0548,18.93541,39679.12,310921.7,6955.217,12641.75,99.04626,99.04626,59.66036,78.54546,10.0001,20.00009,13798.08,12641.75
0.9530795,-0.9530777,78.54707,-0.005259884,12641.75,12.25,10.00045,6157.25,1683.807,0,0.9529438,0.9530777,-0.000133962,-0.02798339,199.0548,18.93558,39698.35,310902.5,6955.217,12641.75,99.04626,99.04626,59.66036,78.54546,10.0001,20.00009,13798.08,12641.75
0.9530671,-0.9530772,78.54707,-0.005259994,12641.75,12.25,10.00045,6157.25,1683.801,0,0.9529436,0.9530772,-0.000133594,-0.02797975,199.0548,18.93598,39717.59,310883.2,6955.217,12641.75,99.04626,99.04626,59.66036,78.54546,10.0001,20.00009,13798.08,12641.75
0.9530516,-0.953073,78.54707,-0.005260147,12641.75,12.25,10.00045,6157.25,1683.795,0,0.9529433,0.953073,-0.000129668,-0.02797614,199.0548,18.93653,39736.83,310864,6955.217,12641.75,99.04626,99.04626,59.66036,78.54546,10.0001,20.00009,13798.08,12641.75
0.9530408,-0.9530655,78.54707,-0.005260071,12641.75,12.25,10.00045,6157.253,1683.791,0,0.952943,0.9530655,-0.000122505,-0.02797266,199.0548,18.93626,39630.38,310970.4,6955.215,12641.75,99.04626,99.04626,59.66036,78.54546,10.0001,20.00009,13798.08,12641.75
0.9530663,-0.953058,78.54707,-0.005259304,12641.75,12.25,10.00045,6157.253,1683.786,0,0.9529433,0.953058,-0.00011475,-0.02796966,199.0548,18.93349,39649.62,310951.2,6955.218,12641.75,99.04626,99.04626,59.66036,78.54546,10.0001,20.00009,13798.08,12641.75
0.9530766,-0.9530613,78.54707,-0.005259069,12641.75,12.25,10.00045,6157.253,1683.781,0,0.9529436,0.9530613,-0.000117715,-0.02796653,199.0548,18.93265,39668.85,310932,6955.219,12641.75,99.04626,99.04626,59.66036,78.54546,10.0001,20.00009,13798.08,12641.75
0.9530742,-0.9530654,78.54707,-0.005259061,12641.75,12.25,10.00045,6157.253,1683.775,0,0.9529436,0.9530654,-0.000121746,-0.02796351,199.0548,18.93262,39686.8,310914,6955.219,12641.75,99.04626,99.04626,59.66036,78.54546,10.0001,20.00009,13798.08,12641.75
0.9530647,-0.9530671,78.54707,-0.005259146,12641.75,12.25,10.00045,6157.253,1683.77,0,0.9529435,0.9530671,-0.000123595,-0.02796018,199.0548,18.93293,39706.04,310894.8,6955.219,12641.75,99.04626,99.04626,59.66036,78.54546,10.0001,20.00009,13798.08,12641.75
0.9530509,-0.9530652,78.54707,-0.005259281,12641.75,12.25,10.00045,6157.253,1683.764,0,0.9529433,0.9530652,-0.000121939,-0.02795682,199.0548,18.93341,39725.27,310875.6,6955.219,12641.75,99.04626,99.04626,59.66036,78.54546,10.0001,20.00009,13798.08,12641.75
0.9530348,-0.9530597,78.54707,-0.005259457,12641.75,12.25,10.00045,6157.253,1683.76,0,0.952943,0.9530597,-0.000116786,-0.02795354,199.0548,18.93405,39744.51,310856.3,6955.218,12641.75,99.04626,99.04626,59.66036,78.54546,10.0001,20.00009,13798.08,12641.75
0.9530471,-0.9530492,78.54707,-0.005258775,12641.76,12.25,10.00045,6157.255,1683.755,0,0.9529428,0.9530492,-0.00010638,-0.02795005,199.0548,18.93159,39641.92,310958.9,6955.22,12641.76,99.04626,99.04626,59.66036,78.54546,10.0001,20.00009,13798.08,12641.76
0.9530645,-0.9530491,78.54707,-0.005258371,12641.76,12.25,10.00045,6157.255,1683.75,0,0.9529433,0.9530491,-0.000105831,-0.02794722,199.0548,18.93013,39661.15,310939.7,6955.221,12641.76,99.04626,99.04626,59.66036,78.54546,10.0001,20.00009,13798.08,12641.76
0.9530666,-0.9530537,78.54707,-0.005258303,12641.76,12.25,10.00045,6157.255,1683.745,0,0.9529434,0.9530537,-0.000110261,-0.0279445,199.0548,18.92989,39679.1,310921.7,6955.221,12641.76,99.04626,99.04626,59.66036,78.54546,10.0001,20.00009,13798.08,12641.76
0.9530597,-0.9530568,78.54707,-0.005258366,12641.76,12.25,10.00045,6157.255,1683.74,0,0.9529434,0.9530568,-0.000113435,-0.02794147,199.0548,18.93012,39698.33,310902.5,6955.221,12641.76,99.04626,99.04626,59.66036,78.54546,10.0001,20.00009,13798.08,12641.76
0.9530473,-0.9530565,78.54707,-0.005258491,12641.76,12.25,10.00045,6157.255,1683.735,0,0.9529432,0.9530565,-0.000113361,-0.02793839,199.0548,18.93057,39717.57,310883.3,6955.221,12641.76,99.04626,99.04626,59.66036,78.54546,10.0001,20.00009,13798.08,12641.76
0.953032,-0.9530526,78.54707,-0.005258656,12641.76,12.25,10.00045,6157.255,1683.73,0,0.9529429,0.9530526,-0.000109679,-0.02793533,199.0548,18.93116,39736.8,310864,6955.221,12641.76,99.04626,99.04626,59.66036,78.54546,10.0001,20.00009,13798.08,12641.76
0.9530213,-0.9530453,78.54707,-0.005258593,12641.76,12.25,10.00045,6157.257,1683.726,0,0.9529426,0.9530453,-0.000102742,-0.0279324,199.0548,18.93093,39630.38,310970.4,6955.22,12641.76,99.04626,99.04626,59.66036,78.54546,10.0001,20.00009,13798.08,12641.76
0.9530471,-0.9530381,78.54707,-0.005257837,12641.76,12.25,10.00045,6157.257,1683.723,0,0.9529428,0.9530381,-9.52E-05,-0.02792993,199.0549,18.92822,39649.61,310951.2,6955.223,12641.76,99.04626,99.04626,59.66036,78.54546,10.0001,20.00009,13798.08,12641.76
0.953059,-0.9530417,78.54707,-0.005257611,12641.76,12.25,10.00045,6157.257,1683.718,0,0.9529442,0.9530417,-9.75E-05,-0.02792751,199.0549,18.9274,39667.56,310933.3,6955.223,12641.76,99.04626,99.04626,59.66036,78.54546,10.0001,20.00009,13798.08,12641.76
0.953056,-0.953046,78.54707,-0.005257616,12641.76,12.25,10.00045,6157.257,1683.714,0,0.9529433,0.953046,-0.000102752,-0.0279248,199.0549,18.92742,39686.79,310914,6955.223,12641.76,99.04626,99.04626,59.66036,78.54546,10.0001,20.00009,13798.08,12641.76
0.9530464,-0.9530481,78.54707,-0.005257716,12641.76,12.25,10.00045,6157.257,1683.709,0,0.9529431,0.9530481,-0.000104907,-0.02792198,199.0549,18.92778,39706.02,310894.8,6955.223,12641.76,99.04626,99.04626,59.66036,78.54546,10.0001,20.00009,13798.08,12641.76
0.9530327,-0.9530464,78.54707,-0.005257864,12641.76,12.25,10.00045,6157.257,1683.704,0,0.9529429,0.9530464,-0.00010348,-0.02791914,199.0549,18.92831,39725.25,310875.6,6955.223,12641.76,99.04626,99.04626,59.66036,78.54546,10.0001,20.00009,13798.08,12641.76
0.9530168,-0.9530411,78.54707,-0.005258052,12641.76,12.25,10.00045,6157.257,1683.7,0,0.9529426,0.9530411,-9.85E-05,-0.02791636,199.0549,18.92899,39744.48,310856.3,6955.223,12641.76,99.04626,99.04626,59.66036,78.54546,10.0001,20.00009,13798.08,12641.76
0.9530237,-0.9530337,78.54707,-0.005257533,12641.77,12.25,10.00045,6157.26,1683.697,0,0.9529424,0.9530337,-9.13E-05,-0.02791391,199.0549,18.92712,39638.07,310962.8,6955.225,12641.77,99.04626,99.04626,59.66036,78.54546,10.0001,20.00009,13798.08,12641.77
0.953047,-0.9530309,78.54707,-0.005256991,12641.77,12.25,10.00045,6157.26,1683.692,0,0.952943,0.9530309,-8.80E-05,-0.02791112,199.0549,18.92517,39659.86,310939.7,6955.225,12641.77,99.04626,99.04626,59.66036,78.54546,10.0001,20.00009,13798.08,12641.77
0.9530499,-0.9530358,78.54707,-0.005256933,12641.77,12.25,10.00045,6157.26,1683.688,0,0.9529431,0.9530358,-9.27E-05,-0.02790885,199.0549,18.92496,39679.09,310921.7,6955.225,12641.77,99.04626,99.04626,59.66036,78.54546,10.0001,20.00009,13798.08,12641.77
0.9530407,-0.9530396,78.54707,-0.005257035,12641.77,12.25,10.00045,6157.26,1683.683,0,0.952943,0.9530396,-9.65E-05,-0.02790578,199.0549,18.92533,39702.16,310898.7,6955.226,12641.77,99.04626,99.04626,59.66036,78.54546,10.0001,20.00009,13798.08,12641.77
0.9530277,-0.9530388,78.54707,-0.005257181,12641.77,12.25,10.00045,6157.26,1683.678,0,0.9529428,0.9530388,-9.59E-05,-0.02790316,199.0549,18.92585,39721.39,310879.4,6955.226,12641.77,99.04626,99.04626,59.66036,78.54546,10.0001,20.00009,13798.08,12641.77
0.9530122,-0.9530343,78.54707,-0.005257367,12641.77,12.25,10.00045,6157.26,1683.675,0,0.9529425,0.9530343,-9.17E-05,-0.02790058,199.0549,18.92652,39740.62,310860.2,6955.225,12641.77,99.04626,99.04626,59.66036,78.54546,10.0001,20.00009,13798.08,12641.77
0.9530159,-0.9530256,78.54707,-0.005256896,12641.77,12.25,10.00045,6157.262,1683.671,0,0.9529423,0.9530256,-8.34E-05,-0.02789784,199.0549,18.92483,39638.07,310962.8,6955.227,12641.77,99.04626,99.04626,59.66036,78.54546,10.0001,20.00009,13798.08,12641.77
0.9530372,-0.9530221,78.54707,-0.0052564,12641.77,12.25,10.00045,6157.262,1683.668,0,0.9529427,0.9530221,-7.94E-05,-0.02789575,199.0549,18.92304,39656.02,310943.5,6955.227,12641.77,99.04626,99.04626,59.66036,78.54546,10.0001,20.00009,13798.08,12641.77
0.9530424,-0.9530281,78.54707,-0.005256308,12641.77,12.25,10.00045,6157.262,1683.663,0,0.952943,0.9530281,-8.51E-05,-0.02789324,199.0549,18.92271,39679.08,310921.7,6955.228,12641.77,99.04626,99.04626,59.66036,78.54546,10.0001,20.00009,13798.08,12641.77
0.9530354,-0.9530316,78.54707,-0.005256393,12641.77,12.25,10.00045,6157.262,1683.659,0,0.9529429,0.9530316,-8.87E-05,-0.0278909,199.0549,18.92301,39698.3,310902.5,6955.228,12641.77,99.04626,99.04626,59.66036,78.54546,10.0001,20.00009,13798.08,12641.77
0.9530232,-0.9530316,78.54707,-0.005256536,12641.77,12.25,10.00045,6157.262,1683.655,0,0.9529427,0.9530316,-8.89E-05,-0.02788848,199.0549,18.92353,39717.53,310883.3,6955.228,12641.77,99.04626,99.04626,59.66036,78.54546,10.0001,20.00009,13798.08,12641.77
0.9530049,-0.9530267,78.54707,-0.00525676,12641.77,12.25,10.00045,6157.262,1683.651,0,0.9529424,0.9530267,-8.44E-05,-0.02788562,199.0549,18.92434,39740.6,310860.2,6955.228,12641.77,99.04626,99.04626,59.66036,78.54546,10.0001,20.00009,13798.08,12641.77
0.9530088,-0.9530182,78.54707,-0.005256296,12641.78,12.25,10.00045,6157.264,1683.647,0,0.9529421,0.9530182,-7.61E-05,-0.02788313,199.0549,18.92267,39638.07,310962.8,6955.229,12641.78,99.04626,99.04626,59.66036,78.54546,10.0001,20.00009,13798.08,12641.78
0.953032,-0.9530149,78.54707,-0.005255804,12641.78,12.25,10.00045,6157.264,1683.644,0,0.9529433,0.9530149,-7.15E-05,-0.02788136,199.0549,18.92089,39656.01,310944.8,6955.229,12641.78,99.04626,99.04626,59.66036,78.54546,10.0001,20.00009,13798.08,12641.78
0.9530357,-0.953021,78.54707,-0.00525572,12641.78,12.25,10.00045,6157.264,1683.64,0,0.9529428,0.953021,-7.81E-05,-0.02787894,199.0549,18.92059,39679.07,310921.7,6955.23,12641.78,99.04626,99.04626,59.66036,78.54546,10.0001,20.00009,13798.08,12641.78
0.9530286,-0.9530246,78.54707,-0.005255811,12641.78,12.25,10.00045,6157.264,1683.636,0,0.9529428,0.9530246,-8.18E-05,-0.02787679,199.0549,18.92092,39698.3,310902.5,6955.23,12641.78,99.04626,99.04626,59.66036,78.54546,10.0001,20.00009,13798.08,12641.78
0.9530164,-0.9530246,78.54707,-0.005255961,12641.78,12.25,10.00045,6157.264,1683.632,0,0.9529426,0.9530246,-8.21E-05,-0.02787456,199.0549,18.92146,39717.52,310883.3,6955.23,12641.78,99.04626,99.04626,59.66036,78.54546,10.0001,20.00009,13798.08,12641.78
0.9529949,-0.9530185,78.54707,-0.005256235,12641.78,12.25,10.00045,6157.264,1683.628,0,0.9529422,0.9530185,-7.64E-05,-0.0278715,199.0549,18.92245,39744.43,310856.4,6955.229,12641.78,99.04626,99.04626,59.66036,78.54546,10.0001,20.00009,13798.08,12641.78
0.9530022,-0.9530113,78.54707,-0.005255732,12641.79,12.25,10.00045,6157.267,1683.625,0,0.952942,0.9530113,-6.94E-05,-0.02786965,199.0549,18.92064,39638.07,310962.8,6955.231,12641.79,99.04626,99.04626,59.66036,78.54546,10.0001,20.00009,13798.08,12641.79
0.9530246,-0.9530078,78.54707,-0.005255243,12641.79,12.25,10.00045,6157.267,1683.623,0,0.952942,0.9530078,-6.58E-05,-0.02786805,199.0549,18.91887,39656.01,310944.8,6955.232,12641.79,99.04626,99.04626,59.66036,78.54546,10.0001,20.00009,13798.08,12641.79
0.9530298,-0.9530134,78.54707,-0.005255159,12641.79,12.25,10.00045,6157.267,1683.619,0,0.9529427,0.9530134,-7.07E-05,-0.02786623,199.0549,18.91858,39675.23,310925.6,6955.232,12641.79,99.04626,99.04626,59.66036,78.54546,10.0001,20.00009,13798.08,12641.79
0.9530243,-0.9530177,78.54707,-0.00525524,12641.79,12.25,10.00045,6157.267,1683.616,0,0.9529427,0.9530177,-7.50E-05,-0.02786427,199.0549,18.91886,39694.45,310906.3,6955.232,12641.79,99.04626,99.04626,59.66036,78.54546,10.0001,20.00009,13798.08,12641.79
0.9530101,-0.9530182,78.54707,-0.005255418,12641.79,12.25,10.00045,6157.267,1683.611,0,0.9529424,0.9530182,-7.58E-05,-0.02786181,199.0549,18.91951,39717.51,310883.3,6955.232,12641.79,99.04626,99.04626,59.66036,78.54546,10.0001,20.00009,13798.08,12641.79
0.9529952,-0.9530146,78.54707,-0.005255611,12641.79,12.25,10.00045,6157.267,1683.608,0,0.9529422,0.9530146,-7.25E-05,-0.02785977,199.0549,18.9202,39736.73,310864.1,6955.232,12641.79,99.04626,99.04626,59.66036,78.54546,10.0001,20.00009,13798.08,12641.79
0.9529902,-0.9529465,78.54707,-0.005255374,12641.79,12.25,10.00045,6157.269,1683.606,0,0.9529418,0.9529465,-4.78E-06,-0.02785759,199.0549,18.91935,39634.22,310966.6,6955.234,12641.79,99.04626,99.04626,59.66036,78.54546,10.0001,20.00009,13798.08,12641.79
0.9530161,-0.953001,78.54707,-0.005254769,12641.79,12.25,10.00045,6157.269,1683.604,0,0.9529419,0.953001,-5.92E-05,-0.02785618,199.0549,18.91717,39652.16,310948.6,6955.234,12641.79,99.04626,99.04626,59.66036,78.54546,10.0001,20.00009,13798.08,12641.79
0.953024,-0.9530075,78.54707,-0.005254637,12641.79,12.25,10.00045,6157.269,1683.6,0,0.9529426,0.9530075,-6.49E-05,-0.0278542,199.0549,18.91669,39675.22,310925.6,6955.234,12641.79,99.04626,99.04626,59.66036,78.54546,10.0001,20.00009,13798.08,12641.79
0.9530184,-0.9530118,78.54707,-0.005254722,12641.79,12.25,10.00045,6157.269,1683.596,0,0.9529426,0.9530118,-6.92E-05,-0.0278524,199.0549,18.917,39694.44,310906.3,6955.235,12641.79,99.04626,99.04626,59.66036,78.54546,10.0001,20.00009,13798.08,12641.79
0.9530044,-0.9530124,78.54707,-0.005254906,12641.79,12.25,10.00045,6157.269,1683.592,0,0.9529423,0.9530124,-7.00E-05,-0.02785013,199.0549,18.91766,39717.5,310883.3,6955.235,12641.79,99.04626,99.04626,59.66036,78.54546,10.0001,20.00009,13798.08,12641.79
0.9529895,-0.9530088,78.54707,-0.005255102,12641.79,12.25,10.00045,6157.269,1683.59,0,0.9529421,0.9530088,-6.68E-05,-0.02784825,199.0549,18.91837,39736.72,310864.1,6955.234,12641.79,99.04626,99.04626,59.66036,78.54546,10.0001,20.00009,13798.08,12641.79
0.9529846,-0.9529408,78.54707,-0.00525487,12641.79,12.25,10.00045,6157.271,1683.587,0,0.9529417,0.9529408,8.76E-07,-0.02784625,199.0549,18.91753,39634.22,310966.6,6955.236,12641.79,99.04626,99.04626,59.66036,78.54546,10.0001,20.00009,13798.08,12641.79
0.9530112,-0.9529957,78.54707,-0.005254268,12641.79,12.25,10.00045,6157.271,1683.585,0,0.9529422,0.9529957,-5.35E-05,-0.02784499,199.0549,18.91536,39652.16,310948.6,6955.236,12641.79,99.04626,99.04626,59.66036,78.54546,10.0001,20.00009,13798.08,12641.79
0.9530187,-0.9530009,78.54707,-0.005254138,12641.79,12.25,10.00045,6157.271,1683.582,0,0.9529425,0.9530009,-5.84E-05,-0.0278435,199.0549,18.9149,39671.37,310929.4,6955.237,12641.79,99.04626,99.04626,59.66036,78.54546,10.0001,20.00009,13798.08,12641.79
0.9530131,-0.9530063,78.54707,-0.005254231,12641.79,12.25,10.00045,6157.271,1683.578,0,0.9529424,0.9530063,-6.39E-05,-0.02784153,199.0549,18.91523,39694.43,310906.3,6955.237,12641.79,99.04626,99.04626,59.66036,78.54546,10.0001,20.00009,13798.08,12641.79
0.9530018,-0.9530073,78.54707,-0.005254384,12641.79,12.25,10.00045,6157.271,1683.575,0,0.9529423,0.9530073,-6.50E-05,-0.02783978,199.0549,18.91578,39713.65,310887.1,6955.237,12641.79,99.04626,99.04626,59.66036,78.54546,10.0001,20.00009,13798.08,12641.79
0.9529874,-0.9530044,78.54707,-0.005254576,12641.79,12.25,10.00045,6157.271,1683.573,0,0.952942,0.9530044,-6.24E-05,-0.02783803,199.0549,18.91647,39732.87,310867.9,6955.237,12641.79,99.04626,99.04626,59.66036,78.54546,10.0001,20.00009,13798.08,12641.79
0.9529713,-0.9529982,78.54707,-0.00525481,12641.8,12.25,10.00045,6157.273,1683.571,0,0.9529417,0.9529982,-5.65E-05,-0.02783638,199.0549,18.91732,39626.53,310848.7,6955.237,12641.8,99.04626,99.04626,59.66036,78.54546,10.0001,20.00009,13798.08,12641.8
0.9530026,-0.9529903,78.54707,-0.005253863,12641.8,12.25,10.00045,6157.273,1683.569,0,0.952942,0.9529903,-4.83E-05,-0.02783499,199.0549,18.9139,39648.31,310952.5,6955.239,12641.8,99.04626,99.04626,59.66036,78.54546,10.0001,20.00009,13798.08,12641.8
0.9530133,-0.9529947,78.54707,-0.005253669,12641.8,12.25,10.00045,6157.273,1683.566,0,0.9529424,0.9529947,-5.23E-05,-0.02783366,199.0549,18.91321,39667.53,310933.3,6955.239,12641.8,99.04626,99.04626,59.66036,78.54546,10.0001,20.00009,13798.08,12641.8
0.9530112,-0.9529999,78.54707,-0.005253715,12641.8,12.25,10.00045,6157.273,1683.563,0,0.9529424,0.9529999,-5.76E-05,-0.02783219,199.0549,18.91338,39686.74,310914,6955.24,12641.8,99.04626,99.04626,59.66036,78.54546,10.0001,20.00009,13798.08,12641.8
0.9529995,-0.9530024,78.54707,-0.005253883,12641.8,12.25,10.00045,6157.273,1683.56,0,0.9529422,0.9530024,-6.02E-05,-0.02783028,199.0549,18.91398,39709.8,310891,6955.24,12641.8,99.04626,99.04626,59.66036,78.54546,10.0001,20.00009,13798.08,12641.8
0.9529825,-0.9529995,78.54707,-0.005254112,12641.8,12.25,10.00045,6157.273,1683.557,0,0.9529419,0.9529995,-5.76E-05,-0.02782834,199.0549,18.9148,39732.86,310867.9,6955.24,12641.8,99.04626,99.04626,59.66036,78.54546,10.0001,20.00009,13798.08,12641.8
0.9529694,-0.9529917,78.54707,-0.005254129,12641.81,12.25,10.00045,6157.276,1683.555,0,0.9529415,0.9529917,-5.02E-05,-0.02782654,199.0549,18.91487,39630.38,310970.4,6955.238,12641.81,99.04626,99.04626,59.66036,78.54546,10.0001,20.00009,13798.08,12641.81
0.9530014,-0.9529861,78.54707,-0.005253334,12641.81,12.25,10.00045,6157.276,1683.553,0,0.952942,0.9529861,-4.41E-05,-0.02782534,199.0549,18.912,39652.15,310948.6,6955.241,12641.81,99.04626,99.04626,59.66036,78.54546,10.0001,20.00009,13798.08,12641.81
0.953009,-0.9529924,78.54707,-0.005253217,12641.81,12.25,10.00045,6157.276,1683.55,0,0.9529423,0.9529924,-5.01E-05,-0.02782385,199.055,18.91158,39675.21,310925.6,6955.242,12641.81,99.04626,99.04626,59.66036,78.54546,10.0001,20.00009,13798.08,12641.81
0.9530036,-0.9529967,78.54707,-0.00525331,12641.81,12.25,10.00045,6157.276,1683.547,0,0.9529423,0.9529967,-5.44E-05,-0.02782246,199.055,18.91192,39694.42,310906.3,6955.242,12641.81,99.04626,99.04626,59.66036,78.54546,10.0001,20.00009,13798.08,12641.81
0.9529897,-0.9529974,78.54707,-0.005253506,12641.81,12.25,10.00045,6157.276,1683.544,0,0.952942,0.9529974,-5.54E-05,-0.02782067,199.055,18.91262,39717.48,310883.3,6955.242,12641.81,99.04626,99.04626,59.66036,78.54546,10.0001,20.00009,13798.08,12641.81
0.9529687,-0.9529916,78.54707,-0.005253805,12641.81,12.25,10.00045,6157.276,1683.541,0,0.9529417,0.9529916,-4.99E-05,-0.02781862,199.055,18.9137,39744.38,310856.4,6955.242,12641.81,99.04626,99.04626,59.66036,78.54546,10.0001,20.00009,13798.08,12641.81
0.952984,-0.9529807,78.54707,-0.005253172,12641.81,12.25,10.00045,6157.278,1683.54,0,0.9529416,0.9529807,-3.91E-05,-0.02781731,199.055,18.91142,39640.62,310960.1,6955.244,12641.81,99.04626,99.04626,59.66036,78.54546,10.0001,20.00009,13798.08,12641.81
0.9530033,-0.9529839,78.54707,-0.005252779,12641.81,12.25,10.00045,6157.278,1683.537,0,0.9529421,0.9529839,-4.18E-05,-0.02781606,199.055,18.91001,39663.68,310937.1,6955.244,12641.81,99.04626,99.04626,59.66036,78.54546,10.0001,20.00009,13798.08,12641.81
0.9530023,-0.9529905,78.54707,-0.005252811,12641.81,12.25,10.00045,6157.278,1683.534,0,0.9529422,0.9529905,-4.83E-05,-0.02781462,199.055,18.91012,39686.73,310914,6955.245,12641.81,99.04626,99.04626,59.66036,78.54546,10.0001,20.00009,13798.08,12641.81
0.9529907,-0.9529932,78.54707,-0.005252979,12641.81,12.25,10.00045,6157.278,1683.531,0,0.9529421,0.9529932,-5.11E-05,-0.02781301,199.055,18.91072,39709.78,310891,6955.245,12641.81,99.04626,99.04626,59.66036,78.54546,10.0001,20.00009,13798.08,12641.81
0.952974,-0.9529904,78.54707,-0.00525321,12641.81,12.25,10.00045,6157.278,1683.528,0,0.9529417,0.9529904,-4.87E-05,-0.02781136,199.055,18.91156,39732.84,310867.9,6955.245,12641.81,99.04626,99.04626,59.66036,78.54546,10.0001,20.00009,13798.08,12641.81
0.9529625,-0.9529827,78.54707,-0.005253228,12641.82,12.25,10.00045,6157.28,1683.527,0,0.9529415,0.9529827,-4.12E-05,-0.02780992,199.055,18.91162,39629.09,310971.7,6955.244,12641.82,99.04626,99.04626,59.66036,78.54546,10.0001,20.00009,13798.08,12641.82
0.9529887,-0.952977,78.54707,-0.005252502,12641.82,12.25,10.00045,6157.28,1683.526,0,0.9529417,0.952977,-3.53E-05,-0.02780911,199.055,18.90901,39648.3,310952.4,6955.247,12641.82,99.04626,99.04626,59.66036,78.54546,10.0001,20.00009,13798.08,12641.82
0.9530004,-0.9529825,78.54707,-0.005252309,12641.82,12.25,10.00045,6157.28,1683.523,0,0.9529421,0.9529825,-4.04E-05,-0.02780792,199.055,18.90831,39671.36,310929.4,6955.247,12641.82,99.04626,99.04626,59.66036,78.54546,10.0001,20.00009,13798.08,12641.82
0.9529953,-0.952988,78.54707,-0.005252408,12641.82,12.25,10.00045,6157.28,1683.52,0,0.9529421,0.952988,-4.59E-05,-0.02780654,199.055,18.90867,39694.41,310906.3,6955.247,12641.82,99.04626,99.04626,59.66036,78.54546,10.0001,20.00009,13798.08,12641.82
0.9529843,-0.9529891,78.54707,-0.005252569,12641.82,12.25,10.00045,6157.28,1683.518,0,0.9529419,0.9529891,-4.72E-05,-0.02780529,199.055,18.90925,39713.62,310887.1,6955.247,12641.82,99.04626,99.04626,59.66036,78.54546,10.0001,20.00009,13798.08,12641.82
0.9529671,-0.9529856,78.54707,-0.005252817,12641.82,12.25,10.00045,6157.28,1683.516,0,0.9529416,0.9529856,-4.40E-05,-0.02780378,199.055,18.91014,39736.67,310864.1,6955.247,12641.82,99.04626,99.04626,59.66036,78.54546,10.0001,20.00009,13798.08,12641.82
0.9529561,-0.9529795,78.54707,-0.005252797,12641.82,12.25,10.00045,6157.283,1683.515,0,0.9529412,0.9529795,-3.83E-05,-0.0278027,199.055,18.91007,39630.38,310970.4,6955.246,12641.82,99.04626,99.04626,59.66036,78.54546,10.0001,20.00009,13798.08,12641.82
0.9529869,-0.9529728,78.54707,-0.00525202,12641.82,12.25,10.00045,6157.283,1683.514,0,0.9529417,0.9529728,-3.11E-05,-0.02780183,199.055,18.90727,39653.43,310947.3,6955.249,12641.82,99.04626,99.04626,59.66036,78.54546,10.0001,20.00009,13798.08,12641.82
0.9529954,-0.9529789,78.54707,-0.005251916,12641.82,12.25,10.00045,6157.283,1683.511,0,0.952942,0.9529789,-3.69E-05,-0.02780076,199.055,18.9069,39676.47,310924.3,6955.25,12641.82,99.04626,99.04626,59.66036,78.54546,10.0001,20.00009,13798.08,12641.82
0.9529887,-0.9529837,78.54707,-0.005252051,12641.82,12.25,10.00045,6157.283,1683.509,0,0.952942,0.9529837,-4.18E-05,-0.0277995,199.055,18.90738,39699.52,310901.2,6955.25,12641.82,99.04626,99.04626,59.66036,78.54546,10.0001,20.00009,13798.08,12641.82
0.9529743,-0.9529837,78.54707,-0.005252274,12641.82,12.25,10.00045,6157.283,1683.506,0,0.9529417,0.9529837,-4.20E-05,-0.02779813,199.055,18.90819,39722.57,310878.2,6955.25,12641.82,99.04626,99.04626,59.66036,78.54546,10.0001,20.00009,13798.08,12641.82
0.9529564,-0.9529786,78.54707,-0.005252556,12641.82,12.25,10.00045,6157.283,1683.505,0,0.9529414,0.9529786,-3.72E-05,-0.02779681,199.055,18.9092,39744.35,310855.1,6955.249,12641.82,99.04626,99.04626,59.66036,78.54546,10.0001,20.00009,13798.08,12641.82
0.9529696,-0.9529692,78.54707,-0.005251938,12641.83,12.25,10.00045,6157.285,1683.504,0,0.9529413,0.9529692,-2.79E-05,-0.02779597,199.055,18.90697,39641.9,310958.8,6955.251,12641.83,99.04626,99.04626,59.66036,78.54546,10.0001,20.00009,13798.08,12641.83
0.9529886,-0.95297,78.54707,-0.005251591,12641.83,12.25,10.00045,6157.285,1683.503,0,0.9529418,0.95297,-2.82E-05,-0.02779528,199.055,18.90573,39661.11,310939.6,6955.251,12641.83,99.04626,99.04626,59.66036,78.54546,10.0001,20.00009,13798.08,12641.83
0.9529911,-0.9529768,78.54707,-0.00525161,12641.83,12.25,10.00045,6157.285,1683.5,0,0.952942,0.9529768,-3.49E-05,-0.02779428,199.055,18.90579,39684.15,310916.6,6955.252,12641.83,99.04626,99.04626,59.66036,78.54546,10.0001,20.00009,13798.08,12641.83
0.9529814,-0.9529805,78.54707,-0.005251793,12641.83,12.25,10.00045,6157.285,1683.498,0,0.9529418,0.9529805,-3.87E-05,-0.0277931,199.055,18.90645,39707.2,310893.5,6955.252,12641.83,99.04626,99.04626,59.66036,78.54546,10.0001,20.00009,13798.08,12641.83
0.9529656,-0.952979,78.54707,-0.005252045,12641.83,12.25,10.00045,6157.285,1683.496,0,0.9529416,0.952979,-3.74E-05,-0.02779185,199.055,18.90736,39730.25,310870.5,6955.252,12641.83,99.04626,99.04626,59.66036,78.54546,10.0001,20.00009,13798.08,12641.83
0.9529462,-0.9529728,78.54707,-0.005252348,12641.83,12.25,10.00045,6157.287,1683.494,0,0.9529412,0.9529728,-3.16E-05,-0.02779075,199.055,18.90845,39626.53,310848.7,6955.251,12641.83,99.04626,99.04626,59.66036,78.54546,10.0001,20.00009,13798.08,12641.83
0.9529722,-0.9529648,78.54707,-0.005251518,12641.83,12.25,10.00045,6157.287,1683.494,0,0.9529414,0.9529648,-2.35E-05,-0.02779021,199.055,18.90546,39645.74,310955,6955.254,12641.83,99.04626,99.04626,59.66036,78.54546,10.0001,20.00009,13798.08,12641.83
0.9529886,-0.9529691,78.54707,-0.005251265,12641.83,12.25,10.00045,6157.287,1683.492,0,0.9529418,0.9529691,-2.73E-05,-0.02778944,199.055,18.90455,39668.78,310931.9,6955.254,12641.83,99.04626,99.04626,59.66036,78.54546,10.0001,20.00009,13798.08,12641.83
0.9529861,-0.9529756,78.54707,-0.005251363,12641.83,12.25,10.00045,6157.287,1683.49,0,0.9529419,0.9529756,-3.37E-05,-0.02778848,199.055,18.90491,39691.83,310908.9,6955.255,12641.83,99.04626,99.04626,59.66036,78.54546,10.0001,20.00009,13798.08,12641.83
0.9529738,-0.9529777,78.54707,-0.005251578,12641.83,12.25,10.00045,6157.287,1683.488,0,0.9529417,0.9529777,-3.60E-05,-0.02778736,199.055,18.90568,39714.88,310885.8,6955.255,12641.83,99.04626,99.04626,59.66036,78.54546,10.0001,20.00009,13798.08,12641.83
0.9529599,-0.9529753,78.54707,-0.005251802,12641.83,12.25,10.00045,6157.287,1683.486,0,0.9529415,0.9529753,-3.39E-05,-0.02778639,199.055,18.90649,39734.09,310866.6,6955.255,12641.83,99.04626,99.04626,59.66036,78.54546,10.0001,20.00009,13798.08,12641.83
0.9529468,-0.9529682,78.54707,-0.00525184,12641.84,12.25,10.00045,6157.29,1683.485,0,0.9529411,0.9529682,-2.71E-05,-0.02778541,199.055,18.90663,39630.37,310970.3,6955.253,12641.84,99.04626,99.04626,59.66036,78.54546,10.0001,20.00009,13798.08,12641.84
0.9529742,-0.9529619,78.54707,-0.005251144,12641.84,12.25,10.00045,6157.29,1683.485,0,0.9529414,0.9529619,-2.04E-05,-0.027785,199.055,18.90412,39649.57,310951.1,6955.256,12641.84,99.04626,99.04626,59.66036,78.54546,10.0001,20.00009,13798.08,12641.84
0.9529867,-0.9529689,78.54707,-0.005250993,12641.84,12.25,10.00045,6157.29,1683.483,0,0.9529418,0.9529689,-2.70E-05,-0.02778416,199.055,18.90357,39676.46,310924.2,6955.257,12641.84,99.04626,99.04626,59.66036,78.54546,10.0001,20.00009,13798.08,12641.84
0.9529802,-0.9529742,78.54707,-0.005251145,12641.84,12.25,10.00045,6157.29,1683.48,0,0.9529418,0.9529742,-3.24E-05,-0.02778322,199.055,18.90412,39699.51,310901.2,6955.257,12641.84,99.04626,99.04626,59.66036,78.54546,10.0001,20.00009,13798.08,12641.84
0.952966,-0.9529746,78.54707,-0.005251384,12641.84,12.25,10.00045,6157.29,1683.479,0,0.9529416,0.9529746,-3.30E-05,-0.02778216,199.055,18.90498,39722.55,310878.1,6955.257,12641.84,99.04626,99.04626,59.66036,78.54546,10.0001,20.00009,13798.08,12641.84
0.9529445,-0.9529685,78.54707,-0.005251723,12641.84,12.25,10.00045,6157.29,1683.477,0,0.9529412,0.9529685,-2.74E-05,-0.02778102,199.055,18.9062,39748.16,310852.5,6955.257,12641.84,99.04626,99.04626,59.66036,78.54546,10.0001,20.00009,13798.08,12641.84
0.9529673,-0.9529594,78.54707,-0.005250955,12641.84,12.25,10.00045,6157.292,1683.477,0,0.9529412,0.9529594,-1.82E-05,-0.02778047,199.055,18.90344,39645.73,310955,6955.259,12641.84,99.04626,99.04626,59.66036,78.54546,10.0001,20.00009,13798.08,12641.84
0.9529826,-0.9529627,78.54707,-0.005250712,12641.84,12.25,10.00045,6157.292,1683.476,0,0.9529417,0.9529627,-2.10E-05,-0.02777999,199.055,18.90257,39664.94,310935.8,6955.259,12641.84,99.04626,99.04626,59.66036,78.54546,10.0001,20.00009,13798.08,12641.84
0.9529824,-0.9529696,78.54707,-0.005250783,12641.84,12.25,10.00045,6157.292,1683.474,0,0.9529418,0.9529696,-2.78E-05,-0.02777923,199.055,18.90282,39687.98,310912.7,6955.26,12641.84,99.04626,99.04626,59.66036,78.54546,10.0001,20.00009,13798.08,12641.84
0.952969,-0.9529727,78.54707,-0.00525103,12641.84,12.25,10.00045,6157.292,1683.471,0,0.9529416,0.9529727,-3.10E-05,-0.02777812,199.055,18.90371,39714.86,310885.8,6955.26,12641.84,99.04626,99.04626,59.66036,78.54546,10.0001,20.0001,13798.08,12641.84
0.9529511,-0.9529698,78.54707,-0.005251302,12641.84,12.25,10.00045,6157.292,1683.47,0,0.9529412,0.9529698,-2.86E-05,-0.02777719,199.055,18.90469,39736.63,310864,6955.26,12641.84,99.04626,99.04626,59.66036,78.54546,10.0001,20.0001,13798.08,12641.84
0.9529479,-0.9529021,78.54707,-0.005251104,12641.85,12.25,10.00045,6157.294,1683.47,0,0.9529409,0.9529021,3.88E-05,-0.02777645,199.055,18.90397,39634.21,310966.5,6955.262,12641.85,99.04626,99.04626,59.66036,78.54546,10.0001,20.0001,13798.08,12641.85
0.9529734,-0.9529574,78.54707,-0.005250541,12641.85,12.25,10.00045,6157.294,1683.469,0,0.9529414,0.9529574,-1.60E-05,-0.02777611,199.055,18.90195,39653.41,310947.3,6955.262,12641.85,99.04626,99.04626,59.66036,78.54546,10.0001,20.0001,13798.08,12641.85
0.9529822,-0.9529641,78.54707,-0.00525046,12641.85,12.25,10.00045,6157.294,1683.468,0,0.9529418,0.9529641,-2.24E-05,-0.02777553,199.055,18.90166,39676.45,310924.2,6955.262,12641.85,99.04626,99.04626,59.66036,78.54546,10.0001,20.0001,13798.08,12641.85
0.9529757,-0.9529696,78.54707,-0.005250618,12641.85,12.25,10.00045,6157.294,1683.465,0,0.9529417,0.9529696,-2.78E-05,-0.02777474,199.055,18.90222,39699.5,310901.2,6955.263,12641.85,99.04626,99.04626,59.66036,78.54546,10.0001,20.0001,13798.08,12641.85
0.9529616,-0.95297,78.54707,-0.005250861,12641.85,12.25,10.00045,6157.294,1683.464,0,0.9529415,0.95297,-2.85E-05,-0.02777383,199.055,18.9031,39722.54,310878.1,6955.263,12641.85,99.04626,99.04626,59.66036,78.54546,10.0001,20.0001,13798.08,12641.85
0.9529434,-0.9529651,78.54707,-0.005251147,12641.85,12.25,10.00045,6157.294,1683.463,0,0.9529411,0.9529651,-2.40E-05,-0.02777299,199.055,18.90413,39744.31,310856.3,6955.262,12641.85,99.04626,99.04626,59.66036,78.54546,10.0001,20.0001,13798.08,12641.85
0.9529579,-0.952956,78.54707,-0.005250549,12641.85,12.25,10.00045,6157.296,1683.463,0,0.9529411,0.952956,-1.49E-05,-0.02777252,199.055,18.90198,39641.89,310958.8,6955.265,12641.85,99.04626,99.04626,59.66036,78.54546,10.0001,20.0001,13798.08,12641.85
0.9529784,-0.9529583,78.54707,-0.005250202,12641.85,12.25,10.00045,6157.296,1683.462,0,0.9529416,0.9529583,-1.67E-05,-0.0277721,199.055,18.90073,39664.93,310935.7,6955.265,12641.85,99.04626,99.04626,59.66036,78.54546,10.0001,20.0001,13798.08,12641.85
0.9529783,-0.9529653,78.54707,-0.005250277,12641.85,12.25,10.00045,6157.296,1683.46,0,0.9529417,0.9529653,-2.35E-05,-0.02777148,199.055,18.901,39687.97,310912.7,6955.265,12641.85,99.04626,99.04626,59.66036,78.54546,10.0001,20.0001,13798.08,12641.85
0.9529673,-0.9529684,78.54707,-0.005250488,12641.85,12.25,10.00045,6157.296,1683.458,0,0.9529416,0.9529684,-2.68E-05,-0.02777067,199.055,18.90176,39711.01,310889.6,6955.266,12641.85,99.04626,99.04626,59.66036,78.54546,10.0001,20.0001,13798.08,12641.85
0.9529504,-0.9529662,78.54707,-0.005250753,12641.85,12.25,10.00045,6157.296,1683.457,0,0.9529412,0.9529662,-2.50E-05,-0.02776986,199.055,18.90271,39732.78,310867.9,6955.265,12641.85,99.04626,99.04626,59.66036,78.54546,10.0001,20.0001,13798.08,12641.85
0.9529387,-0.9529589,78.54707,-0.005250801,12641.86,12.25,10.00045,6157.298,1683.456,0,0.9529409,0.9529589,-1.80E-05,-0.02776912,199.055,18.90288,39630.37,310970.3,6955.264,12641.86,99.04626,99.04626,59.66036,78.54546,10.0001,20.0001,13798.08,12641.86
0.9529726,-0.9529542,78.54707,-0.005250008,12641.86,12.25,10.00045,6157.298,1683.456,0,0.9529415,0.9529542,-1.27E-05,-0.02776884,199.055,18.90003,39657.25,310943.4,6955.267,12641.86,99.04626,99.04626,59.66036,78.54546,10.0001,20.0001,13798.08,12641.86
0.9529781,-0.9529613,78.54707,-0.005249994,12641.86,12.25,10.00045,6157.298,1683.454,0,0.9529417,0.9529613,-1.96E-05,-0.02776835,199.055,18.89998,39680.29,310920.3,6955.268,12641.86,99.04626,99.04626,59.66036,78.54546,10.0001,20.0001,13798.08,12641.86
0.9529699,-0.952966,78.54707,-0.005250176,12641.86,12.25,10.00045,6157.298,1683.452,0,0.9529416,0.952966,-2.44E-05,-0.02776766,199.055,18.90063,39703.33,310897.3,6955.268,12641.86,99.04626,99.04626,59.66036,78.54546,10.0001,20.0001,13798.08,12641.86
0.9529541,-0.9529657,78.54707,-0.005250428,12641.86,12.25,10.00045,6157.298,1683.451,0,0.9529412,0.9529657,-2.45E-05,-0.02776691,199.055,18.90154,39725.09,310875.5,6955.268,12641.86,99.04626,99.04626,59.66036,78.54546,10.0001,20.0001,13798.08,12641.86
0.9529371,-0.95296,78.54707,-0.005250728,12641.86,12.25,10.00045,6157.298,1683.45,0,0.952941,0.95296,-1.89E-05,-0.02776617,199.055,18.90262,39748.14,310852.5,6955.268,12641.86,99.04626,99.04626,59.66036,78.54546,10.0001,20.0001,13798.08,12641.86
0.9529597,-0.9529512,78.54707,-0.005249973,12641.86,12.25,10.00045,6157.301,1683.45,0,0.9529411,0.9529512,-1.01E-05,-0.02776589,199.055,18.8999,39645.73,310954.9,6955.27,12641.86,99.04626,99.04626,59.66036,78.54546,10.0001,20.0001,13798.08,12641.86
0.952976,-0.9529559,78.54707,-0.005249736,12641.86,12.25,10.00045,6157.301,1683.449,0,0.9529416,0.9529559,-1.43E-05,-0.02776556,199.055,18.89905,39668.77,310931.9,6955.27,12641.86,99.04626,99.04626,59.66036,78.54546,10.0001,20.0001,13798.08,12641.86
0.9529735,-0.9529625,78.54707,-0.00524985,12641.86,12.25,10.00045,6157.301,1683.448,0,0.9529417,0.9529625,-2.09E-05,-0.02776502,199.055,18.89946,39691.8,310908.8,6955.271,12641.86,99.04626,99.04626,59.66036,78.54546,10.0001,20.0001,13798.08,12641.86
0.952958,-0.9529647,78.54707,-0.00525012,12641.86,12.25,10.00045,6157.301,1683.446,0,0.9529416,0.9529647,-2.30E-05,-0.02776423,199.055,18.90043,39717.41,310883.2,6955.271,12641.86,99.04626,99.04626,59.66036,78.54546,10.0001,20.0001,13798.08,12641.86
0.9529386,-0.9529595,78.54707,-0.005250454,12641.86,12.25,10.00045,6157.301,1683.445,0,0.9529411,0.9529595,-1.84E-05,-0.02776341,199.055,18.90164,39744.29,310856.3,6955.271,12641.86,99.04626,99.04626,59.66036,78.54546,10.0001,20.0001,13798.08,12641.86
0.9529581,-0.9529496,78.54707,-0.005249757,12641.87,12.25,10.00045,6157.303,1683.445,0,0.9529411,0.9529496,-8.50E-06,-0.02776308,199.055,18.89913,39645.72,310954.9,6955.272,12641.87,99.04626,99.04626,59.66036,78.54546,10.0001,20.0001,13798.08,12641.87
0.9529744,-0.9529543,78.54707,-0.005249523,12641.87,12.25,10.00045,6157.303,1683.444,0,0.9529416,0.9529543,-1.27E-05,-0.0277628,199.055,18.89828,39668.76,310931.8,6955.273,12641.87,99.04626,99.04626,59.66036,78.54546,10.0001,20.0001,13798.08,12641.87
0.9529719,-0.9529609,78.54707,-0.005249639,12641.87,12.25,10.00045,6157.303,1683.443,0,0.9529416,0.9529609,-1.93E-05,-0.02776231,199.055,18.8987,39691.8,310908.8,6955.273,12641.87,99.04626,99.04626,59.66036,78.54546,10.0001,20.0001,13798.08,12641.87
0.9529591,-0.9529632,78.54707,-0.005249867,12641.87,12.25,10.00045,6157.303,1683.441,0,0.9529417,0.9529632,-2.16E-05,-0.0277617,199.055,18.89952,39713.56,310887,6955.273,12641.87,99.04626,99.04626,59.66036,78.54546,10.0001,20.0001,13798.08,12641.87
0.9529402,-0.952959,78.54707,-0.005250193,12641.87,12.25,10.00045,6157.303,1683.44,0,0.9529411,0.952959,-1.80E-05,-0.02776091,199.055,18.9007,39740.44,310860.2,6955.273,12641.87,99.04626,99.04626,59.66036,78.54546,10.0001,20.0001,13798.08,12641.87
0.9529456,-0.9529517,78.54707,-0.005249797,12641.87,12.25,10.00045,6157.305,1683.44,0,0.9529408,0.9529517,-1.08E-05,-0.02776058,199.055,18.89927,39638.04,310962.6,6955.275,12641.87,99.04626,99.04626,59.66036,78.54546,10.0001,20.0001,13798.08,12641.87
0.9529719,-0.9529516,78.54707,-0.005249325,12641.87,12.25,10.00045,6157.305,1683.44,0,0.9529415,0.9529516,-1.00E-05,-0.02776037,199.055,18.89757,39664.92,310935.7,6955.275,12641.87,99.04626,99.04626,59.66036,78.54546,10.0001,20.0001,13798.08,12641.87
0.9529718,-0.9529586,78.54707,-0.005249409,12641.87,12.25,10.00045,6157.305,1683.438,0,0.9529416,0.9529586,-1.70E-05,-0.02775996,199.055,18.89787,39687.96,310912.6,6955.276,12641.87,99.04626,99.04626,59.66036,78.54546,10.0001,20.0001,13798.08,12641.87
0.9529602,-0.9529618,78.54707,-0.005249626,12641.87,12.25,10.00045,6157.305,1683.437,0,0.9529417,0.9529618,-2.01E-05,-0.02775941,199.055,18.89865,39709.71,310890.9,6955.276,12641.87,99.04626,99.04626,59.66036,78.54546,10.0001,20.0001,13798.08,12641.87
0.9529448,-0.9529594,78.54707,-0.005249894,12641.87,12.25,10.00045,6157.305,1683.436,0,0.9529412,0.9529594,-1.83E-05,-0.02775877,199.055,18.89962,39732.76,310867.8,6955.276,12641.87,99.04626,99.04626,59.66036,78.54546,10.00011,20.0001,13798.08,12641.87
0.9529328,-0.9529526,78.54707,-0.005249955,12641.88,12.25,10.00045,6157.308,1683.436,0,0.9529408,0.9529526,-1.17E-05,-0.02775824,199.055,18.89984,39630.36,310970.3,6955.275,12641.88,99.04626,99.04626,59.66036,78.54546,10.00011,20.0001,13798.08,12641.88
0.9529637,-0.9529471,78.54707,-0.005249217,12641.88,12.25,10.00045,6157.308,1683.436,0,0.9529412,0.9529471,-5.84E-06,-0.02775822,199.055,18.89718,39653.4,310947.2,6955.278,12641.88,99.04626,99.04626,59.66036,78.54546,10.00011,20.0001,13798.08,12641.88
0.9529721,-0.9529551,78.54707,-0.00524917,12641.88,12.25,10.00045,6157.308,1683.434,0,0.9529416,0.9529551,-1.36E-05,-0.02775791,199.055,18.89701,39680.27,310920.3,6955.279,12641.88,99.04626,99.04626,59.66036,78.54546,10.00011,20.0001,13798.08,12641.88
0.9529659,-0.9529595,78.54707,-0.005249321,12641.88,12.25,10.00045,6157.308,1683.433,0,0.9529415,0.9529595,-1.79E-05,-0.02775751,199.055,18.89756,39699.47,310901.1,6955.279,12641.88,99.04626,99.04626,59.66036,78.54546,10.00011,20.0001,13798.08,12641.88
0.9529518,-0.9529598,78.54707,-0.005249564,12641.88,12.25,10.00045,6157.308,1683.432,0,0.9529413,0.9529598,-1.85E-05,-0.02775695,199.055,18.89843,39721.23,310879.3,6955.279,12641.88,99.04626,99.04626,59.66036,78.54546,10.00011,20.0001,13798.08,12641.88
0.9529348,-0.9529552,78.54707,-0.005249866,12641.88,12.25,10.00045,6157.308,1683.431,0,0.9529409,0.9529552,-1.42E-05,-0.02775639,199.055,18.89952,39744.27,310856.3,6955.278,12641.88,99.04626,99.04626,59.66036,78.54546,10.00011,20.0001,13798.08,12641.88
0.9529489,-0.9529464,78.54707,-0.005249286,12641.88,12.25,10.00045,6157.31,1683.432,0,0.9529409,0.9529464,-5.51E-06,-0.02775623,199.055,18.89743,39641.88,310958.7,6955.281,12641.88,99.04626,99.04626,59.66036,78.54546,10.00011,20.0001,13798.08,12641.88
0.9529694,-0.9529489,78.54707,-0.005248954,12641.88,12.25,10.00045,6157.31,1683.431,0,0.9529414,0.9529489,-7.49E-06,-0.02775611,199.055,18.89623,39664.91,310935.7,6955.281,12641.88,99.04626,99.04626,59.66036,78.54546,10.00011,20.0001,13798.08,12641.88
0.952968,-0.9529569,78.54707,-0.005249073,12641.88,12.25,10.00045,6157.31,1683.429,0,0.9529415,0.9529569,-1.53E-05,-0.02775572,199.055,18.89666,39691.79,310908.8,6955.281,12641.88,99.04626,99.04626,59.66036,78.54546,10.00011,20.0001,13798.08,12641.88
0.9529557,-0.952959,78.54707,-0.005249298,12641.88,12.25,10.00045,6157.31,1683.428,0,0.9529414,0.952959,-1.76E-05,-0.02775522,199.055,18.89747,39713.55,310887,6955.282,12641.88,99.04626,99.04626,59.66036,78.54546,10.00011,20.0001,13798.08,12641.88
0.9529397,-0.9529561,78.54707,-0.005249582,12641.88,12.25,10.00045,6157.31,1683.427,0,0.9529411,0.9529561,-1.50E-05,-0.02775467,199.055,18.8985,39736.59,310864,6955.281,12641.88,99.04626,99.04626,59.66036,78.54546,10.00011,20.0001,13798.08,12641.88
0.9529359,-0.9528892,78.54707,-0.005249409,12641.89,12.25,10.00045,6157.312,1683.428,0,0.9529407,0.9528892,5.15E-05,-0.02775436,199.055,18.89787,39634.2,310966.4,6955.283,12641.89,99.04626,99.04626,59.66036,78.54546,10.00011,20.0001,13798.08,12641.89
0.9529675,-0.9529467,78.54707,-0.005248792,12641.89,12.25,10.00045,6157.312,1683.427,0,0.9529414,0.9529467,-5.26E-06,-0.02775434,199.055,18.89565,39660.3,310940.3,6955.284,12641.89,99.04626,99.04626,59.66036,78.54546,10.00011,20.0001,13798.08,12641.89
0.9529699,-0.9529542,78.54707,-0.00524884,12641.89,12.25,10.00045,6157.312,1683.426,0,0.9529415,0.9529542,-1.26E-05,-0.02775409,199.055,18.89583,39683.34,310917.2,6955.284,12641.89,99.04626,99.04626,59.66036,78.54546,10.00011,20.0001,13798.08,12641.89
0.95296,-0.9529582,78.54707,-0.005249044,12641.89,12.25,10.00045,6157.312,1683.425,0,0.9529414,0.9529582,-1.67E-05,-0.02775366,199.055,18.89656,39705.09,310895.4,6955.284,12641.89,99.04626,99.04626,59.66036,78.54546,10.00011,20.0001,13798.08,12641.89
0.9529423,-0.9529563,78.54707,-0.005249362,12641.89,12.25,10.00045,6157.312,1683.424,0,0.9529411,0.9529563,-1.52E-05,-0.02775303,199.055,18.8977,39731.97,310868.6,6955.284,12641.89,99.04626,99.04626,59.66036,78.54546,10.00011,20.0001,13798.08,12641.89
0.9529302,-0.9529496,78.54707,-0.005249431,12641.89,12.25,10.00045,6157.314,1683.424,0,0.9529408,0.9529496,-8.89E-06,-0.0277526,199.055,18.89795,39630.36,310970.2,6955.283,12641.89,99.04626,99.04626,59.66036,78.54546,10.00011,20.0001,13798.08,12641.89
0.9529635,-0.9529451,78.54707,-0.005248661,12641.89,12.25,10.00045,6157.314,1683.424,0,0.9529413,0.9529451,-3.77E-06,-0.02775266,199.055,18.89518,39657.23,310943.3,6955.286,12641.89,99.04626,99.04626,59.66036,78.54546,10.00011,20.0001,13798.08,12641.89
0.9529688,-0.9529522,78.54707,-0.005248659,12641.89,12.25,10.00045,6157.314,1683.423,0,0.9529415,0.9529522,-1.07E-05,-0.02775247,199.055,18.89517,39680.27,310920.3,6955.287,12641.89,99.04626,99.04626,59.66036,78.54546,10.00011,20.0001,13798.08,12641.89
0.9529584,-0.9529569,78.54707,-0.005248882,12641.89,12.25,10.00045,6157.314,1683.421,0,0.9529414,0.9529569,-1.55E-05,-0.02775202,199.055,18.89598,39705.86,310894.7,6955.287,12641.89,99.04626,99.04626,59.66036,78.54546,10.00011,20.0001,13798.08,12641.89
0.9529435,-0.9529557,78.54707,-0.005249149,12641.89,12.25,10.00045,6157.314,1683.42,0,0.9529411,0.9529557,-1.46E-05,-0.02775152,199.055,18.89694,39728.9,310871.6,6955.287,12641.89,99.04626,99.04626,59.66036,78.54546,10.00011,20.0001,13798.08,12641.89
0.9529256,-0.9529496,78.54707,-0.00524948,12641.9,12.25,10.00045,6157.317,1683.42,0,0.9529408,0.9529496,-8.84E-06,-0.0277511,199.055,18.89813,39626.52,310848.6,6955.287,12641.9,99.04626,99.04626,59.66036,78.54546,10.00011,20.0001,13798.08,12641.9
0.9529595,-0.9529428,78.54707,-0.005248531,12641.9,12.25,10.00045,6157.317,1683.421,0,0.9529412,0.9529428,-1.61E-06,-0.02775118,199.055,18.89471,39653.39,310947.2,6955.289,12641.9,99.04626,99.04626,59.66036,78.54546,10.00011,20.0001,13798.08,12641.9
0.9529681,-0.9529497,78.54707,-0.005248473,12641.9,12.25,10.00045,6157.317,1683.42,0,0.9529415,0.9529497,-8.22E-06,-0.02775106,199.055,18.8945,39676.42,310924.1,6955.29,12641.9,99.04626,99.04626,59.66036,78.54546,10.00011,20.0001,13798.08,12641.9
0.9529615,-0.9529549,78.54707,-0.005248642,12641.9,12.25,10.00045,6157.317,1683.419,0,0.9529414,0.9529549,-1.35E-05,-0.02775076,199.055,18.89511,39694.3,310902.3,6955.29,12641.9,99.04626,99.04626,59.66036,78.54546,10.00011,20.0001,13798.08,12641.9
0.9529484,-0.9529557,78.54707,-0.005248889,12641.9,12.25,10.00045,6157.317,1683.418,0,0.9529412,0.9529557,-1.44E-05,-0.02775031,199.055,18.896,39721.21,310879.3,6955.29,12641.9,99.04626,99.04626,59.66036,78.54546,10.00011,20.0001,13798.08,12641.9
0.952931,-0.9529513,78.54707,-0.005249203,12641.9,12.25,10.00045,6157.317,1683.417,0,0.9529409,0.9529513,-1.04E-05,-0.02774988,199.055,18.89713,39744.25,310856.3,6955.29,12641.9,99.04626,99.04626,59.66036,78.54546,10.00011,20.0001,13798.08,12641.9
0.9529502,-0.9529415,78.54707,-0.005500069,12641.9,12.25,10.00045,6826.628,1683.418,0,0.9529409,0.9529415,-5.97E-07,-0.02774986,199.055,19.80025,39646.26,310954.4,6955.292,12641.9,99.04626,99.04626,59.66036,78.54546,10.00011,20.0001,13798.08,12641.9
0.9529659,-0.9529462,78.54707,-0.005793548,12641.9,12.25,10.00045,6826.628,1683.417,0,0.9529414,0.9529462,-4.79E-06,-0.02774984,199.055,20.85677,39671.16,310929.8,6955.292,12641.9,99.04626,99.04626,59.66036,78.54546,10.00011,20.0001,13798.08,12641.9
0.9529603,-0.952953,78.54707,-0.006124595,12641.9,12.25,10.00045,6826.628,1683.416,0,0.9529414,0.952953,-1.16E-05,-0.02774957,199.055,22.04854,39700.33,310900.8,6955.292,12641.9,99.04626,99.04626,59.66036,78.54546,10.00011,20.0001,13798.08,12641.9
0.9529456,-0.9529538,78.54707,-0.006398698,12641.9,12.25,10.00045,6826.628,1683.415,0,0.9529412,0.9529538,-1.26E-05,-0.02774919,199.055,23.03531,39727.92,310873.4,6955.292,12641.9,99.04626,99.04626,59.66036,78.54546,10.00011,20.0001,13798.08,12641.9
0.9529315,-0.9529487,78.54707,-0.006664176,12641.91,12.25,10.00045,6826.63,1683.415,0,0.9529408,0.9529487,-7.96E-06,-0.02774882,199.055,23.99103,39632.39,310969.2,6955.292,12641.91,99.04626,99.04626,59.66036,78.54546,10.00011,20.0001,13798.08,12641.91
0.9529602,-0.9529443,78.54707,-0.006963085,12641.91,12.25,10.00045,6826.63,1683.415,0,0.9529412,0.9529443,-3.13E-06,-0.02774891,199.055,25.06711,39667.39,310934.4,6955.294,12641.91,99.04626,99.04626,59.66036,78.54546,10.00011,20.0001,13798.08,12641.91
0.9529601,-0.95295,78.54707,-0.007213792,12641.91,12.25,10.00045,6826.63,1683.414,0,0.9529414,0.95295,-8.63E-06,-0.02774875,199.055,25.96965,39698.59,310903.3,6955.295,12641.91,99.04626,99.04626,59.66036,78.54546,10.00011,20.0001,13798.08,12641.91
0.9529445,-0.9529518,78.54707,-0.00745915,12641.91,12.25,10.00045,6826.63,1683.413,0,0.9529411,0.9529518,-1.07E-05,-0.02774847,199.055,26.85294,39729.08,310873,6955.295,12641.91,99.04626,99.04626,59.66036,78.54546,10.00011,20.0001,13798.08,12641.91
0.9529378,-0.9528888,78.54707,-0.007698258,12641.91,12.25,10.00045,6826.632,1683.413,0,0.9529408,0.9528888,5.19E-05,-0.02774827,199.055,27.71373,39639.48,310962.8,6955.297,12641.91,99.04626,99.04626,59.66036,78.54546,10.00011,20.0001,13798.08,12641.91
0.9529591,-0.9529443,78.54707,-0.007931917,12641.91,12.25,10.00045,6826.632,1683.413,0,0.9529412,0.9529443,-3.13E-06,-0.02774831,199.055,28.5549,39673.86,310928.6,6955.297,12641.91,99.04626,99.04626,59.66036,78.54546,10.00011,20.0001,13798.08,12641.91
0.9529557,-0.9529493,78.54707,-0.008162658,12641.91,12.25,10.00045,6826.632,1683.412,0,0.9529413,0.9529493,-7.95E-06,-0.02774816,199.055,29.38557,39709.27,310893.3,6955.298,12641.91,99.04626,99.04626,59.66036,78.54546,10.00011,20.0001,13798.08,12641.91
0.9529336,-0.9529488,78.54707,-0.008427478,12641.92,12.25,10.00045,6826.635,1683.411,0,0.952941,0.9529488,-7.86E-06,-0.02774785,199.055,30.33892,39628.83,310851,6955.297,12641.92,99.04626,99.04626,59.66036,78.54546,10.00011,20.0001,13798.08,12641.92
0.9529585,-0.9529437,78.54707,-0.008684768,12641.92,12.25,10.00045,6826.635,1683.411,0,0.9529411,0.9529437,-2.61E-06,-0.02774792,199.055,31.26517,39670.64,310932.3,6955.3,12641.92,99.04626,99.04626,59.66036,78.54546,10.00011,20.0001,13798.08,12641.92
0.9529562,-0.9529488,78.54707,-0.008903584,12641.92,12.25,10.00045,6826.635,1683.411,0,0.9529414,0.9529488,-7.46E-06,-0.02774779,199.055,32.05291,39709.31,310893.8,6955.3,12641.92,99.04626,99.04626,59.66036,78.54546,10.00011,20.0001,13798.08,12641.92
0.9529371,-0.9529492,78.54707,-0.009120035,12641.92,12.25,10.00045,6826.635,1683.41,0,0.9529411,0.9529492,-8.19E-06,-0.02774754,199.055,32.83213,39748.95,310854.3,6955.3,12641.92,99.04626,99.04626,59.66036,78.54546,10.00011,20.0001,13798.08,12641.92
0.9529511,-0.952943,78.54707,-0.009331498,12641.92,12.25,10.00045,6826.637,1683.41,0,0.952941,0.952943,-2.02E-06,-0.02774759,199.055,33.5934,39663.23,310940.2,6955.303,12641.92,99.04626,99.04626,59.66036,78.54546,10.00011,20.0001,13798.08,12641.92
0.9529551,-0.9529461,78.54707,-0.009542014,12641.92,12.25,10.00045,6826.637,1683.409,0,0.9529413,0.9529461,-4.86E-06,-0.02774754,199.055,34.35125,39704.73,310898.9,6955.303,12641.92,99.04626,99.04626,59.66036,78.54546,10.00011,20.0001,13798.08,12641.92
0.9529381,-0.9529474,78.54707,-0.0097512,12641.92,12.25,10.00045,6826.637,1683.409,0,0.9529411,0.9529474,-6.41E-06,-0.02774736,199.055,35.10432,39744.77,310856.6,6955.303,12641.92,99.04626,99.04626,59.66036,78.54546,10.00011,20.0001,13798.08,12641.92
0.9529505,-0.9529421,78.54707,-0.009955983,12641.93,12.25,10.00045,6826.639,1683.409,0,0.952941,0.9529421,-1.05E-06,-0.02774746,199.055,35.84154,39665.99,310937.9,6955.306,12641.93,99.04626,99.04626,59.66036,78.54546,10.00011,20.0001,13798.08,12641.93
0.952951,-0.9529457,78.54707,-0.01019439,12641.93,12.25,10.00045,6826.639,1683.408,0,0.9529412,0.9529457,-4.50E-06,-0.02774742,199.055,36.69981,39717.66,310886.4,6955.306,12641.93,99.04626,99.04626,59.66036,78.54546,10.00011,20.0001,13798.08,12641.93
0.9529358,-0.9529453,78.54707,-0.01039713,12641.93,12.25,10.00045,6826.641,1683.408,0,0.9529409,0.9529453,-4.38E-06,-0.02774727,199.055,37.42967,39637.85,310966.3,6955.305,12641.93,99.04626,99.04626,59.66036,78.54546,10.00011,20.0001,13798.08,12641.93
0.9529544,-0.9529418,78.54707,-0.01059677,12641.93,12.25,10.00045,6826.641,1683.408,0,0.9529412,0.9529418,-6.64E-07,-0.02774747,199.055,38.14835,39684.11,310920.2,6955.308,12641.93,99.04626,99.04626,59.66036,78.54546,10.00011,20.0001,13798.08,12641.93
0.9529435,-0.9529456,78.54707,-0.01083023,12641.93,12.25,10.00045,6826.641,1683.407,0,0.9529411,0.9529456,-4.53E-06,-0.0277474,199.055,38.98884,39736.41,310865.5,6955.309,12641.93,99.04626,99.04626,59.66036,78.54546,10.00011,20.0001,13798.08,12641.93
0.9529446,-0.9529403,78.54707,-0.01108476,12641.94,12.25,10.00045,6826.644,1683.407,0,0.9529409,0.9529403,5.69E-07,-0.02774751,199.055,39.81689,39663.23,310941.4,6955.311,12641.94,99.04626,99.04626,59.66036,78.54546,10.00011,20.0001,13798.08,12641.94
0.9529502,-0.9529417,78.54707,-0.01125697,12641.94,12.25,10.00045,6826.644,1683.407,0,0.9529412,0.9529417,-5.48E-07,-0.0277476,199.055,40.52511,39712.28,310892.5,6955.311,12641.94,99.04626,99.04626,59.66036,78.54546,10.00011,20.0001,13798.08,12641.94
0.9529369,-0.9529427,78.54707,-0.01145328,12641.94,12.25,10.00045,6826.646,1683.407,0,0.9529409,0.9529427,-1.78E-06,-0.02774757,199.055,41.2318,39639.75,310965.2,6955.311,12641.94,99.04626,99.04626,59.66036,78.54546,10.00011,20.0001,13798.08,12641.94
0.9529532,-0.952941,78.54707,-0.01167974,12641.94,12.25,10.00045,6826.646,1683.407,0,0.9529412,0.952941,1.72E-07,-0.02774785,199.055,42.04705,39699.44,310905.7,6955.314,12641.94,99.04626,99.04626,59.66036,78.54546,10.00011,20.0001,13798.08,12641.94
0.9529319,-0.9529435,78.54707,-0.01190748,12641.95,12.25,10.00045,6826.648,1683.406,0,0.952941,0.9529435,-2.50E-06,-0.02774782,199.055,42.86692,39632.11,310848.3,6955.314,12641.95,99.04626,99.04626,59.66036,78.54546,10.00011,20.0001,13798.08,12641.95
0.9529505,-0.9529395,78.54707,-0.01213141,12641.95,12.25,10.00045,6826.648,1683.406,0,0.9529411,0.9529395,1.61E-06,-0.02774808,199.055,43.67305,39694.27,310911.2,6955.316,12641.95,99.04626,99.04626,59.66036,78.54546,10.00011,20.0001,13798.08,12641.95
0.9529387,-0.9529423,78.54707,-0.01232505,12641.95,12.25,10.00045,6826.648,1683.406,0,0.9529411,0.9529423,-1.17E-06,-0.02774811,199.055,44.37017,39748,310857.5,6955.317,12641.95,99.04626,99.04626,59.66036,78.54546,10.00011,20.0001,13798.08,12641.95
0.952949,-0.9529387,78.54707,-0.01251769,12641.95,12.25,10.00045,6826.65,1683.406,0,0.952941,0.9529387,2.33E-06,-0.02774836,199.055,45.05785,39679.22,310926.5,6955.319,12641.95,99.04626,99.04626,59.66036,78.54546,10.00011,20.0001,13798.08,12641.95
0.9529443,-0.9529416,78.54707,-0.01270859,12641.95,12.25,10.00045,6826.65,1683.406,0,0.9529411,0.9529416,-4.47E-07,-0.02774844,199.055,45.75094,39734.64,310871.2,6955.319,12641.95,99.04626,99.04626,59.66036,78.54546,10.00011,20.0001,13798.08,12641.95
0.9529412,-0.9529406,78.54707,-0.0134972,12641.96,12.25,10.00045,6826.653,1683.405,0,0.9529408,0.9529406,2.66E-07,-0.02774862,199.055,46.4389,39659.82,310943.3,6955.322,12641.96,99.04626,99.04626,59.66036,78.54546,10.00011,20.0001,13798.08,12641.96
0.9529468,-0.9529403,78.54707,-0.01312288,12641.96,12.25,10.00045,6826.653,1683.405,0,0.9529412,0.9529403,8.50E-07,-0.02774882,199.055,47.24236,39726.55,310879.6,6955.322,12641.96,99.04626,99.04626,59.66036,78.54546,10.00011,20.0001,13798.08,12641.96
0.9529366,-0.9528784,78.54707,-0.01405587,12641.96,12.25,10.00045,6826.655,1683.405,0,0.9529408,0.9528784,6.25E-05,-0.02774895,199.055,47.93008,39655.08,310951.7,6955.325,12641.96,99.04626,99.04626,59.66036,78.54546,10.00011,20.0001,13798.08,12641.96
0.9529467,-0.9529378,78.54707,-0.01350433,12641.96,12.25,10.00045,6826.655,1683.405,0,0.9529411,0.9529378,3.25E-06,-0.02774923,199.055,48.61559,39714.58,310891.8,6955.325,12641.96,99.04626,99.04626,59.66036,78.54546,10.00011,20.0001,13798.08,12641.96
0.9529362,-0.9528778,78.54707,-0.01462084,12641.97,12.25,10.00045,6826.658,1683.405,0,0.9529408,0.9528778,6.30E-05,-0.02774944,199.055,49.41773,39657.22,310950,6955.328,12641.97,99.04626,99.04626,59.66036,78.54546,10.00011,20.0001,13798.08,12641.97
0.9529452,-0.9529365,78.54707,-0.01391756,12641.97,12.25,10.00045,6826.658,1683.405,0,0.9529411,0.9529365,4.51E-06,-0.02774976,199.055,50.10322,39715.21,310888.1,6955.328,12641.97,99.04626,99.04626,59.66036,78.54546,10.00011,20.0001,13798.08,12641.97
0.952931,-0.9529373,78.54707,-0.01410883,12641.98,12.25,10.00045,6826.66,1683.405,0,0.9529408,0.9529373,3.54E-06,-0.02774989,199.055,50.79179,39648.46,310958.3,6955.327,12641.98,99.04626,99.04626,59.66036,78.54546,10.00011,20.0001,13798.08,12641.98
0.9529439,-0.9529343,78.54707,-0.01490225,12641.98,12.25,10.00045,6826.66,1683.405,0,0.952941,0.9529343,6.67E-06,-0.02775035,199.055,51.47483,39714.14,310893.2,6955.331,12641.98,99.04626,99.04626,59.66036,78.54546,10.00011,20.0001,13798.08,12641.98
0.9529337,-0.952876,78.54707,-0.01575838,12641.98,12.25,10.00045,6826.662,1683.405,0,0.9529408,0.952876,6.47E-05,-0.0277507,199.055,52.27672,39666.43,310941.6,6955.333,12641.98,99.04626,99.04626,59.66036,78.54546,10.00011,20.0001,13798.08,12641.98
0.952939,-0.9529334,78.54707,-0.01604305,12641.98,12.25,10.00045,6826.662,1683.406,0,0.952941,0.9529334,7.59E-06,-0.02775111,199.055,52.96304,39735.43,310872.8,6955.333,12641.98,99.04626,99.04626,59.66036,78.54546,10.00011,20.0001,13798.08,12641.98
0.9529269,-0.9528718,78.54707,-0.01648177,12641.99,12.25,10.00045,6826.665,1683.406,0,0.9529406,0.9528718,6.88E-05,-0.02775147,199.055,53.65107,39678.23,310930.3,6955.336,12641.99,99.04626,99.04626,59.66036,78.54546,10.00011,20.0001,13798.08,12641.99
0.9529318,-0.9529294,78.54707,-0.01680734,12641.99,12.25,10.00045,6826.665,1683.406,0,0.9529408,0.9529294,1.15E-05,-0.02775196,199.055,54.33787,39747.35,310861.4,6955.336,12641.99,99.04626,99.04626,59.66036,78.54546,10.00011,20.0001,13798.08,12641.99
0.9529176,-0.9528667,78.54707,-0.017297,12641.99,12.25,10.00045,6826.667,1683.407,0,0.9529405,0.9528667,7.38E-05,-0.02775246,199.055,55.02658,39693.92,310915.2,6955.338,12641.99,99.04626,99.04626,59.66036,78.54546,10.00011,20.0001,13798.08,12641.99
0.9529178,-0.9529222,78.54707,-0.01768132,12641.99,12.25,10.00045,6826.667,1683.408,0,0.9529406,0.9529222,1.84E-05,-0.02775316,199.055,55.71505,39770.84,310838.5,6955.338,12641.99,99.04626,99.04626,59.66036,78.54546,10.00011,20.0001,13798.08,12641.99
0.9529085,-0.9529184,78.54707,-0.01822772,12642,12.25,10.00045,6826.669,1683.41,0,0.9529402,0.9529184,2.19E-05,-0.02775398,199.055,56.40389,39725.88,310883.9,6955.34,12642,99.04626,99.04626,59.66036,78.54546,10.00011,20.0001,13798.08,12642
0.9528948,-0.9529116,78.54707,-0.01871567,12642,12.25,10.00045,6826.669,1683.412,0,0.9529402,0.9529116,2.87E-05,-0.02775507,199.055,57.21307,39820.64,310789.5,6955.34,12642,99.04626,99.04626,59.66036,78.54546,10.00011,20.0001,13798.08,12642
0.9529026,-0.9529022,78.54707,-0.01643788,12642,12.25,10.00045,6826.671,1683.414,0,0.9529401,0.9529022,3.79E-05,-0.02775622,199.055,57.89917,39741.78,310866.7,6955.342,12642,99.04626,99.04626,59.66036,78.54546,10.00011,20.0001,13798.08,12642
0.9528936,-0.9529013,78.54707,0,12642.01,12.25,10.00045,6826.674,1683.416,0,0.9529401,0.9529013,3.88E-05,-0.02775769,199.055,58.70877,39689.65,310906.8,6955.342,12642.01,99.04626,99.04626,59.66036,78.54546,10.00011,20.0001,13798.08,12642.01
0.9529075,-0.9528981,78.54707,-0.01701263,12642.01,12.25,10.00045,6826.674,1683.418,0,0.9529403,0.9528981,4.21E-05,-0.0277593,199.055,59.39899,39763.3,310845.6,6955.345,12642.01,99.04626,99.04626,59.66036,78.54546,10.00011,20.0001,13798.08,12642.01
0.9529017,-0.9528368,78.54707,-0.01690354,12642.01,12.25,10.00045,6826.676,1683.42,0,0.9529401,0.9528368,0.000103364,-0.02776078,199.055,60.0937,39693.86,310914.9,6955.348,12642.01,99.04626,99.04626,59.66036,78.54546,10.00011,20.0001,13798.08,12642.01
0.9529123,-0.9528993,78.54707,-0.01753327,12642.01,12.25,10.00045,6826.676,1683.422,0,0.9529404,0.9528993,4.11E-05,-0.02776234,199.055,60.78812,39769.7,310839.5,6955.348,12642.01,99.04626,99.04626,59.66036,78.54546,10.00011,20.0001,13798.08,12642.01
0.9529212,-0.9529001,78.54707,-0.01840394,12642.02,12.25,10.00045,6826.678,1683.424,0,0.9529405,0.9529001,4.04E-05,-0.02776399,199.055,61.5975,39734.92,310874.9,6955.351,12642.02,99.04626,99.04626,59.66036,78.54546,10.00011,20.0001,13798.08,12642.02
0.9529057,-0.9529058,78.54707,0,12642.02,12.25,10.00045,6826.681,1683.425,0,0.9529403,0.9529058,3.45E-05,-0.02776547,199.055,62.41286,39683.82,310912.6,6955.351,12642.02,99.04626,99.04626,59.66036,78.54546,10.00011,20.0001,13798.08,12642.02
0.9529149,-0.9529052,78.54707,-0.01832871,12642.02,12.25,10.00045,6826.681,1683.427,0,0.9529405,0.9529052,3.53E-05,-0.02776714,199.055,63.22184,39775.83,310833.9,6955.354,12642.02,99.04626,99.04626,59.66036,78.54546,10.00011,20.0001,13798.08,12642.02
0.9529186,-0.9529052,78.54707,-0.01934649,12642.03,12.25,10.00045,6826.683,1683.429,0,0.9529405,0.9529052,3.52E-05,-0.02776874,199.055,64.03146,39744.98,310865.5,6955.357,12642.03,99.04626,99.04626,59.66036,78.54546,10.00011,20.0001,13798.08,12642.03
0.9529058,-0.9529076,78.54707,0,12642.03,12.25,10.00045,6826.686,1683.43,0,0.9529403,0.9529076,3.27E-05,-0.0277699,199.055,64.73071,39687.12,310909.2,6955.356,12642.03,99.04626,99.04626,59.66036,78.54546,10.00011,20.0001,13798.08,12642.03
0.9529183,-0.9529062,78.54707,-0.01891961,12642.03,12.25,10.00045,6826.686,1683.432,0,0.9529405,0.9529062,3.43E-05,-0.02777124,199.055,65.42365,39764.2,310846,6955.36,12642.03,99.04626,99.04626,59.66036,78.54546,10.00011,20.0001,13798.08,12642.03
0.9529177,-0.9529068,78.54707,-0.0200452,12642.04,12.25,10.00045,6826.688,1683.433,0,0.9529404,0.9529068,3.36E-05,-0.02777276,199.055,66.23441,39736.25,310874.7,6955.363,12642.04,99.04626,99.04626,59.66036,78.54546,10.00011,20.0001,13798.08,12642.04
0.952903,-0.9529083,78.54707,-0.02088942,12642.04,12.25,10.00045,6826.69,1683.434,0,0.9529404,0.9529083,3.21E-05,-0.02777393,199.055,66.9359,39691.69,310785.2,6955.363,12642.04,99.04626,99.04626,59.66036,78.54546,10.00011,20.0001,13798.08,12642.04
0.9529138,-0.9529049,78.54707,-0.01954308,12642.04,12.25,10.00045,6826.69,1683.436,0,0.9529404,0.9529049,3.55E-05,-0.02777531,199.055,67.62672,39762.04,310848.5,6955.366,12642.04,99.04626,99.04626,59.66036,78.54546,10.00011,20.0001,13798.08,12642.04
0.9529158,-0.9529049,78.54707,-0.0207731,12642.05,12.25,10.00045,6826.692,1683.438,0,0.9529403,0.9529049,3.54E-05,-0.02777689,199.055,68.43812,39742.31,310869.2,6955.368,12642.05,99.04626,99.04626,59.66036,78.54546,10.00011,20.0001,13798.08,12642.05
0.9529016,-0.9529061,78.54707,0,12642.05,12.25,10.00045,6826.695,1683.44,0,0.9529403,0.9529061,3.42E-05,-0.02777824,199.055,69.25423,39696.06,310900.2,6955.368,12642.05,99.04626,99.04626,59.66036,78.54546,10.00011,20.0001,13798.08,12642.05
0.9529102,-0.9529032,78.54707,-0.02039722,12642.05,12.25,10.00045,6826.695,1683.441,0,0.9529404,0.9529032,3.72E-05,-0.02777972,199.055,69.94753,39783.74,310827.4,6955.371,12642.05,99.04626,99.04626,59.66036,78.54546,10.00011,20.0001,13798.08,12642.05
0.9529127,-0.9529026,78.54707,-0.0215734,12642.06,12.25,10.00045,6826.697,1683.443,0,0.9529403,0.9529026,3.77E-05,-0.02778117,199.055,70.64163,39748.9,310863.1,6955.374,12642.06,99.04626,99.04626,59.66036,78.54546,10.00011,20.0001,13798.08,12642.06
0.9529046,-0.9528422,78.54707,-0.02012609,12642.06,12.25,10.00045,6826.7,1683.445,0,0.9529402,0.9528422,9.80E-05,-0.02778278,199.055,71.4551,39715.22,310895.8,6955.377,12642.06,99.04626,99.04626,59.66036,78.54546,10.00011,20.0001,13798.08,12642.06
0.952902,-0.9529023,78.54707,-0.02136087,12642.07,12.25,10.00045,6826.702,1683.447,0,0.9529403,0.9529023,3.80E-05,-0.02778444,199.055,72.26926,39685.77,310789.8,6955.377,12642.07,99.04626,99.04626,59.66036,78.54546,10.00011,20.0001,13798.08,12642.07
0.9529167,-0.9529022,78.54707,-0.02140861,12642.07,12.25,10.00045,6826.702,1683.449,0,0.9529405,0.9529022,3.83E-05,-0.02778615,199.055,73.07607,39777.63,310834.3,6955.38,12642.07,99.04626,99.04626,59.66036,78.54546,10.00011,20.0001,13798.08,12642.07
0.9529198,-0.9529042,78.54707,-0.02291688,12642.08,12.25,10.00045,6826.704,1683.45,0,0.9529405,0.9529042,3.63E-05,-0.02778783,199.055,73.88599,39763.52,310849.4,6955.383,12642.08,99.04626,99.04626,59.66036,78.54546,10.00011,20.0001,13798.08,12642.08
0.9529095,-0.9528427,78.54707,-0.02102174,12642.08,12.25,10.00045,6826.707,1683.452,0,0.9529403,0.9528427,9.77E-05,-0.02778915,199.055,74.58157,39712.46,310899.1,6955.386,12642.08,99.04626,99.04626,59.66036,78.54546,10.00011,20.0001,13798.08,12642.08
0.9529058,-0.9529059,78.54707,-0.02246337,12642.09,12.25,10.00045,6826.709,1683.453,0,0.9529404,0.9529059,3.45E-05,-0.02779069,199.055,75.39288,39687.58,310788.2,6955.386,12642.09,99.04626,99.04626,59.66036,78.54546,10.00011,20.0001,13798.08,12642.09
0.9529198,-0.9529051,78.54707,-0.02231159,12642.09,12.25,10.00045,6826.709,1683.455,0,0.9529406,0.9529051,3.56E-05,-0.02779228,199.055,76.19641,39778.03,310834.4,6955.389,12642.09,99.04626,99.04626,59.66036,78.54546,10.00011,20.0001,13798.08,12642.09
0.9529226,-0.9529069,78.54707,-0.02369526,12642.09,12.25,10.00045,6826.712,1683.456,0,0.9529405,0.9529069,3.36E-05,-0.02779366,199.055,76.88688,39745.85,310867.6,6955.392,12642.09,99.04626,99.04626,59.66036,78.54546,10.00011,20.0001,13798.08,12642.09
0.9529187,-0.9529101,78.54707,-0.02525495,12642.1,12.25,10.00045,6826.714,1683.458,0,0.9529405,0.9529101,3.03E-05,-0.02779517,199.055,77.69368,39746.61,310868,6955.395,12642.1,99.04626,99.04626,59.66036,78.54546,10.00011,20.0001,13798.08,12642.1
0.9529124,-0.9529087,78.54707,-0.02232868,12642.1,12.25,10.00045,6826.716,1683.459,0,0.9529403,0.9529087,3.16E-05,-0.02779686,199.055,78.61192,39728.07,310884.4,6955.397,12642.1,99.04626,99.04626,59.66036,78.54546,10.00011,20.0001,13798.08,12642.1
0.9529124,-0.9529074,78.54707,-0.02353393,12642.11,12.25,10.00045,6826.719,1683.461,0,0.9529404,0.9529074,3.30E-05,-0.02779807,199.055,79.30032,39701.29,310912,6955.397,12642.11,99.04626,99.04626,59.66036,78.54546,10.00011,20.0001,13798.08,12642.11
0.9529132,-0.9529081,78.54707,-0.02504806,12642.11,12.25,10.00045,6826.721,1683.462,0,0.9529406,0.9529081,3.25E-05,-0.02779959,199.055,80.10416,39696.68,310793.8,6955.401,12642.11,99.04626,99.04626,59.66036,78.54546,10.00011,20.0001,13798.08,12642.11
0.9529205,-0.9529081,78.54707,-0.02344436,12642.11,12.25,10.00045,6826.721,1683.464,0,0.9529406,0.9529081,3.25E-05,-0.02780093,199.055,80.78687,39780.92,310832.3,6955.403,12642.11,99.04626,99.04626,59.66036,78.54546,10.00011,20.0001,13798.08,12642.11
0.9529226,-0.9529089,78.54707,-0.02501553,12642.12,12.25,10.00045,6826.723,1683.465,0,0.9529406,0.9529089,3.17E-05,-0.02780243,199.055,81.58415,39774.7,310839.7,6955.406,12642.12,99.04626,99.04626,59.66036,78.54546,10.00011,20.0001,13798.08,12642.12
0.9529197,-0.9529091,78.54707,-0.0235565,12642.12,12.25,10.00045,6826.726,1683.466,0,0.9529405,0.9529091,3.13E-05,-0.02780389,199.055,82.3802,39749.34,310863.9,6955.409,12642.12,99.04626,99.04626,59.66036,78.54546,10.00011,20.0001,13798.08,12642.12
0.9529176,-0.9528468,78.54707,-0.02337847,12642.13,12.25,10.00045,6826.728,1683.468,0,0.9529404,0.9528468,9.36E-05,-0.0278051,199.055,83.06112,39703.01,310910.1,6955.412,12642.13,99.04626,99.04626,59.66036,78.54546,10.00011,20.0001,13798.08,12642.13
0.9529234,-0.9529116,78.54707,-0.02475348,12642.13,12.25,10.00045,6826.73,1683.469,0,0.9529406,0.9529116,2.90E-05,-0.02780643,199.055,83.85419,39691.29,310922.8,6955.412,12642.13,99.04626,99.04626,59.66036,78.54546,10.00011,20.0001,13798.08,12642.13
0.9529205,-0.9529145,78.54707,-0.02631756,12642.14,12.25,10.00045,6826.733,1683.47,0,0.9529407,0.9529145,2.62E-05,-0.02780783,199.055,84.64854,39686.23,310792.3,6955.416,12642.14,99.04626,99.04626,59.66036,78.54546,10.00011,20.0001,13798.08,12642.14
0.9529261,-0.9529152,78.54707,-0.02491601,12642.14,12.25,10.00045,6826.733,1683.47,0,0.9529408,0.9529152,2.55E-05,-0.02780915,199.055,85.4342,39793.37,310820.8,6955.419,12642.14,99.04626,99.04626,59.66036,78.54546,10.00011,20.0001,13798.08,12642.14
0.9529282,-0.9529161,78.54707,-0.02648593,12642.15,12.25,10.00045,6826.735,1683.471,0,0.9529408,0.9529161,2.46E-05,-0.02781042,199.055,86.21912,39787.42,310827.9,6955.422,12642.15,99.04626,99.04626,59.66036,78.54546,10.00011,20.0001,13798.08,12642.15
0.9529196,-0.9529174,78.54707,-0.02815839,12642.15,12.25,10.00045,6826.738,1683.472,0,0.9529408,0.9529174,2.34E-05,-0.02781173,199.055,87.11626,39819.22,310797.3,6955.425,12642.15,99.04626,99.04626,59.66036,78.54546,10.00011,20.0001,13798.08,12642.15
0.9529188,-0.9529141,78.54707,-0.02521974,12642.16,12.25,10.00045,6826.74,1683.473,0,0.9529405,0.9529141,2.65E-05,-0.02781281,199.055,87.78065,39777.77,310836.6,6955.428,12642.16,99.04626,99.04626,59.66036,78.54546,10.00011,20.0001,13798.08,12642.16
0.9529208,-0.9529124,78.54707,-0.02656434,12642.16,12.25,10.00045,6826.743,1683.475,0,0.9529405,0.9529124,2.81E-05,-0.02781394,199.055,88.44456,39767.28,310848.1,6955.43,12642.16,99.04626,99.04626,59.66036,78.54546,10.00011,20.0001,13798.08,12642.16
0.952921,-0.952911,78.54707,-0.02544205,12642.17,12.25,10.00045,6826.745,1683.476,0,0.9529405,0.952911,2.94E-05,-0.02781532,199.055,89.2184,39756.16,310858.3,6955.433,12642.17,99.04626,99.04626,59.66036,78.54546,10.00011,20.0001,13798.08,12642.17
0.9529231,-0.9529125,78.54707,-0.02678806,12642.17,12.25,10.00045,6826.747,1683.477,0,0.9529405,0.9529125,2.80E-05,-0.02781654,199.055,89.88017,39744.34,310871.2,6955.436,12642.17,99.04626,99.04626,59.66036,78.54546,10.00011,20.0001,13798.08,12642.17
0.9529214,-0.9528497,78.54707,-0.0254425,12642.18,12.25,10.00045,6826.75,1683.478,0,0.9529403,0.9528497,9.05E-05,-0.02781762,199.055,90.54159,39714.92,310899.6,6955.438,12642.18,99.04626,99.04626,59.66036,78.54546,10.00011,20.0001,13798.08,12642.18
0.9529247,-0.9528545,78.54707,-0.02700473,12642.18,12.25,10.00045,6826.751,1683.479,0,0.9529406,0.9528545,8.61E-05,-0.02781901,199.055,91.30833,39726.71,310888.9,6955.441,12642.18,99.04626,99.04626,59.66036,78.54546,10.00011,20.0001,13798.08,12642.18
0.9529213,-0.9528522,78.54707,-0.02586976,12642.19,12.25,10.00045,6826.754,1683.48,0,0.9529405,0.9528522,8.83E-05,-0.02782038,199.055,92.07306,39716.55,310898.2,6955.444,12642.19,99.04626,99.04626,59.66036,78.54546,10.00011,20.0001,13798.08,12642.19
0.9529247,-0.9528521,78.54707,-0.02743726,12642.19,12.25,10.00045,6826.756,1683.481,0,0.9529406,0.9528521,8.85E-05,-0.02782174,199.055,92.83288,39722.22,310893.7,6955.447,12642.19,99.04626,99.04626,59.66036,78.54546,10.00011,20.0001,13798.08,12642.19
0.9529209,-0.9529148,78.54707,0,12642.2,12.25,10.00045,6826.759,1683.482,0,0.9529406,0.9529148,2.58E-05,-0.02782282,199.055,93.48487,39692.55,310903.3,6955.447,12642.2,99.04626,99.04626,59.66036,78.54546,10.00011,20.0001,13798.08,12642.2
0.952926,-0.9529153,78.54707,-0.0274456,12642.2,12.25,10.00045,6826.761,1683.483,0,0.9529407,0.9529153,2.54E-05,-0.0278241,199.055,94.23846,39696.72,310919.2,6955.45,12642.2,99.04626,99.04626,59.66036,78.54546,10.00011,20.0001,13798.08,12642.2
0.9529271,-0.9529175,78.54707,0,12642.21,12.25,10.00045,6826.764,1683.484,0,0.9529408,0.9529175,2.33E-05,-0.02782536,199.0549,94.99086,39686.59,310909.2,6955.453,12642.21,99.04626,99.04626,59.66036,78.54546,10.00011,20.0001,13798.08,12642.21
0.9529312,-0.9529194,78.54707,-0.02789333,12642.21,12.25,10.00045,6826.766,1683.484,0,0.9529408,0.9529194,2.14E-05,-0.02782657,199.0549,95.73794,39690.99,310925.2,6955.456,12642.21,99.04626,99.04626,59.66036,78.54546,10.00011,20.0001,13798.08,12642.21
0.9529296,-0.9529211,78.54707,-0.02923976,12642.22,12.25,10.00045,6826.769,1683.485,0,0.9529409,0.9529211,1.98E-05,-0.02782759,199.0549,96.37904,39680.72,310799.9,6955.46,12642.22,99.04626,99.04626,59.66036,78.54546,10.00011,20.0001,13798.08,12642.22
0.9529231,-0.9529216,78.54707,-0.03076038,12642.23,12.25,10.00045,6826.771,1683.485,0,0.9529408,0.9529216,1.92E-05,-0.02782867,199.0549,97.12091,39697.61,310783.1,6955.463,12642.23,99.04626,99.04626,59.66036,78.54546,10.00011,20.0001,13798.08,12642.23
0.952925,-0.9529201,78.54707,-0.02829072,12642.23,12.25,10.00045,6826.773,1683.486,0,0.9529408,0.9529201,2.07E-05,-0.02782972,199.0549,97.85414,39680.97,310803.4,6955.466,12642.23,99.04626,99.04626,59.66036,78.54546,10.00011,20.0001,13798.08,12642.23
0.952927,-0.9529196,78.54707,-0.02962095,12642.23,12.25,10.00045,6826.773,1683.487,0,0.9529408,0.9529196,2.12E-05,-0.0278307,199.0549,98.48058,39808.72,310808.6,6955.469,12642.23,99.04626,99.04626,59.66036,78.54546,10.00011,20.0001,13798.08,12642.23
0.9529283,-0.9529186,78.54707,-0.02855849,12642.24,12.25,10.00045,6826.776,1683.488,0,0.9529408,0.9529186,2.22E-05,-0.02783185,199.0549,99.2076,39793.9,310822.7,6955.472,12642.24,99.04626,99.04626,59.66036,78.54546,10.00011,20.0001,13798.08,12642.24
0.9529321,-0.9529186,78.54707,-0.02989811,12642.24,12.25,10.00045,6826.778,1683.488,0,0.9529408,0.9529186,2.21E-05,-0.02783288,199.0549,99.82833,39782.06,310835.5,6955.475,12642.24,99.04626,99.04626,59.66036,78.54546,10.00011,20.0001,13798.08,12642.24
0.9529341,-0.9529189,78.54707,-0.0287705,12642.25,12.25,10.00045,6826.781,1683.489,0,0.9529408,0.9529189,2.19E-05,-0.02783404,199.0549,100.5495,39767.82,310848.9,6955.478,12642.25,99.04626,99.04626,59.66036,78.54546,10.00011,20.0001,13798.08,12642.25
0.9529414,-0.9529226,78.54707,-0.0302294,12642.25,12.25,10.00045,6826.783,1683.489,0,0.9529411,0.9529226,1.85E-05,-0.02783511,199.0549,101.2692,39790.06,310827.7,6955.481,12642.25,99.04626,99.04626,59.66036,78.54546,10.00011,20.0001,13798.08,12642.25
0.9529383,-0.952925,78.54707,-0.03155219,12642.26,12.25,10.00045,6826.786,1683.489,0,0.9529409,0.952925,1.60E-05,-0.02783598,199.0549,101.882,39789.39,310829.3,6955.484,12642.26,99.04626,99.04626,59.66036,78.54546,10.00011,20.0001,13798.08,12642.26
0.9529318,-0.9529251,78.54707,-0.03284555,12642.26,12.25,10.00045,6826.788,1683.49,0,0.9529409,0.9529251,1.57E-05,-0.02783679,199.0549,102.4907,39807.33,310812.3,6955.487,12642.26,99.04626,99.04626,59.66036,78.54546,10.00011,20.0001,13798.08,12642.26
0.9529243,-0.9529228,78.54707,-0.02963098,12642.27,12.25,10.00045,6826.792,1683.49,0,0.9529407,0.9529228,1.79E-05,-0.02783773,199.0549,103.194,39688.42,310803.4,6955.49,12642.27,99.04626,99.04626,59.66036,78.54546,10.00011,20.0001,13798.08,12642.27
0.9529241,-0.952921,78.54707,0,12642.28,12.25,10.00045,6826.795,1683.491,0,0.9529407,0.952921,1.96E-05,-0.02783876,199.0549,103.8915,39695.87,310899.7,6955.492,12642.28,99.04626,99.04626,59.66036,78.54546,10.00011,20.0001,13798.08,12642.28
0.952925,-0.9529198,78.54707,0,12642.29,12.25,10.00045,6826.797,1683.492,0,0.9529407,0.9529198,2.09E-05,-0.02783975,199.0549,104.5865,39685.11,310910.4,6955.495,12642.29,99.04626,99.04626,59.66036,78.54546,10.00011,20.0001,13798.08,12642.29
0.9529343,-0.9529197,78.54707,-0.0303752,12642.29,12.25,10.00045,6826.8,1683.492,0,0.9529408,0.9529197,2.11E-05,-0.02784078,199.0549,105.1771,39688.63,310929.1,6955.498,12642.29,99.04626,99.04626,59.66036,78.54546,10.00011,20.0001,13798.08,12642.29
0.9529405,-0.9528624,78.54707,-0.03203396,12642.3,12.25,10.00045,6826.802,1683.493,0,0.9529409,0.9528624,7.84E-05,-0.02784197,199.0549,105.8668,39720.63,310898.3,6955.504,12642.3,99.04626,99.04626,59.66036,78.54546,10.00011,20.0001,13798.08,12642.3
0.9529372,-0.9529262,78.54707,-0.03352653,12642.3,12.25,10.00045,6826.805,1683.493,0,0.9529409,0.9529262,1.47E-05,-0.02784302,199.0549,106.5527,39759.67,310860.3,6955.507,12642.3,99.04626,99.04626,59.66036,78.54546,10.00011,20.0001,13798.08,12642.3
0.9529321,-0.9529235,78.54707,-0.03038255,12642.31,12.25,10.00045,6826.807,1683.493,0,0.9529408,0.9529235,1.72E-05,-0.02784396,199.0549,107.2298,39763.13,310854.6,6955.51,12642.31,99.04626,99.04626,59.66036,78.54546,10.00011,20.0001,13798.08,12642.31
0.952933,-0.9529224,78.54707,-0.03167628,12642.31,12.25,10.00045,6826.809,1683.494,0,0.9529408,0.9529224,1.84E-05,-0.02784485,199.0549,107.8055,39776.41,310842.2,6955.513,12642.31,99.04626,99.04626,59.66036,78.54546,10.00011,20.0001,13798.08,12642.31
0.9529306,-0.9529216,78.54707,-0.03113578,12642.32,12.25,10.00045,6826.814,1683.494,0,0.9529408,0.9529216,1.92E-05,-0.02784603,199.0549,108.5705,39672.41,310813.8,6955.516,12642.32,99.04626,99.04626,59.66036,78.54546,10.00011,20.0001,13798.08,12642.32
0.9529331,-0.9529226,78.54707,-0.03243686,12642.33,12.25,10.00045,6826.816,1683.495,0,0.9529409,0.9529226,1.83E-05,-0.02784696,199.0549,109.141,39679.93,310806.5,6955.519,12642.33,99.04626,99.04626,59.66036,78.54546,10.00011,20.0001,13798.08,12642.33
0.9529305,-0.9529238,78.54707,0,12642.33,12.25,10.00045,6826.819,1683.495,0,0.9529408,0.9529238,1.71E-05,-0.02784798,199.0549,109.8012,39692.43,310902.9,6955.521,12642.33,99.04626,99.04626,59.66036,78.54546,10.00011,20.0001,13798.08,12642.33
0.9529375,-0.9528637,78.54707,-0.03208131,12642.34,12.25,10.00045,6826.821,1683.495,0,0.9529408,0.9528637,7.71E-05,-0.02784905,199.0549,110.4531,39718.99,310899.8,6955.527,12642.34,99.04626,99.04626,59.66036,78.54546,10.00011,20.0001,13798.08,12642.34
0.9529383,-0.952926,78.54707,-0.03357266,12642.34,12.25,10.00045,6826.824,1683.496,0,0.9529409,0.952926,1.49E-05,-0.0278501,199.0549,111.1044,39752.67,310867.2,6955.53,12642.34,99.04626,99.04626,59.66036,78.54546,10.00011,20.0001,13798.08,12642.34
0.9529362,-0.952924,78.54707,-0.03169589,12642.35,12.25,10.00045,6826.826,1683.496,0,0.9529408,0.952924,1.68E-05,-0.0278511,199.0549,111.7488,39760.87,310857.6,6955.534,12642.35,99.04626,99.04626,59.66036,78.54546,10.00011,20.0001,13798.08,12642.35
0.9529374,-0.9529241,78.54707,-0.03317944,12642.36,12.25,10.00045,6826.829,1683.496,0,0.9529409,0.9529241,1.68E-05,-0.02785209,199.0549,112.3896,39791.42,310828.2,6955.537,12642.36,99.04626,99.04626,59.66036,78.54546,10.00011,20.0001,13798.08,12642.36
0.9529303,-0.9529248,78.54707,-0.03458399,12642.37,12.25,10.00045,6826.833,1683.497,0,0.9529409,0.9529248,1.61E-05,-0.02785307,199.0549,113.0275,39683.11,310791.6,6955.54,12642.37,99.04626,99.04626,59.66036,78.54546,10.00011,20.0001,13798.08,12642.37
0.9529375,-0.9529248,78.54707,-0.03271807,12642.37,12.25,10.00045,6826.836,1683.497,0,0.9529409,0.9529248,1.61E-05,-0.027854,199.0549,113.6527,39694.23,310925,6955.542,12642.37,99.04626,99.04626,59.66036,78.54546,10.00011,20.0001,13798.08,12642.37
0.9529388,-0.9528611,78.54707,-0.03435544,12642.38,12.25,10.00045,6826.838,1683.497,0,0.9529409,0.9528611,7.98E-05,-0.02785504,199.0549,114.2779,39727.83,310892.5,6955.549,12642.38,99.04626,99.04626,59.66036,78.54546,10.00011,20.0001,13798.08,12642.38
0.9529343,-0.9528606,78.54707,-0.03218447,12642.38,12.25,10.00045,6826.841,1683.497,0,0.9529408,0.9528606,8.02E-05,-0.02785586,199.0549,114.809,39713.89,310904.8,6955.552,12642.38,99.04626,99.04626,59.66036,78.54546,10.00011,20.0001,13798.08,12642.38
0.9529397,-0.9529268,78.54707,-0.03370294,12642.39,12.25,10.00045,6826.844,1683.498,0,0.9529408,0.9529268,1.41E-05,-0.02785686,199.0549,115.4216,39742.92,310876.9,6955.555,12642.39,99.04626,99.04626,59.66036,78.54546,10.00011,20.0001,13798.08,12642.39
0.9529397,-0.9529257,78.54707,-0.03512032,12642.39,12.25,10.00045,6826.846,1683.498,0,0.9529409,0.9529257,1.52E-05,-0.02785779,199.0549,116.0328,39770.39,310850.5,6955.558,12642.39,99.04626,99.04626,59.66036,78.54546,10.00011,20.0001,13798.08,12642.39
0.9529305,-0.952925,78.54707,-0.03656028,12642.4,12.25,10.00045,6826.849,1683.498,0,0.9529409,0.952925,1.59E-05,-0.02785875,199.0549,116.639,39820.97,310800.9,6955.561,12642.4,99.04626,99.04626,59.66036,78.54546,10.00011,20.0001,13798.08,12642.4
0.9529261,-0.9529219,78.54707,-0.03335373,12642.41,12.25,10.00045,6826.851,1683.499,0,0.9529407,0.9529219,1.88E-05,-0.02785962,199.0549,117.149,39802.66,310816.9,6955.564,12642.41,99.04626,99.04626,59.66036,78.54546,10.00011,20.0001,13798.08,12642.41
0.9529335,-0.9529206,78.54707,-0.03386902,12642.42,12.25,10.00045,6826.856,1683.5,0,0.9529408,0.9529206,2.02E-05,-0.02786086,199.0549,117.8243,39688.06,310931.8,6955.567,12642.42,99.04626,99.04626,59.66036,78.54546,10.00011,20.0001,13798.08,12642.42
0.9529374,-0.9529226,78.54707,-0.03515305,12642.42,12.25,10.00045,6826.859,1683.5,0,0.9529409,0.9529226,1.84E-05,-0.02786185,199.0549,118.3327,39696.55,310924.3,6955.57,12642.42,99.04626,99.04626,59.66036,78.54546,10.00011,20.0001,13798.08,12642.42
0.952937,-0.9528598,78.54707,-0.03672341,12642.43,12.25,10.00045,6826.861,1683.5,0,0.9529408,0.9528598,8.11E-05,-0.02786297,199.0549,118.9195,39736.02,310885.9,6955.577,12642.43,99.04626,99.04626,59.66036,78.54546,10.00011,20.0001,13798.08,12642.43
0.9529312,-0.9529245,78.54707,-0.03368794,12642.43,12.25,10.00045,6826.864,1683.5,0,0.9529407,0.9529245,1.62E-05,-0.02786405,199.0549,119.4976,39748.9,310870.8,6955.58,12642.43,99.04626,99.04626,59.66036,78.54546,10.00011,20.0001,13798.08,12642.43
0.9529358,-0.9529229,78.54707,-0.03383369,12642.44,12.25,10.00045,6826.867,1683.501,0,0.9529407,0.9529229,1.78E-05,-0.027865,199.0549,119.9861,39727.33,310892.4,6955.583,12642.44,99.04626,99.04626,59.66036,78.54546,10.00011,20.0001,13798.08,12642.44
0.9529459,-0.9529232,78.54707,-0.03530727,12642.45,12.25,10.00045,6826.869,1683.501,0,0.952941,0.9529232,1.78E-05,-0.02786613,199.0549,120.5579,39758.5,310862.3,6955.587,12642.45,99.04626,99.04626,59.66036,78.54546,10.00011,20.0001,13798.08,12642.45
0.9529496,-0.9529281,78.54707,-0.03673311,12642.46,12.25,10.00045,6826.874,1683.501,0,0.9529412,0.9529281,1.30E-05,-0.02786711,199.0549,121.1277,39698.53,310923.3,6955.589,12642.46,99.04626,99.04626,59.66036,78.54546,10.00011,20.0001,13798.08,12642.46
0.9529444,-0.9528658,78.54707,-0.03409144,12642.46,12.25,10.00045,6826.876,1683.5,0,0.952941,0.9528658,7.52E-05,-0.02786797,199.0549,121.6892,39711.54,310908.3,6955.596,12642.46,99.04626,99.04626,59.66036,78.54546,10.00011,20.0001,13798.08,12642.46
0.9529499,-0.9529321,78.54707,-0.03556814,12642.47,12.25,10.00045,6826.878,1683.5,0,0.9529411,0.9529321,9.02E-06,-0.02786878,199.0549,122.2411,39766.75,310854.2,6955.599,12642.47,99.04626,99.04626,59.66036,78.54546,10.00011,20.0001,13798.08,12642.47
0.9529475,-0.9529343,78.54707,-0.03698475,12642.48,12.25,10.00045,6826.883,1683.5,0,0.9529411,0.9529343,6.79E-06,-0.02786945,199.0549,122.7905,39704.68,310917.3,6955.601,12642.48,99.04626,99.04626,59.66036,78.54546,10.00011,20.0001,13798.08,12642.48
0.9529421,-0.9529354,78.54707,-0.03855355,12642.48,12.25,10.00045,6826.885,1683.499,0,0.952941,0.9529354,5.62E-06,-0.02787021,199.0549,123.3326,39773.93,310849.2,6955.607,12642.48,99.04626,99.04626,59.66036,78.54546,10.00012,20.0001,13798.08,12642.48
0.9529294,-0.9529302,78.54707,-0.03531324,12642.49,12.25,10.00045,6826.89,1683.5,0,0.9529409,0.9529302,1.07E-05,-0.02787095,199.0549,123.9433,39682.46,310795.8,6955.61,12642.49,99.04626,99.04626,59.66036,78.54546,10.00012,20.0001,13798.08,12642.49
0.9529454,-0.9528683,78.54707,-0.03586636,12642.5,12.25,10.00045,6826.893,1683.5,0,0.9529409,0.9528683,7.26E-05,-0.02787186,199.0549,124.4653,39711.23,310935.9,6955.615,12642.5,99.04626,99.04626,59.66036,78.54546,10.00012,20.0001,13798.08,12642.5
0.9529511,-0.9529307,78.54707,-0.03730096,12642.5,12.25,10.00045,6826.895,1683.5,0,0.9529412,0.9529307,1.04E-05,-0.02787276,199.0549,124.9976,39772.54,310849.6,6955.619,12642.5,99.04626,99.04626,59.66036,78.54546,10.00012,20.0001,13798.08,12642.5
0.9529446,-0.9529333,78.54707,-0.0386993,12642.51,12.25,10.00045,6826.899,1683.499,0,0.9529411,0.9529333,7.85E-06,-0.02787348,199.0549,125.5216,39713.7,310909.4,6955.621,12642.51,99.04626,99.04626,59.66036,78.54546,10.00012,20.0001,13798.08,12642.51
0.9529386,-0.952933,78.54707,-0.03547713,12642.52,12.25,10.00045,6826.902,1683.499,0,0.9529409,0.952933,7.92E-06,-0.02787431,199.0549,126.034,39752.81,310867.9,6955.627,12642.52,99.04626,99.04626,59.66036,78.54546,10.00012,20.0001,13798.08,12642.52
0.952935,-0.9529284,78.54707,-0.03685473,12642.53,12.25,10.00045,6826.904,1683.499,0,0.9529408,0.9529284,1.24E-05,-0.02787507,199.0549,126.5402,39784.47,310837.3,6955.63,12642.53,99.04626,99.04626,59.66036,78.54546,10.00012,20.0001,13798.08,12642.53
0.9529337,-0.9528652,78.54707,-0.03858205,12642.54,12.25,10.00045,6826.909,1683.5,0,0.9529408,0.9528652,7.55E-05,-0.02787615,199.0549,127.1139,39748.41,310874.5,6955.636,12642.54,99.04626,99.04626,59.66036,78.54546,10.00012,20.0001,13798.08,12642.54
0.9529284,-0.9529225,78.54707,-0.03625318,12642.55,12.25,10.00045,6826.914,1683.5,0,0.9529408,0.9529225,1.83E-05,-0.02787733,199.0549,127.6824,39680.48,310811.3,6955.639,12642.55,99.04626,99.04626,59.66036,78.54546,10.00012,20.0001,13798.08,12642.55
0.9529325,-0.9529218,78.54707,-0.03747452,12642.55,12.25,10.00045,6826.917,1683.501,0,0.9529408,0.9529218,1.90E-05,-0.02787826,199.0549,128.1035,39713.04,310909.1,6955.641,12642.55,99.04626,99.04626,59.66036,78.54546,10.00012,20.0001,13798.08,12642.55
0.9529343,-0.9529225,78.54707,-0.03898531,12642.56,12.25,10.00045,6826.918,1683.501,0,0.9529408,0.9529225,1.83E-05,-0.02787947,199.0549,128.5927,39769.89,310853.3,6955.647,12642.56,99.04626,99.04626,59.66036,78.54546,10.00012,20.0001,13798.08,12642.56
0.9529335,-0.9529196,78.54707,-0.03651265,12642.56,12.25,10.00045,6826.921,1683.502,0,0.9529407,0.9529196,2.11E-05,-0.02788064,199.0549,129.0742,39758.97,310862.4,6955.65,12642.56,99.04626,99.04626,59.66036,78.54546,10.00012,20.0001,13798.08,12642.56
0.9529466,-0.9529225,78.54707,-0.03791941,12642.57,12.25,10.00045,6826.926,1683.502,0,0.9529411,0.9529225,1.85E-05,-0.0278818,199.0549,129.5564,39687.84,310934.5,6955.653,12642.57,99.04626,99.04626,59.66036,78.54546,10.00012,20.0001,13798.08,12642.57
0.9529495,-0.9529282,78.54707,-0.03966665,12642.58,12.25,10.00045,6826.929,1683.502,0,0.9529412,0.9529282,1.29E-05,-0.02788309,199.0549,130.1066,39784.04,310839.6,6955.66,12642.58,99.04626,99.04626,59.66036,78.54546,10.00012,20.0001,13798.08,12642.58
0.9529387,-0.9529302,78.54707,0,12642.59,12.25,10.00045,6826.934,1683.501,0,0.952941,0.9529302,1.08E-05,-0.02788393,199.0549,130.5773,39696.84,310897.7,6955.662,12642.59,99.04626,99.04626,59.66036,78.54546,10.00012,20.0001,13798.08,12642.59
0.9529403,-0.9529282,78.54707,-0.03799167,12642.6,12.25,10.00045,6826.936,1683.501,0,0.952941,0.9529282,1.27E-05,-0.02788492,199.0549,131.1022,39791.06,310831.3,6955.668,12642.6,99.04626,99.04626,59.66036,78.54546,10.00012,20.0001,13798.08,12642.6
0.9529352,-0.9528642,78.54707,-0.03683936,12642.61,12.25,10.00045,6826.94,1683.502,0,0.9529408,0.9528642,7.66E-05,-0.02788598,199.0549,131.6205,39721.44,310900,6955.674,12642.61,99.04626,99.04626,59.66036,78.54546,10.00012,20.0001,13798.08,12642.61
0.9529386,-0.9529259,78.54707,-0.03845199,12642.62,12.25,10.00045,6826.945,1683.502,0,0.952941,0.9529259,1.51E-05,-0.02788711,199.0549,132.1364,39674.6,310814,6955.677,12642.62,99.04626,99.04626,59.66036,78.54546,10.00012,20.0001,13798.08,12642.62
0.9529403,-0.9528636,78.54707,-0.03999656,12642.62,12.25,10.00045,6826.948,1683.502,0,0.9529409,0.9528636,7.73E-05,-0.02788814,199.0549,132.5821,39741.52,310882.2,6955.683,12642.62,99.04626,99.04626,59.66036,78.54546,10.00012,20.0001,13798.08,12642.62
0.9529278,-0.9529253,78.54707,-0.04147249,12642.63,12.25,10.00045,6826.953,1683.502,0,0.9529409,0.9529253,1.55E-05,-0.02788922,199.0549,133.0876,39709.74,310780,6955.686,12642.63,99.04626,99.04626,59.66036,78.54546,10.00012,20.0001,13798.08,12642.63
0.9529315,-0.9529229,78.54707,-0.03853027,12642.64,12.25,10.00045,6826.955,1683.503,0,0.9529407,0.9529229,1.78E-05,-0.02789051,199.0549,133.576,39768.36,310854.2,6955.691,12642.64,99.04626,99.04626,59.66036,78.54546,10.00012,20.00011,13798.08,12642.64
0.9529262,-0.9529198,78.54707,-0.03990085,12642.65,12.25,10.00045,6826.96,1683.504,0,0.9529408,0.9529198,2.10E-05,-0.02789168,199.0549,134.0076,39698.06,310789.6,6955.695,12642.65,99.04626,99.04626,59.66036,78.54546,10.00012,20.00011,13798.08,12642.65
0.9529374,-0.9529204,78.54707,-0.03879431,12642.66,12.25,10.00045,6826.962,1683.504,0,0.9529408,0.9529204,2.04E-05,-0.02789318,199.0549,134.4894,39757.09,310865.7,6955.701,12642.66,99.04626,99.04626,59.66036,78.54546,10.00012,20.00011,13798.08,12642.66
0.9529396,-0.9529216,78.54707,-0.04028705,12642.67,12.25,10.00045,6826.967,1683.505,0,0.952941,0.9529216,1.93E-05,-0.0278945,199.0549,134.974,39715.11,310908.7,6955.704,12642.67,99.04626,99.04626,59.66036,78.54546,10.00012,20.00011,13798.08,12642.67
0.9529371,-0.9529228,78.54707,-0.03826042,12642.67,12.25,10.00045,6826.97,1683.505,0,0.9529409,0.9529228,1.81E-05,-0.02789589,199.0549,135.4485,39781.07,310841.2,6955.71,12642.67,99.04626,99.04626,59.66036,78.54546,10.00012,20.00011,13798.08,12642.67
0.9529408,-0.952859,78.54707,-0.03997539,12642.68,12.25,10.00045,6826.975,1683.505,0,0.9529409,0.952859,8.18E-05,-0.02789719,199.0549,135.9156,39735.09,310888.4,6955.716,12642.68,99.04626,99.04626,59.66036,78.54546,10.00012,20.00011,13798.08,12642.68
0.9529365,-0.9529245,78.54707,-0.04134823,12642.69,12.25,10.00045,6826.978,1683.505,0,0.9529409,0.9529245,1.64E-05,-0.0278983,199.0549,136.3224,39805.6,310818.9,6955.719,12642.69,99.04626,99.04626,59.66036,78.54546,10.00012,20.00011,13798.08,12642.69
0.9529412,-0.9528627,78.54707,-0.03920702,12642.7,12.25,10.00045,6826.982,1683.505,0,0.9529409,0.9528627,7.82E-05,-0.02789952,199.0549,136.774,39728.42,310894.5,6955.725,12642.7,99.04626,99.04626,59.66036,78.54546,10.00012,20.00011,13798.08,12642.7
0.9529374,-0.9529253,78.54707,-0.04075433,12642.71,12.25,10.00045,6826.987,1683.506,0,0.952941,0.9529253,1.57E-05,-0.02790075,199.0549,137.2289,39684.71,310800.1,6955.729,12642.71,99.04626,99.04626,59.66036,78.54546,10.00012,20.00011,13798.08,12642.71
0.9529366,-0.952926,78.54707,-0.03872065,12642.72,12.25,10.00045,6826.99,1683.506,0,0.9529408,0.952926,1.48E-05,-0.02790201,199.0549,137.6689,39753.08,310869.4,6955.734,12642.72,99.04626,99.04626,59.66036,78.54546,10.00012,20.00011,13798.08,12642.72
0.9529374,-0.9529242,78.54707,-0.04009326,12642.73,12.25,10.00045,6826.995,1683.506,0,0.9529409,0.9529242,1.67E-05,-0.02790307,199.0549,138.0536,39675.46,310807.9,6955.738,12642.73,99.04626,99.04626,59.66036,78.54546,10.00012,20.00011,13798.08,12642.73
0.9529389,-0.9529261,78.54707,-0.04174517,12642.73,12.25,10.00045,6826.997,1683.506,0,0.9529409,0.9529261,1.48E-05,-0.02790431,199.0549,138.4859,39774.64,310850,6955.744,12642.73,99.04626,99.04626,59.66036,78.54546,10.00012,20.00011,13798.08,12642.73
0.9529369,-0.9529239,78.54707,-0.03952858,12642.75,12.25,10.00045,6827.002,1683.506,0,0.9529409,0.9529239,1.70E-05,-0.02790548,199.0549,138.9102,39697.84,310925.2,6955.747,12642.75,99.04626,99.04626,59.66036,78.54546,10.00012,20.00011,13798.08,12642.75
0.9529412,-0.9529248,78.54707,-0.04124679,12642.75,12.25,10.00045,6827.005,1683.507,0,0.952941,0.9529248,1.61E-05,-0.02790682,199.0549,139.3332,39793.89,310830.3,6955.753,12642.75,99.04626,99.04626,59.66036,78.54546,10.00012,20.00011,13798.08,12642.75
0.9529337,-0.9529252,78.54707,0,12642.76,12.25,10.00045,6827.01,1683.507,0,0.9529409,0.9529252,1.57E-05,-0.02790783,199.0549,139.6974,39694.83,310899.2,6955.756,12642.76,99.04626,99.04626,59.66036,78.54546,10.00012,20.00011,13798.08,12642.76
0.9529422,-0.9529231,78.54707,-0.0406309,12642.78,12.25,10.00045,6827.015,1683.507,0,0.9529411,0.9529231,1.80E-05,-0.02790918,199.0549,140.1572,39672.86,310818.1,6955.763,12642.78,99.04626,99.04626,59.66036,78.54546,10.00012,20.00011,13798.08,12642.78
0.9529426,-0.9529282,78.54707,-0.04232038,12642.78,12.25,10.00045,6827.018,1683.507,0,0.952941,0.9529282,1.28E-05,-0.02791044,199.0549,140.5623,39773.65,310851.3,6955.769,12642.78,99.04626,99.04626,59.66036,78.54546,10.00012,20.00011,13798.08,12642.78
0.9529393,-0.9529261,78.54707,-0.0400979,12642.79,12.25,10.00045,6827.023,1683.507,0,0.9529409,0.9529261,1.48E-05,-0.02791153,199.0549,140.9574,39695.57,310927.7,6955.771,12642.79,99.04626,99.04626,59.66036,78.54546,10.00012,20.00011,13798.08,12642.79
0.9529446,-0.9529283,78.54707,-0.04164348,12642.8,12.25,10.00045,6827.025,1683.507,0,0.952941,0.9529283,1.27E-05,-0.02791266,199.0549,141.3018,39762.28,310862.1,6955.779,12642.8,99.04626,99.04626,59.66036,78.54546,10.00012,20.00011,13798.08,12642.8
0.9529365,-0.952927,78.54707,-0.04308809,12642.81,12.25,10.00045,6827.031,1683.507,0,0.9529409,0.952927,1.40E-05,-0.02791371,199.0549,141.6909,39722.75,310902.7,6955.781,12642.81,99.04626,99.04626,59.66036,78.54546,10.00012,20.00011,13798.08,12642.81
0.9529306,-0.9529237,78.54707,-0.04009885,12642.82,12.25,10.00045,6827.033,1683.507,0,0.9529408,0.9529237,1.71E-05,-0.02791497,199.0549,142.0681,39794.11,310829.1,6955.788,12642.82,99.04626,99.04626,59.66036,78.54546,10.00012,20.00011,13798.08,12642.82
0.9529311,-0.9529216,78.54707,0,12642.83,12.25,10.00045,6827.039,1683.508,0,0.9529408,0.9529216,1.92E-05,-0.02791606,199.0549,142.3946,39684.47,310909.4,6955.791,12642.83,99.04626,99.04626,59.66036,78.54546,10.00012,20.00011,13798.08,12642.83
0.9529461,-0.9529226,78.54707,-0.04126349,12642.83,12.25,10.00045,6827.041,1683.508,0,0.952941,0.9529226,1.84E-05,-0.02791754,199.0549,142.7684,39777.05,310846.9,6955.797,12642.83,99.04626,99.04626,59.66036,78.54546,10.00012,20.00011,13798.08,12642.83
0.9529474,-0.952927,78.54707,-0.04254186,12642.85,12.25,10.00045,6827.046,1683.508,0,0.9529412,0.952927,1.42E-05,-0.02791856,199.0549,143.0959,39691.84,310933.1,6955.8,12642.85,99.04626,99.04626,59.66036,78.54546,10.00012,20.00011,13798.08,12642.85
0.9529433,-0.9529293,78.54707,-0.0442324,12642.85,12.25,10.00045,6827.049,1683.508,0,0.9529411,0.9529293,1.18E-05,-0.02791978,199.0549,143.4628,39810.94,310815.2,6955.808,12642.85,99.04626,99.04626,59.66036,78.54546,10.00012,20.00011,13798.08,12642.85
0.9529406,-0.9528591,78.54707,-0.04122311,12642.86,12.25,10.00045,6827.054,1683.508,0,0.9529409,0.9528591,8.17E-05,-0.02792086,199.0549,143.8137,39730.29,310893.6,6955.814,12642.86,99.04626,99.04626,59.66036,78.54546,10.00012,20.00011,13798.08,12642.86
0.9529361,-0.9529269,78.54707,-0.04273614,12642.88,12.25,10.00045,6827.06,1683.508,0,0.952941,0.9529269,1.40E-05,-0.02792199,199.0549,144.1679,39684.02,310794.6,6955.817,12642.88,99.04626,99.04626,59.66036,78.54546,10.00012,20.00011,13798.08,12642.88
0.9529466,-0.9528579,78.54707,-0.04135015,12642.88,12.25,10.00045,6827.063,1683.508,0,0.9529409,0.9528579,8.31E-05,-0.02792304,199.0549,144.4677,39706.58,310907.2,6955.824,12642.88,99.04626,99.04626,59.66036,78.54546,10.00012,20.00011,13798.08,12642.88
0.9529544,-0.95293,78.54707,-0.04271894,12642.89,12.25,10.00045,6827.065,1683.507,0,0.9529412,0.95293,1.12E-05,-0.02792401,199.0549,144.7737,39785.26,310839.6,6955.827,12642.89,99.04626,99.04626,59.66036,78.54546,10.00012,20.00011,13798.08,12642.89
0.9529452,-0.952933,78.54707,0,12642.9,12.25,10.00045,6827.07,1683.507,0,0.9529411,0.952933,8.12E-06,-0.0279248,199.0549,145.0746,39681.58,310912,6955.83,12642.9,99.04626,99.04626,59.66036,78.54546,10.00012,20.00011,13798.08,12642.9
0.9529524,-0.9529333,78.54707,-0.0419957,12642.9,12.25,10.00045,6827.073,1683.506,0,0.9529412,0.9529333,7.84E-06,-0.02792581,199.0549,145.4068,39775.75,310848.5,6955.837,12642.9,99.04626,99.04626,59.66036,78.54546,10.00012,20.00011,13798.08,12642.9
0.9529495,-0.9529352,78.54707,-0.04332703,12642.92,12.25,10.00045,6827.078,1683.505,0,0.9529412,0.9529352,5.99E-06,-0.0279265,199.0549,145.6972,39699.33,310925.9,6955.84,12642.92,99.04626,99.04626,59.66036,78.54546,10.00012,20.00011,13798.08,12642.92
0.9529443,-0.9529358,78.54707,-0.04478067,12642.92,12.25,10.00045,6827.081,1683.505,0,0.952941,0.9529358,5.29E-06,-0.0279273,199.0549,145.9804,39776.63,310849.6,6955.847,12642.92,99.04626,99.04626,59.66036,78.54546,10.00012,20.00011,13798.08,12642.92
0.952947,-0.9529316,78.54707,-0.04142834,12642.93,12.25,10.00045,6827.086,1683.505,0,0.9529411,0.9529316,9.40E-06,-0.02792804,199.0549,146.2563,39633.22,310842.1,6955.85,12642.93,99.04626,99.04626,59.66036,78.54546,10.00012,20.00011,13798.08,12642.93
0.952965,-0.9529378,78.54707,-0.04313929,12642.94,12.25,10.00045,6827.089,1683.504,0,0.9529414,0.9529378,3.53E-06,-0.027929,199.0549,146.5767,39732.59,310892.4,6955.857,12642.94,99.04626,99.04626,59.66036,78.54546,10.00012,20.00011,13798.08,12642.94
0.9529589,-0.9529409,78.54707,-0.04447431,12642.95,12.25,10.00045,6827.094,1683.503,0,0.9529414,0.9529409,5.37E-07,-0.02792959,199.0549,146.8586,39659.43,310817.4,6955.861,12642.95,99.04626,99.04626,59.66036,78.54546,10.00012,20.00011,13798.08,12642.95
0.9529532,-0.9528697,78.54707,-0.04590746,12642.96,12.25,10.00045,6827.097,1683.502,0,0.9529413,0.9528697,7.17E-05,-0.02793004,199.0549,147.1255,39730.93,310896,6955.867,12642.96,99.04626,99.04626,59.66036,78.54546,10.00012,20.00011,13798.08,12642.96
0.9529413,-0.9529375,78.54707,-0.04172841,12642.97,12.25,10.00045,6827.102,1683.501,0,0.9529411,0.9529375,3.59E-06,-0.0279306,199.0549,147.4229,39664.6,310809.6,6955.87,12642.97,99.04626,99.04626,59.66036,78.54546,10.00012,20.00011,13798.08,12642.97
0.9529445,-0.9529359,78.54707,-0.04341218,12642.98,12.25,10.00045,6827.105,1683.501,0,0.952941,0.9529359,5.07E-06,-0.02793141,199.0548,147.7132,39764.46,310860.6,6955.876,12642.98,99.04626,99.04626,59.66036,78.54546,10.00012,20.00011,13798.08,12642.98
0.9529335,-0.952931,78.54707,0,12642.99,12.25,10.00045,6827.11,1683.501,0,0.9529409,0.952931,9.90E-06,-0.02793224,199.0548,148.0038,39690.34,310903,6955.879,12642.99,99.04626,99.04626,59.66036,78.54546,10.00012,20.00011,13798.08,12642.99
0.9529421,-0.952928,78.54707,-0.04272364,12643,12.25,10.00045,6827.113,1683.501,0,0.9529409,0.952928,1.30E-05,-0.02793336,199.0548,148.288,39775.77,310848.8,6955.886,12643,99.04626,99.04626,59.66036,78.54546,10.00012,20.00011,13798.08,12643
0.9529403,-0.9529279,78.54707,-0.04484189,12643.01,12.25,10.00045,7262.368,1683.501,0,0.952941,0.9529279,1.30E-05,-0.02793429,199.0548,151.4313,39708.33,310917.7,6955.889,12643.01,99.04626,99.04626,59.66036,78.54546,10.00012,20.00011,13798.08,12643.01
0.952938,-0.9529268,78.54707,-0.04745015,12643.02,12.25,10.00045,7262.373,1683.501,0,0.9529409,0.9529268,1.41E-05,-0.02793552,199.0548,155.2715,39731.69,310896.3,6955.895,12643.02,99.04626,99.04626,59.66036,78.54546,10.00012,20.00011,13798.08,12643.02
0.9529336,-0.9529238,78.54707,-0.04485459,12643.03,12.25,10.00045,7262.377,1683.501,0,0.9529408,0.9529238,1.71E-05,-0.02793678,199.0548,158.7916,39713.18,310912.8,6955.9,12643.03,99.04626,99.04626,59.66036,78.54546,10.00012,20.00011,13798.08,12643.03
0.9529346,-0.9529225,78.54707,-0.04701877,12643.04,12.25,10.00045,7262.382,1683.502,0,0.9529409,0.9529225,1.84E-05,-0.02793803,199.0548,161.6347,39689.65,310807.3,6955.907,12643.04,99.04626,99.04626,59.66036,78.54546,10.00012,20.00011,13798.08,12643.04
0.9529331,-0.9529221,78.54707,-0.04621264,12643.04,12.25,10.00045,7262.385,1683.502,0,0.9529408,0.9529221,1.86E-05,-0.02793936,199.0548,164.6197,39766.54,310860.4,6955.913,12643.04,99.04626,99.04626,59.66036,78.54546,10.00012,20.00011,13798.08,12643.04
0.952943,-0.9528571,78.54707,-0.04825553,12643.06,12.25,10.00045,7262.39,1683.503,0,0.9529409,0.9528571,8.38E-05,-0.02794071,199.0548,167.0202,39741.06,310887.3,6955.918,12643.06,99.04626,99.04626,59.66036,78.54546,10.00012,20.00011,13798.08,12643.06
0.9529423,-0.9528586,78.54707,-0.05047049,12643.07,12.25,10.00045,7262.395,1683.503,0,0.9529409,0.9528586,8.24E-05,-0.02794222,199.0548,169.5393,39758.15,310871.8,6955.925,12643.07,99.04626,99.04626,59.66036,78.54546,10.00012,20.00011,13798.08,12643.07
0.9529327,-0.9528568,78.54707,-0.04798809,12643.08,12.25,10.00045,7262.4,1683.503,0,0.9529408,0.9528568,8.40E-05,-0.02794366,199.0548,171.8191,39742.32,310885.8,6955.931,12643.08,99.04626,99.04626,59.66036,78.54546,10.00012,20.00011,13798.08,12643.08
0.952943,-0.9528604,78.54707,-0.05007108,12643.09,12.25,10.00045,7262.405,1683.503,0,0.9529409,0.9528604,8.06E-05,-0.02794514,199.0548,173.8814,39749.63,310880,6955.937,12643.09,99.04626,99.04626,59.66036,78.54546,10.00012,20.00011,13798.08,12643.09
0.952937,-0.9529238,78.54707,-0.05231505,12643.1,12.25,10.00045,7262.41,1683.503,0,0.9529409,0.9529238,1.71E-05,-0.02794684,199.0548,175.9749,39804.03,310827.2,6955.943,12643.1,99.04626,99.04626,59.66036,78.54546,10.00012,20.00011,13798.08,12643.1
0.9529412,-0.9529222,78.54707,-0.05057345,12643.11,12.25,10.00045,7262.415,1683.503,0,0.9529409,0.9529222,1.87E-05,-0.02794837,199.0548,177.6293,39775.38,310854.5,6955.95,12643.11,99.04626,99.04626,59.66036,78.54546,10.00012,20.00011,13798.08,12643.11
0.952944,-0.9529241,78.54707,-0.05251075,12643.13,12.25,10.00045,7262.42,1683.503,0,0.952941,0.9529241,1.69E-05,-0.02794991,199.0548,179.1243,39788.69,310842.6,6955.957,12643.13,99.04626,99.04626,59.66036,78.54546,10.00012,20.00011,13798.08,12643.13
0.9529419,-0.9528605,78.54707,-0.05413075,12643.14,12.25,10.00045,7262.425,1683.503,0,0.952941,0.9528605,8.05E-05,-0.02795116,199.0548,180.3005,39769.96,310862.5,6955.962,12643.14,99.04626,99.04626,59.66036,78.54546,10.00012,20.00011,13798.08,12643.14
0.9529397,-0.9528528,78.54707,-0.05149392,12643.15,12.25,10.00045,7262.431,1683.503,0,0.9529408,0.9528528,8.81E-05,-0.02795262,199.0548,181.5009,39742.53,310887.9,6955.969,12643.15,99.04626,99.04626,59.66036,78.54546,10.00012,20.00011,13798.08,12643.15
0.9529423,-0.9528527,78.54707,-0.05331424,12643.16,12.25,10.00045,7262.436,1683.504,0,0.9529409,0.9528527,8.82E-05,-0.02795415,199.0548,182.5734,39754.13,310877.7,6955.976,12643.16,99.04626,99.04626,59.66036,78.54546,10.00012,20.00011,13798.08,12643.16
0.9529371,-0.9528519,78.54707,-0.05124686,12643.17,12.25,10.00045,7262.441,1683.504,0,0.9529408,0.9528519,8.90E-05,-0.02795567,199.0548,183.5195,39731.67,310898.6,6955.982,12643.17,99.04626,99.04626,59.66036,78.54546,10.00012,20.00011,13798.08,12643.17
0.952952,-0.9528584,78.54707,-0.05299846,12643.18,12.25,10.00045,7262.447,1683.504,0,0.9529411,0.9528584,8.26E-05,-0.02795718,199.0548,184.351,39738.29,310893.2,6955.989,12643.18,99.04626,99.04626,59.66036,78.54546,10.00012,20.00011,13798.08,12643.18
0.9529489,-0.9528564,78.54707,-0.05472137,12643.2,12.25,10.00045,7262.452,1683.503,0,0.9529411,0.9528564,8.47E-05,-0.02795859,199.0548,185.0876,39753.84,310878.8,6955.996,12643.2,99.04626,99.04626,59.66036,78.54546,10.00012,20.00011,13798.08,12643.2
0.952939,-0.9528555,78.54707,-0.05185711,12643.21,12.25,10.00045,7262.458,1683.503,0,0.9529409,0.9528555,8.54E-05,-0.02795993,199.0548,185.717,39733.77,310896.8,6956.002,12643.21,99.04626,99.04626,59.66036,78.54546,10.00012,20.00011,13798.08,12643.21
0.9529449,-0.9529251,78.54707,-0.05323799,12643.22,12.25,10.00045,7262.463,1683.503,0,0.9529411,0.9529251,1.59E-05,-0.02796108,199.0548,186.1919,39701.41,310930.1,6956.005,12643.22,99.04626,99.04626,59.66036,78.54546,10.00012,20.00011,13798.08,12643.22
0.9529497,-0.9528614,78.54707,-0.05517483,12643.23,12.25,10.00045,7262.468,1683.502,0,0.9529411,0.9528614,7.97E-05,-0.02796268,199.0548,186.7206,39755.55,310877.3,6956.016,12643.23,99.04626,99.04626,59.66036,78.54546,10.00012,20.00011,13798.08,12643.23
0.9529621,-0.9529287,78.54707,-0.05273006,12643.25,12.25,10.00045,7262.474,1683.502,0,0.9529412,0.9529287,1.26E-05,-0.02796376,199.0548,187.0605,39645.95,310985.1,6956.019,12643.25,99.04626,99.04626,59.66036,78.54546,10.00012,20.00011,13798.08,12643.25
0.9529794,-0.9529379,78.54707,-0.05423462,12643.26,12.25,10.00045,7262.479,1683.5,0,0.9529417,0.9529379,3.82E-06,-0.02796482,199.0548,187.368,39616.38,310863.6,6956.027,12643.26,99.04626,99.04626,59.66036,78.54546,10.00012,20.00011,13798.08,12643.26
0.9529838,-0.9529498,78.54707,-0.05586189,12643.27,12.25,10.00045,7262.485,1683.498,0,0.9529419,0.9529498,-7.94E-06,-0.02796553,199.0548,187.6598,39634.49,310846.3,6956.035,12643.27,99.04626,99.04626,59.66036,78.54546,10.00012,20.00011,13798.08,12643.27
0.9529742,-0.9529549,78.54707,-0.05739757,12643.28,12.25,10.00045,7262.49,1683.495,0,0.9529417,0.9529549,-1.31E-05,-0.02796585,199.0548,187.8784,39660.25,310834.2,6956.042,12643.28,99.04626,99.04626,59.66036,78.54546,10.00012,20.00011,13798.08,12643.28
0.952957,-0.9529551,78.54707,-0.05877616,12643.29,12.25,10.00045,7262.493,1683.493,0,0.9529414,0.9529551,-1.37E-05,-0.02796599,199.0548,188.0158,39805.41,310829.9,6956.048,12643.29,99.04626,99.04626,59.66036,78.54546,10.00012,20.00011,13798.08,12643.29
0.9529481,-0.9529458,78.54707,-0.05348847,12643.3,12.25,10.00045,7262.499,1683.492,0,0.9529411,0.9529458,-4.71E-06,-0.02796634,199.0548,188.1141,39775.4,310856,6956.054,12643.3,99.04626,99.04626,59.66036,78.54546,10.00012,20.00011,13798.08,12643.3
0.9529459,-0.9529395,78.54707,-0.05503065,12643.31,12.25,10.00045,7262.504,1683.492,0,0.9529411,0.9529395,1.60E-06,-0.02796704,199.0548,188.1776,39787.54,310845,6956.061,12643.31,99.04626,99.04626,59.66036,78.54546,10.00012,20.00011,13798.08,12643.31
0.9529424,-0.9529305,78.54707,-0.05274918,12643.33,12.25,10.00045,7262.51,1683.491,0,0.9529409,0.9529305,1.04E-05,-0.0279679,199.0548,188.2001,39761.91,310868.9,6956.067,12643.33,99.04626,99.04626,59.66036,78.54546,10.00012,20.00011,13798.08,12643.33
0.9529464,-0.9528571,78.54707,-0.05411466,12643.34,12.25,10.00045,7262.515,1683.491,0,0.952941,0.9528571,8.39E-05,-0.02796889,199.0548,188.1941,39742.55,310889.3,6956.073,12643.34,99.04626,99.04626,59.66036,78.54546,10.00012,20.00011,13798.08,12643.34
0.9529406,-0.9529291,78.54707,-0.05577017,12643.35,12.25,10.00045,7262.521,1683.491,0,0.952941,0.9529291,1.19E-05,-0.02797033,199.0548,188.1554,39798.69,310834.3,6956.08,12643.35,99.04626,99.04626,59.66036,78.54546,10.00012,20.00011,13798.08,12643.35
0.9529451,-0.952853,78.54707,-0.0533347,12643.36,12.25,10.00045,7262.526,1683.491,0,0.9529409,0.952853,8.80E-05,-0.02797151,199.0548,188.0911,39727.16,310904,6956.087,12643.36,99.04626,99.04626,59.66036,78.54546,10.00012,20.00011,13798.08,12643.36
0.9529524,-0.9528525,78.54707,-0.05478006,12643.38,12.25,10.00045,7262.532,1683.491,0,0.9529412,0.9528525,8.86E-05,-0.02797282,199.0548,188.0054,39724.75,310907.4,6956.094,12643.38,99.04626,99.04626,59.66036,78.54546,10.00012,20.00011,13798.08,12643.38
0.9529477,-0.9528564,78.54707,-0.05626693,12643.39,12.25,10.00045,7262.537,1683.49,0,0.9529411,0.9528564,8.47E-05,-0.02797413,199.0548,187.8977,39757.04,310876.2,6956.1,12643.39,99.04626,99.04626,59.66036,78.54546,10.00012,20.00011,13798.08,12643.39
0.9529444,-0.9529272,78.54707,-0.05291431,12643.4,12.25,10.00045,7262.543,1683.49,0,0.952941,0.9529272,1.38E-05,-0.02797521,199.0548,187.7755,39688.45,310942.3,6956.103,12643.4,99.04626,99.04626,59.66036,78.54546,10.00012,20.00011,13798.08,12643.4
0.9529512,-0.9528565,78.54707,-0.05473258,12643.41,12.25,10.00045,7262.548,1683.49,0,0.9529411,0.9528565,8.45E-05,-0.02797676,199.0548,187.6032,39738.33,310893.7,6956.114,12643.41,99.04626,99.04626,59.66036,78.54546,10.00012,20.00011,13798.08,12643.41
0.9529445,-0.9529292,78.54707,-0.05581325,12643.43,12.25,10.00045,7262.554,1683.489,0,0.9529411,0.9529292,1.19E-05,-0.02797781,199.0548,187.4558,39703.39,310915.8,6956.117,12643.43,99.04626,99.04626,59.66036,78.54546,10.00012,20.00011,13798.08,12643.43
0.952933,-0.9529262,78.54707,0,12643.44,12.25,10.00045,7262.559,1683.489,0,0.9529409,0.9529262,1.47E-05,-0.02797898,199.0548,187.2666,39701.43,310890.5,6956.124,12643.44,99.04626,99.04626,59.66036,78.54546,10.00012,20.00011,13798.08,12643.44
0.9529352,-0.9529226,78.54707,-0.05334394,12643.45,12.25,10.00045,7262.565,1683.489,0,0.9529409,0.9529226,1.83E-05,-0.02798028,199.0548,187.0854,39667.57,310811.3,6956.13,12643.45,99.04626,99.04626,59.66036,78.54546,10.00012,20.00011,13798.08,12643.45
0.9529361,-0.9529214,78.54707,-0.05493094,12643.46,12.25,10.00045,7262.57,1683.49,0,0.9529409,0.9529214,1.95E-05,-0.02798198,199.0548,186.8434,39720.89,310911.1,6956.137,12643.46,99.04626,99.04626,59.66036,78.54546,10.00012,20.00011,13798.08,12643.46
0.9529377,-0.9529193,78.54707,-0.05252938,12643.48,12.25,10.00045,7262.576,1683.49,0,0.9529409,0.9529193,2.15E-05,-0.02798359,199.0548,186.6125,39679.23,310938.2,6956.143,12643.48,99.04626,99.04626,59.66036,78.54546,10.00012,20.00011,13798.08,12643.48
0.9529484,-0.9529218,78.54707,-0.05399996,12643.49,12.25,10.00045,7262.581,1683.49,0,0.9529411,0.9529218,1.93E-05,-0.0279851,199.0548,186.3824,39701.36,310929.9,6956.15,12643.49,99.04626,99.04626,59.66036,78.54546,10.00012,20.00011,13798.08,12643.49
0.9529423,-0.9529248,78.54707,-0.05532158,12643.5,12.25,10.00045,7262.587,1683.489,0,0.9529411,0.9529248,1.63E-05,-0.02798648,199.0548,186.1773,39679.15,310801.7,6956.158,12643.5,99.04626,99.04626,59.66036,78.54546,10.00012,20.00011,13798.08,12643.5
0.9529374,-0.9529235,78.54707,-0.05225847,12643.51,12.25,10.00045,7262.592,1683.489,0,0.9529409,0.9529235,1.74E-05,-0.02798793,199.0548,185.9223,39654.27,310824.5,6956.164,12643.51,99.04626,99.04626,59.66036,78.54546,10.00012,20.00011,13798.08,12643.51
0.9529443,-0.9529241,78.54707,-0.0537208,12643.52,12.25,10.00045,7262.598,1683.489,0,0.9529411,0.9529241,1.69E-05,-0.02798942,199.0548,185.6649,39662.98,310817,6956.171,12643.52,99.04626,99.04626,59.66036,78.54546,10.00012,20.00011,13798.08,12643.52
0.9529439,-0.9529257,78.54707,-0.05523085,12643.54,12.25,10.00045,7262.603,1683.489,0,0.9529411,0.9529257,1.54E-05,-0.02799086,199.0548,185.3716,39720.15,310911.8,6956.177,12643.54,99.04626,99.04626,59.66036,78.54546,10.00012,20.00011,13798.08,12643.54
0.9529395,-0.9529245,78.54707,-0.05203927,12643.55,12.25,10.00045,7262.608,1683.489,0,0.9529409,0.9529245,1.64E-05,-0.02799213,199.0548,185.1343,39655.02,310862,6956.184,12643.55,99.04626,99.04626,59.66036,78.54546,10.00012,20.00011,13798.08,12643.55
0.9529456,-0.9529257,78.54707,-0.05350102,12643.56,12.25,10.00045,7262.614,1683.489,0,0.9529411,0.9529257,1.54E-05,-0.02799357,199.0548,184.8659,39663.78,310816.6,6956.191,12643.56,99.04626,99.04626,59.66036,78.54546,10.00012,20.00011,13798.08,12643.56
0.9529406,-0.9529268,78.54707,-0.05493987,12643.57,12.25,10.00045,7262.62,1683.488,0,0.9529411,0.9529268,1.43E-05,-0.02799494,199.0548,184.5927,39681.42,310800.2,6956.198,12643.57,99.04626,99.04626,59.66036,78.54546,10.00012,20.00011,13798.08,12643.57
0.9529301,-0.9529238,78.54707,-0.05629477,12643.58,12.25,10.00045,7262.625,1683.488,0,0.9529409,0.9529238,1.72E-05,-0.0279962,199.0548,184.3115,39706.62,310776.2,6956.204,12643.58,99.04626,99.04626,59.66036,78.54546,10.00012,20.00011,13798.08,12643.58
0.9529334,-0.9529212,78.54707,-0.05235701,12643.59,12.25,10.00045,7262.627,1683.489,0,0.9529408,0.9529212,1.96E-05,-0.02799755,199.0548,184.0555,39784.57,310845.2,6956.21,12643.59,99.04626,99.04626,59.66036,78.54546,10.00012,20.00011,13798.08,12643.59
0.9529344,-0.9529197,78.54707,-0.05379637,12643.6,12.25,10.00045,7262.633,1683.489,0,0.9529408,0.9529197,2.12E-05,-0.02799922,199.0548,183.7728,39796.38,310834.4,6956.217,12643.6,99.04626,99.04626,59.66036,78.54546,10.00012,20.00011,13798.08,12643.6
0.9529442,-0.9529194,78.54707,-0.05221209,12643.62,12.25,10.00045,7262.638,1683.49,0,0.9529409,0.9529194,2.15E-05,-0.02800094,199.0548,183.4866,39764.18,310865.4,6956.224,12643.62,99.04626,99.04626,59.66036,78.54546,10.00012,20.00011,13798.08,12643.62
0.9529533,-0.9529233,78.54707,-0.0536155,12643.63,12.25,10.00045,7262.644,1683.489,0,0.9529412,0.9529233,1.79E-05,-0.02800246,199.0548,183.2116,39775.59,310854.9,6956.23,12643.63,99.04626,99.04626,59.66036,78.54546,10.00012,20.00011,13798.08,12643.63
0.9529452,-0.9529278,78.54707,-0.05504891,12643.64,12.25,10.00045,7262.649,1683.489,0,0.9529411,0.9529278,1.33E-05,-0.02800392,199.0548,182.935,39796.11,310835.4,6956.237,12643.64,99.04626,99.04626,59.66036,78.54546,10.00012,20.00011,13798.08,12643.64
0.9529477,-0.9529272,78.54707,-0.0519752,12643.65,12.25,10.00045,7262.654,1683.489,0,0.952941,0.9529272,1.38E-05,-0.02800529,199.0548,182.6478,39765.16,310864.1,6956.244,12643.65,99.04626,99.04626,59.66036,78.54546,10.00012,20.00011,13798.08,12643.65
0.9529502,-0.9529294,78.54707,-0.05342696,12643.66,12.25,10.00045,7262.66,1683.488,0,0.9529411,0.9529294,1.17E-05,-0.02800664,199.0548,182.3686,39777.06,310853.2,6956.25,12643.66,99.04626,99.04626,59.66036,78.54546,10.00012,20.00011,13798.08,12643.66
0.9529459,-0.9529292,78.54707,-0.05479919,12643.68,12.25,10.00045,7262.665,1683.488,0,0.9529411,0.9529292,1.19E-05,-0.0280078,199.0548,182.0882,39796.84,310834.4,6956.257,12643.68,99.04626,99.04626,59.66036,78.54546,10.00012,20.00011,13798.08,12643.68
0.9529471,-0.9529285,78.54707,-0.05173939,12643.69,12.25,10.00045,7262.67,1683.487,0,0.952941,0.9529285,1.25E-05,-0.02800908,199.0548,181.8025,39766.05,310862.9,6956.264,12643.69,99.04626,99.04626,59.66036,78.54546,10.00012,20.00011,13798.08,12643.69
0.9529492,-0.9529299,78.54707,-0.0531908,12643.7,12.25,10.00045,7262.676,1683.487,0,0.9529411,0.9529299,1.12E-05,-0.02801038,199.0548,181.5248,39777.94,310852,6956.271,12643.7,99.04626,99.04626,59.66036,78.54546,10.00012,20.00011,13798.08,12643.7
0.9529414,-0.9529297,78.54707,-0.05462178,12643.71,12.25,10.00045,7262.681,1683.487,0,0.952941,0.9529297,1.12E-05,-0.02801164,199.0548,181.2475,39798.72,310832.3,6956.277,12643.71,99.04626,99.04626,59.66036,78.54546,10.00012,20.00011,13798.08,12643.71
0.9529421,-0.9528607,78.54707,-0.05134372,12643.72,12.25,10.00045,7262.687,1683.487,0,0.9529409,0.9528607,8.02E-05,-0.02801266,199.0548,181.0006,39742.72,310885.8,6956.283,12643.72,99.04626,99.04626,59.66036,78.54546,10.00012,20.00011,13798.08,12643.72
0.9529391,-0.9529256,78.54707,-0.05293139,12643.74,12.25,10.00045,7262.691,1683.487,0,0.9529409,0.9529256,1.53E-05,-0.02801425,199.0548,180.6924,39792.14,310837.6,6956.29,12643.74,99.04626,99.04626,59.66036,78.54546,10.00012,20.00011,13798.08,12643.74
0.9529343,-0.9529228,78.54707,-0.05058211,12643.75,12.25,10.00045,7262.697,1683.487,0,0.9529408,0.9529228,1.80E-05,-0.02801572,199.0548,180.4182,39767.75,310860.2,6956.296,12643.75,99.04626,99.04626,59.66036,78.54546,10.00012,20.00011,13798.08,12643.75
0.9529432,-0.9528517,78.54707,-0.05189759,12643.76,12.25,10.00045,7262.702,1683.487,0,0.9529409,0.9528517,8.92E-05,-0.02801709,199.0548,180.1798,39737.09,310891.8,6956.302,12643.76,99.04626,99.04626,59.66036,78.54546,10.00012,20.00011,13798.08,12643.76
0.9529449,-0.9529235,78.54707,-0.05342649,12643.77,12.25,10.00045,7262.708,1683.487,0,0.9529411,0.9529235,1.75E-05,-0.02801872,199.0548,179.8836,39790.67,310839.3,6956.309,12643.77,99.04626,99.04626,59.66036,78.54546,10.00012,20.00011,13798.08,12643.77
0.952936,-0.9528539,78.54707,-0.05016969,12643.78,12.25,10.00045,7262.713,1683.487,0,0.9529408,0.9528539,8.70E-05,-0.02802001,199.0548,179.6522,39732.23,310895.3,6956.315,12643.78,99.04626,99.04626,59.66036,78.54546,10.00012,20.00011,13798.08,12643.78
0.9529436,-0.9529235,78.54707,-0.05181993,12643.79,12.25,10.00045,7262.718,1683.487,0,0.952941,0.9529235,1.75E-05,-0.02802174,199.0548,179.3557,39776.47,310852.2,6956.322,12643.79,99.04626,99.04626,59.66036,78.54546,10.00012,20.00011,13798.08,12643.79
0.9529419,-0.9528546,78.54707,-0.05312043,12643.81,12.25,10.00045,7262.724,1683.487,0,0.9529409,0.9528546,8.64E-05,-0.02802305,199.0547,179.1306,39753.83,310875.8,6956.329,12643.81,99.04626,99.04626,59.66036,78.54546,10.00012,20.00011,13798.08,12643.81
0.9529341,-0.9528579,78.54707,-0.0544874,12643.82,12.25,10.00045,7262.729,1683.487,0,0.9529408,0.9528579,8.30E-05,-0.02802442,199.0547,178.8765,39776.77,310853.8,6956.334,12643.82,99.04626,99.04626,59.66036,78.54546,10.00012,20.00011,13798.08,12643.82
0.9529271,-0.9529176,78.54707,-0.05037079,12643.83,12.25,10.00045,7262.734,1683.488,0,0.9529407,0.9529176,2.31E-05,-0.02802574,199.0547,178.6506,39712.84,310914.7,6956.337,12643.83,99.04626,99.04626,59.66036,78.54546,10.00012,20.00011,13798.08,12643.83
0.9529313,-0.9528468,78.54707,-0.0521338,12643.84,12.25,10.00045,7262.739,1683.489,0,0.9529407,0.9528468,9.39E-05,-0.02802777,199.0547,178.3653,39760.66,310868.1,6956.347,12643.84,99.04626,99.04626,59.66036,78.54546,10.00012,20.00011,13798.08,12643.84
0.9529386,-0.9528462,78.54707,-0.05055901,12643.85,12.25,10.00045,7262.745,1683.49,0,0.9529408,0.9528462,9.46E-05,-0.0280296,199.0547,178.1173,39730.72,310896.9,6956.354,12643.85,99.04626,99.04626,59.66036,78.54546,10.00012,20.00011,13798.08,12643.85
0.9529493,-0.952855,78.54707,-0.05196275,12643.87,12.25,10.00045,7262.75,1683.49,0,0.9529411,0.952855,8.61E-05,-0.02803126,199.0547,177.8798,39740.98,310887.6,6956.36,12643.87,99.04626,99.04626,59.66036,78.54546,10.00012,20.00011,13798.08,12643.87
0.9529426,-0.9528545,78.54707,-0.053407,12643.88,12.25,10.00045,7262.755,1683.489,0,0.952941,0.9528545,8.65E-05,-0.02803286,199.0547,177.6475,39760.37,310869.2,6956.367,12643.88,99.04626,99.04626,59.66036,78.54546,10.00012,20.00011,13798.08,12643.88
0.9529422,-0.9528539,78.54707,-0.05035788,12643.89,12.25,10.00045,7262.76,1683.489,0,0.9529409,0.9528539,8.69E-05,-0.02803437,199.0547,177.4081,39732.73,310894.6,6956.373,12643.89,99.04626,99.04626,59.66036,78.54546,10.00012,20.00011,13798.08,12643.89
0.9529454,-0.9529254,78.54707,-0.05196641,12643.9,12.25,10.00045,7262.765,1683.489,0,0.9529411,0.9529254,1.56E-05,-0.02803606,199.0547,177.1473,39781.56,310846.9,6956.38,12643.9,99.04626,99.04626,59.66036,78.54546,10.00012,20.00011,13798.08,12643.9
0.9529409,-0.9529251,78.54707,-0.05334907,12643.91,12.25,10.00045,7262.77,1683.489,0,0.952941,0.9529251,1.59E-05,-0.02803737,199.0547,176.9193,39801.32,310828.1,6956.386,12643.91,99.04626,99.04626,59.66036,78.54546,10.00012,20.00011,13798.08,12643.91
0.9529419,-0.9529242,78.54707,-0.05031218,12643.92,12.25,10.00045,7262.775,1683.489,0,0.9529409,0.9529242,1.67E-05,-0.02803881,199.0547,176.6877,39771.59,310855.6,6956.393,12643.92,99.04626,99.04626,59.66036,78.54546,10.00012,20.00011,13798.08,12643.92
0.9529437,-0.9529253,78.54707,-0.05177386,12643.94,12.25,10.00045,7262.781,1683.489,0,0.952941,0.9529253,1.57E-05,-0.02804027,199.0547,176.4642,39783.48,310844.8,6956.399,12643.94,99.04626,99.04626,59.66036,78.54546,10.00012,20.00011,13798.08,12643.94
0.9529315,-0.9529234,78.54707,-0.05334871,12643.95,12.25,10.00045,7262.789,1683.489,0,0.9529409,0.9529234,1.76E-05,-0.02804186,199.0547,176.2205,39699.97,310786.1,6956.405,12643.95,99.04626,99.04626,59.66036,78.54546,10.00012,20.00011,13798.08,12643.95
0.9529335,-0.9529198,78.54707,-0.05024469,12643.96,12.25,10.00045,7262.793,1683.49,0,0.9529409,0.9529198,2.11E-05,-0.02804325,199.0547,175.9974,39680.24,310803.7,6956.411,12643.96,99.04626,99.04626,59.66036,78.54546,10.00012,20.00011,13798.08,12643.96
0.9529334,-0.9529206,78.54707,-0.0515631,12643.97,12.25,10.00045,7262.796,1683.49,0,0.9529408,0.9529206,2.02E-05,-0.02804468,199.0547,175.8076,39798.34,310829.6,6956.417,12643.97,99.04626,99.04626,59.66036,78.54546,10.00012,20.00011,13798.08,12643.97
0.9529409,-0.9529194,78.54707,-0.05001154,12643.98,12.25,10.00045,7262.801,1683.491,0,0.9529409,0.9529194,2.15E-05,-0.02804634,199.0547,175.592,39767.78,310859,6956.424,12643.98,99.04626,99.04626,59.66036,78.54546,10.00012,20.00011,13798.08,12643.98
0.9529455,-0.9529227,78.54707,-0.05148042,12643.99,12.25,10.00045,7262.807,1683.491,0,0.952941,0.9529227,1.83E-05,-0.02804797,199.0547,175.3874,39779.71,310848.1,6956.431,12643.99,99.04626,99.04626,59.66036,78.54546,10.00012,20.00011,13798.08,12643.99
0.952942,-0.9529238,78.54707,-0.05287136,12644,12.25,10.00045,7262.812,1683.49,0,0.952941,0.9529238,1.72E-05,-0.02804936,199.0547,175.1872,39799.51,310829.3,6956.437,12644,99.04626,99.04626,59.66036,78.54546,10.00012,20.00011,13798.08,12644
0.9529431,-0.952924,78.54707,-0.04983745,12644.02,12.25,10.00045,7262.817,1683.49,0,0.9529409,0.952924,1.70E-05,-0.02805084,199.0547,174.9811,39770.15,310856.4,6956.443,12644.02,99.04626,99.04626,59.66036,78.54546,10.00012,20.00011,13798.08,12644.02
0.9529449,-0.9529257,78.54707,-0.05130636,12644.03,12.25,10.00045,7262.822,1683.49,0,0.952941,0.9529257,1.53E-05,-0.0280523,199.0547,174.7824,39782.06,310845.5,6956.45,12644.03,99.04626,99.04626,59.66036,78.54546,10.00012,20.00011,13798.08,12644.03
0.9529387,-0.9528577,78.54707,-0.05261141,12644.04,12.25,10.00045,7262.827,1683.49,0,0.9529409,0.9528577,8.32E-05,-0.02805352,199.0547,174.6119,39764.24,310864.3,6956.456,12644.04,99.04626,99.04626,59.66036,78.54546,10.00012,20.00011,13798.08,12644.04
0.9529372,-0.952922,78.54707,-0.04965411,12644.05,12.25,10.00045,7262.832,1683.491,0,0.9529409,0.952922,1.89E-05,-0.02805503,199.0547,174.3897,39785.42,310840.9,6956.462,12644.05,99.04626,99.04626,59.66036,78.54546,10.00012,20.00011,13798.08,12644.05
0.9529343,-0.9529216,78.54707,-0.05111576,12644.06,12.25,10.00045,7262.837,1683.491,0,0.9529408,0.9529216,1.92E-05,-0.02805658,199.0547,174.1988,39797.2,310830.2,6956.468,12644.06,99.04626,99.04626,59.66036,78.54546,10.00012,20.00011,13798.08,12644.06
0.9529417,-0.9529204,78.54707,-0.04956773,12644.08,12.25,10.00045,7262.842,1683.491,0,0.9529409,0.9529204,2.04E-05,-0.02805819,199.0547,174.0072,39766.93,310859.3,6956.474,12644.08,99.04626,99.04626,59.66036,78.54546,10.00012,20.00011,13798.08,12644.08
0.9529431,-0.9529227,78.54707,-0.05118076,12644.09,12.25,10.00045,7262.85,1683.491,0,0.9529411,0.9529227,1.84E-05,-0.02805994,199.0547,173.806,39675,310811,6956.481,12644.09,99.04626,99.04626,59.66036,78.54546,10.00012,20.00011,13798.08,12644.09
0.9529443,-0.9529252,78.54707,-0.05244258,12644.1,12.25,10.00045,7262.853,1683.491,0,0.9529411,0.9529252,1.59E-05,-0.02806112,199.0547,173.6495,39798.7,310829.5,6956.487,12644.1,99.04626,99.04626,59.66036,78.54546,10.00012,20.00011,13798.08,12644.1
0.9529442,-0.9529256,78.54707,-0.04941592,12644.11,12.25,10.00045,7262.857,1683.491,0,0.9529409,0.9529256,1.54E-05,-0.02806252,199.0547,173.4671,39769.66,310856.3,6956.493,12644.11,99.04626,99.04626,59.66036,78.54546,10.00012,20.00011,13798.08,12644.11
0.9529421,-0.9529259,78.54707,-0.05102914,12644.13,12.25,10.00045,7262.865,1683.491,0,0.9529411,0.9529259,1.52E-05,-0.02806406,199.0547,173.2734,39678.05,310808.2,6956.5,12644.13,99.04626,99.04626,59.66036,78.54546,10.00012,20.00011,13798.08,12644.13
0.9529373,-0.9529268,78.54707,-0.05234741,12644.13,12.25,10.00045,7262.868,1683.491,0,0.9529409,0.9529268,1.41E-05,-0.02806525,199.0547,173.1217,39802.37,310825.7,6956.506,12644.13,99.04626,99.04626,59.66036,78.54546,10.00012,20.00011,13798.08,12644.13
0.9529373,-0.9529227,78.54707,-0.04925185,12644.14,12.25,10.00045,7262.873,1683.491,0,0.9529409,0.9529227,1.82E-05,-0.02806655,199.0547,172.9449,39785.18,310840.6,6956.512,12644.14,99.04626,99.04626,59.66036,78.54546,10.00012,20.00011,13798.08,12644.14
0.9529307,-0.9529206,78.54707,-0.05085604,12644.16,12.25,10.00045,7262.88,1683.491,0,0.9529408,0.9529206,2.03E-05,-0.02806823,199.0547,172.757,39693.71,310792.7,6956.518,12644.16,99.04626,99.04626,59.66036,78.54546,10.00012,20.00011,13798.08,12644.16
0.9529414,-0.9529207,78.54707,-0.04918008,12644.17,12.25,10.00045,7262.883,1683.492,0,0.9529409,0.9529207,2.01E-05,-0.02806964,199.0547,172.6061,39767.04,310858.6,6956.524,12644.17,99.04626,99.04626,59.66036,78.54546,10.00012,20.00011,13798.08,12644.17
0.9529458,-0.9529238,78.54707,-0.05066104,12644.18,12.25,10.00045,7262.888,1683.492,0,0.9529411,0.9529238,1.72E-05,-0.02807121,199.0547,172.4467,39779,310847.7,6956.531,12644.18,99.04626,99.04626,59.66036,78.54546,10.00012,20.00011,13798.08,12644.18
0.9529377,-0.9529237,78.54707,-0.05219974,12644.19,12.25,10.00045,7262.896,1683.491,0,0.952941,0.9529237,1.73E-05,-0.0280727,199.0547,172.2741,39696.96,310790.7,6956.537,12644.19,99.04626,99.04626,59.66036,78.54546,10.00013,20.00011,13798.08,12644.19
0.9529411,-0.9529234,78.54707,-0.04918415,12644.21,12.25,10.00045,7262.901,1683.492,0,0.952941,0.9529234,1.76E-05,-0.02807413,199.0547,172.1132,39666.14,310819.4,6956.543,12644.21,99.04626,99.04626,59.66036,78.54546,10.00013,20.00011,13798.08,12644.21
0.9529414,-0.952925,78.54707,-0.05066329,12644.22,12.25,10.00045,7262.906,1683.491,0,0.9529411,0.952925,1.61E-05,-0.02807555,199.0547,171.9623,39679.28,310807.5,6956.549,12644.22,99.04626,99.04626,59.66036,78.54546,10.00013,20.00011,13798.08,12644.22
0.9529324,-0.9529244,78.54707,-0.05212133,12644.23,12.25,10.00045,7262.911,1683.491,0,0.9529409,0.9529244,1.65E-05,-0.02807692,199.0547,171.8118,39701.25,310786.7,6956.556,12644.23,99.04626,99.04626,59.66036,78.54546,10.00013,20.00011,13798.08,12644.23
0.9529352,-0.9529209,78.54707,-0.04917273,12644.24,12.25,10.00045,7262.916,1683.492,0,0.9529409,0.9529209,2.00E-05,-0.0280784,199.0547,171.6366,39718.08,310907.3,6956.561,12644.24,99.04626,99.04626,59.66036,78.54546,10.00013,20.00011,13798.08,12644.24
0.9529306,-0.9529197,78.54707,0,12644.25,12.25,10.00045,7262.921,1683.492,0,0.9529408,0.9529197,2.12E-05,-0.02807995,199.0547,171.4894,39695.11,310894.3,6956.567,12644.25,99.04626,99.04626,59.66036,78.54546,10.00013,20.00011,13798.08,12644.25
0.9529417,-0.9529194,78.54707,-0.0491154,12644.26,12.25,10.00045,7262.926,1683.493,0,0.9529409,0.9529194,2.16E-05,-0.02808157,199.0547,171.3399,39700.38,310924.9,6956.573,12644.26,99.04626,99.04626,59.66036,78.54546,10.00013,20.00011,13798.08,12644.26
0.9529451,-0.9528553,78.54707,-0.0508467,12644.27,12.25,10.00045,7262.931,1683.493,0,0.952941,0.9528553,8.57E-05,-0.02808327,199.0547,171.1849,39739.46,310887,6956.583,12644.27,99.04626,99.04626,59.66036,78.54546,10.00013,20.00011,13798.08,12644.27
0.9529378,-0.9528575,78.54707,-0.04777494,12644.29,12.25,10.00045,7262.936,1683.492,0,0.9529409,0.9528575,8.34E-05,-0.0280847,199.0547,171.0478,39698.59,310890.7,6956.589,12644.29,99.04626,99.04626,59.66036,78.54546,10.00013,20.00011,13798.08,12644.29
0.9529458,-0.9528583,78.54707,-0.04931236,12644.3,12.25,10.00045,7262.941,1683.493,0,0.952941,0.9528583,8.27E-05,-0.02808615,199.0547,170.9074,39739.95,310885.3,6956.596,12644.3,99.04626,99.04626,59.66036,78.54546,10.00013,20.00011,13798.08,12644.3
0.9529426,-0.9528599,78.54707,-0.05079062,12644.31,12.25,10.00045,7262.946,1683.492,0,0.952941,0.9528599,8.11E-05,-0.02808755,199.0547,170.775,39755.26,310871.1,6956.602,12644.31,99.04626,99.04626,59.66036,78.54546,10.00013,20.00011,13798.08,12644.31
0.9529471,-0.9528571,78.54707,-0.04841098,12644.32,12.25,10.00045,7262.951,1683.492,0,0.9529409,0.9528571,8.38E-05,-0.02808882,199.0547,170.6374,39716.22,310908.3,6956.608,12644.32,99.04626,99.04626,59.66036,78.54546,10.00013,20.00011,13798.08,12644.32
0.9529515,-0.9529293,78.54707,-0.05005876,12644.33,12.25,10.00045,7262.956,1683.492,0,0.9529412,0.9529293,1.18E-05,-0.02809031,199.0547,170.4938,39774.96,310850.8,6956.614,12644.33,99.04626,99.04626,59.66036,78.54546,10.00013,20.00011,13798.08,12644.33
0.9529431,-0.9529307,78.54707,-0.05153088,12644.34,12.25,10.00045,7262.961,1683.491,0,0.9529411,0.9529307,1.04E-05,-0.02809152,199.0547,170.3682,39795.47,310831.3,6956.621,12644.34,99.04626,99.04626,59.66036,78.54546,10.00013,20.00011,13798.08,12644.34
0.9529445,-0.9529284,78.54707,-0.04851718,12644.35,12.25,10.00045,7262.966,1683.491,0,0.9529409,0.9529284,1.25E-05,-0.02809274,199.0547,170.2367,39767.14,310857.4,6956.626,12644.35,99.04626,99.04626,59.66036,78.54546,10.00013,20.00011,13798.08,12644.35
0.9529462,-0.9529257,78.54707,-0.0501019,12644.37,12.25,10.00045,7262.974,1683.491,0,0.9529411,0.9529257,1.53E-05,-0.02809404,199.0547,170.1002,39676.8,310822.1,6956.633,12644.37,99.04626,99.04626,59.66036,78.54546,10.00013,20.00011,13798.08,12644.37
0.9529364,-0.9529277,78.54707,-0.05155668,12644.38,12.25,10.00045,7262.979,1683.491,0,0.952941,0.9529277,1.33E-05,-0.02809526,199.0547,169.9804,39698.46,310790,6956.639,12644.38,99.04626,99.04626,59.66036,78.54546,10.00013,20.00011,13798.08,12644.38
0.9529417,-0.9529251,78.54707,-0.04869279,12644.39,12.25,10.00045,7262.983,1683.491,0,0.952941,0.9529251,1.59E-05,-0.02809669,199.0547,169.8364,39703.72,310920.8,6956.644,12644.39,99.04626,99.04626,59.66036,78.54546,10.00013,20.00012,13798.08,12644.39
0.9529408,-0.9529255,78.54707,-0.05017798,12644.4,12.25,10.00045,7262.988,1683.491,0,0.952941,0.9529255,1.55E-05,-0.02809803,199.0547,169.72,39717.94,310907.7,6956.65,12644.4,99.04626,99.04626,59.66036,78.54546,10.00013,20.00012,13798.08,12644.4
0.9529337,-0.9529223,78.54707,-0.05159775,12644.41,12.25,10.00045,7262.993,1683.491,0,0.9529409,0.9529223,1.86E-05,-0.02809929,199.0547,169.6036,39739.87,310886.7,6956.656,12644.41,99.04626,99.04626,59.66036,78.54546,10.00013,20.00012,13798.08,12644.41
0.9529259,-0.9529185,78.54707,-0.04782247,12644.43,12.25,10.00045,7262.999,1683.491,0,0.9529406,0.9529185,2.21E-05,-0.02810076,199.0547,169.483,39717.7,310906.1,6956.662,12644.43,99.04626,99.04626,59.66036,78.54546,10.00013,20.00012,13798.08,12644.43
0.952931,-0.9528505,78.54707,-0.04730744,12644.44,12.25,10.00045,7263.003,1683.493,0,0.9529407,0.9528505,9.01E-05,-0.02810271,199.0547,169.3519,39725.93,310897.5,6956.671,12644.44,99.04626,99.04626,59.66036,78.54546,10.00013,20.00012,13798.08,12644.44
0.9529456,-0.9528527,78.54707,-0.04885466,12644.45,12.25,10.00045,7263.008,1683.493,0,0.9529409,0.9528527,8.83E-05,-0.02810447,199.0547,169.2415,39732.36,310892.1,6956.678,12644.45,99.04626,99.04626,59.66036,78.54546,10.00013,20.00012,13798.08,12644.45
0.9529489,-0.9529235,78.54707,-0.05043764,12644.46,12.25,10.00045,7263.013,1683.493,0,0.9529411,0.9529235,1.76E-05,-0.02810615,199.0547,169.1297,39783.85,310841.8,6956.684,12644.46,99.04626,99.04626,59.66036,78.54546,10.00013,20.00012,13798.08,12644.46
0.9529409,-0.9529259,78.54707,-0.04740957,12644.47,12.25,10.00045,7263.018,1683.492,0,0.9529409,0.9529259,1.50E-05,-0.02810756,199.0547,169.0256,39764.54,310858.8,6956.69,12644.47,99.04626,99.04626,59.66036,78.54546,10.00013,20.00012,13798.08,12644.47
0.9529469,-0.9528604,78.54707,-0.04876151,12644.48,12.25,10.00045,7263.023,1683.492,0,0.952941,0.9528604,8.06E-05,-0.02810876,199.0547,168.9322,39736.26,310888.1,6956.696,12644.48,99.04626,99.04626,59.66036,78.54546,10.00013,20.00012,13798.08,12644.48
0.9529448,-0.9528622,78.54707,-0.05025064,12644.49,12.25,10.00045,7263.028,1683.492,0,0.952941,0.9528622,7.88E-05,-0.02811009,199.0547,168.8326,39751.59,310873.8,6956.703,12644.49,99.04626,99.04626,59.66036,78.54546,10.00013,20.00012,13798.08,12644.49
0.9529343,-0.9529256,78.54707,-0.05180621,12644.5,12.25,10.00045,7263.033,1683.492,0,0.9529409,0.9529256,1.52E-05,-0.02811144,199.0547,168.72,39812.47,310814,6956.708,12644.5,99.04626,99.04626,59.66036,78.54546,10.00013,20.00012,13798.08,12644.5
0.9529315,-0.9529215,78.54707,-0.04805498,12644.51,12.25,10.00045,7263.038,1683.493,0,0.9529407,0.9529215,1.92E-05,-0.02811286,199.0547,168.6124,39785,310838.7,6956.714,12644.51,99.04626,99.04626,59.66036,78.54546,10.00013,20.00012,13798.08,12644.51
0.9529322,-0.9528537,78.54707,-0.04938951,12644.53,12.25,10.00045,7263.043,1683.493,0,0.9529408,0.9528537,8.70E-05,-0.02811424,199.0547,168.5243,39760.64,310864,6956.72,12644.53,99.04626,99.04626,59.66036,78.54546,10.00013,20.00012,13798.08,12644.53
0.9529398,-0.9529185,78.54707,-0.04801148,12644.54,12.25,10.00045,7263.048,1683.494,0,0.9529409,0.9529185,2.23E-05,-0.02811613,199.0547,168.4132,39767.88,310855.7,6956.727,12644.54,99.04626,99.04626,59.66036,78.54546,10.00013,20.00012,13798.08,12644.54
0.9529482,-0.9528601,78.54707,-0.04929856,12644.55,12.25,10.00045,7263.053,1683.494,0,0.9529411,0.9528601,8.09E-05,-0.02811744,199.0547,168.3344,39743.06,310881.4,6956.732,12644.55,99.04626,99.04626,59.66036,78.54546,10.00013,20.00012,13798.08,12644.55
0.9529395,-0.9529249,78.54707,-0.05092985,12644.56,12.25,10.00045,7263.058,1683.494,0,0.9529409,0.9529249,1.60E-05,-0.02811913,199.0547,168.2375,39799.73,310825.9,6956.739,12644.56,99.04626,99.04626,59.66036,78.54546,10.00013,20.00012,13798.08,12644.56
0.9529409,-0.9529236,78.54707,-0.04793139,12644.57,12.25,10.00045,7263.063,1683.494,0,0.9529409,0.9529236,1.73E-05,-0.02812057,199.0547,168.1422,39771.84,310851.6,6956.745,12644.57,99.04626,99.04626,59.66036,78.54546,10.00013,20.00012,13798.08,12644.57
0.9529426,-0.9529248,78.54707,-0.04942273,12644.58,12.25,10.00045,7263.068,1683.494,0,0.952941,0.9529248,1.61E-05,-0.02812202,199.0547,168.0542,39783.76,310840.7,6956.751,12644.58,99.04626,99.04626,59.66036,78.54546,10.00013,20.00012,13798.08,12644.58
0.9529378,-0.952924,78.54707,-0.05084233,12644.59,12.25,10.00045,7263.072,1683.494,0,0.9529409,0.952924,1.69E-05,-0.02812332,199.0547,167.9669,39803.54,310821.9,6956.757,12644.59,99.04626,99.04626,59.66036,78.54546,10.00013,20.00012,13798.08,12644.59
0.9529362,-0.9529212,78.54707,-0.04799594,12644.61,12.25,10.00045,7263.08,1683.494,0,0.9529409,0.9529212,1.97E-05,-0.02812494,199.0547,167.8656,39674.3,310812.6,6956.763,12644.61,99.04626,99.04626,59.66036,78.54546,10.00013,20.00012,13798.08,12644.61
0.9529364,-0.9529219,78.54707,-0.04948878,12644.62,12.25,10.00045,7263.085,1683.495,0,0.9529409,0.9529219,1.91E-05,-0.02812645,199.0547,167.7816,39687.39,310800.7,6956.769,12644.62,99.04626,99.04626,59.66036,78.54546,10.00013,20.00012,13798.08,12644.62
0.9529349,-0.9529208,78.54707,-0.04718982,12644.63,12.25,10.00045,7263.09,1683.495,0,0.9529408,0.9529208,2.01E-05,-0.02812795,199.0547,167.6953,39664.13,310822.3,6956.775,12644.63,99.04626,99.04626,59.66036,78.54546,10.00013,20.00012,13798.08,12644.63
0.9529466,-0.952923,78.54707,-0.04877524,12644.64,12.25,10.00045,7263.095,1683.495,0,0.9529411,0.952923,1.81E-05,-0.02812948,199.0547,167.6019,39708,310915.8,6956.781,12644.64,99.04626,99.04626,59.66036,78.54546,10.00013,20.00012,13798.08,12644.64
0.9529404,-0.9529255,78.54707,-0.05026216,12644.65,12.25,10.00045,7263.1,1683.495,0,0.952941,0.9529255,1.55E-05,-0.02813088,199.0546,167.5242,39726.31,310898.6,6956.787,12644.65,99.04626,99.04626,59.66036,78.54546,10.00013,20.00012,13798.08,12644.65
0.952937,-0.9529234,78.54707,-0.04726089,12644.67,12.25,10.00045,7263.104,1683.495,0,0.9529409,0.9529234,1.75E-05,-0.02813224,199.0546,167.4408,39702.96,310919.7,6956.793,12644.67,99.04626,99.04626,59.66036,78.54546,10.00013,20.00012,13798.08,12644.67
0.9529438,-0.9528576,78.54707,-0.04901281,12644.68,12.25,10.00045,7263.109,1683.495,0,0.9529409,0.9528576,8.34E-05,-0.0281338,199.0546,167.3517,39736.65,310887.3,6956.802,12644.68,99.04626,99.04626,59.66036,78.54546,10.00013,20.00012,13798.08,12644.68
0.95294,-0.9528598,78.54707,-0.04672694,12644.69,12.25,10.00045,7263.114,1683.495,0,0.9529409,0.9528598,8.12E-05,-0.02813518,199.0546,167.276,39727.91,310894.3,6956.808,12644.69,99.04626,99.04626,59.66036,78.54546,10.00013,20.00012,13798.08,12644.69
0.9529484,-0.9529266,78.54707,-0.04843528,12644.7,12.25,10.00045,7263.119,1683.495,0,0.9529411,0.9529266,1.44E-05,-0.02813676,199.0546,167.1901,39769.76,310853.6,6956.814,12644.7,99.04626,99.04626,59.66036,78.54546,10.00013,20.00012,13798.08,12644.7
0.952942,-0.9529278,78.54707,-0.05007185,12644.71,12.25,10.00045,7263.126,1683.494,0,0.9529411,0.9529278,1.33E-05,-0.02813819,199.0546,167.1118,39687,310801.7,6956.821,12644.71,99.04626,99.04626,59.66036,78.54546,10.00013,20.00012,13798.08,12644.71
0.9529369,-0.9529238,78.54707,-0.04700441,12644.72,12.25,10.00045,7263.131,1683.494,0,0.9529409,0.9529238,1.71E-05,-0.02813935,199.0546,167.0354,39677.43,310820.4,6956.827,12644.72,99.04626,99.04626,59.66036,78.54546,10.00013,20.00012,13798.08,12644.72
0.9529363,-0.9529243,78.54707,-0.04849098,12644.74,12.25,10.00045,7263.136,1683.494,0,0.9529409,0.9529243,1.66E-05,-0.02814067,199.0546,166.9613,39686.01,310801.6,6956.833,12644.74,99.04626,99.04626,59.66036,78.54546,10.00013,20.00012,13798.08,12644.74
0.9529373,-0.9529241,78.54707,-0.04681918,12644.74,12.25,10.00045,7263.139,1683.495,0,0.9529408,0.9529241,1.68E-05,-0.02814192,199.0546,166.8937,39761.97,310860.1,6956.838,12644.74,99.04626,99.04626,59.66036,78.54546,10.00013,20.00012,13798.08,12644.74
0.9529448,-0.9529242,78.54707,-0.0484788,12644.76,12.25,10.00045,7263.146,1683.495,0,0.9529411,0.9529242,1.69E-05,-0.02814352,199.0546,166.8171,39669.38,310818.3,6956.845,12644.76,99.04626,99.04626,59.66036,78.54546,10.00013,20.00012,13798.08,12644.76
0.9529444,-0.9529244,78.54707,-0.04992723,12644.77,12.25,10.00045,7263.151,1683.494,0,0.9529411,0.9529244,1.67E-05,-0.02814477,199.0546,166.7512,39686.1,310813.9,6956.851,12644.77,99.04626,99.04626,59.66036,78.54546,10.00013,20.00012,13798.08,12644.77
0.9529386,-0.9529257,78.54707,-0.04690643,12644.78,12.25,10.00045,7263.156,1683.494,0,0.9529409,0.9529257,1.52E-05,-0.02814605,199.0546,166.6819,39665.13,310821.4,6956.856,12644.78,99.04626,99.04626,59.66036,78.54546,10.00013,20.00012,13798.08,12644.78
0.9529431,-0.9529262,78.54707,-0.04841579,12644.79,12.25,10.00045,7263.161,1683.494,0,0.9529411,0.9529262,1.49E-05,-0.02814736,199.0546,166.614,39673.8,310813.9,6956.863,12644.79,99.04626,99.04626,59.66036,78.54546,10.00013,20.00012,13798.08,12644.79
0.9529386,-0.9529266,78.54707,-0.05004462,12644.8,12.25,10.00045,7263.166,1683.494,0,0.952941,0.9529266,1.44E-05,-0.02814877,199.0546,166.5398,39727.97,310896.3,6956.868,12644.8,99.04626,99.04626,59.66036,78.54546,10.00013,20.00012,13798.08,12644.8
0.9529367,-0.9528635,78.54707,-0.04729015,12644.81,12.25,10.00045,7263.17,1683.494,0,0.9529408,0.9528635,7.73E-05,-0.02815021,199.0546,166.462,39750.8,310871.4,6956.877,12644.81,99.04626,99.04626,59.66036,78.54546,10.00013,20.00012,13798.08,12644.81
0.9529341,-0.9528574,78.54707,-0.04878541,12644.82,12.25,10.00045,7263.175,1683.495,0,0.9529408,0.9528574,8.34E-05,-0.02815166,199.0546,166.3978,39725.92,310861.7,6956.883,12644.82,99.04626,99.04626,59.66036,78.54546,10.00013,20.00012,13798.08,12644.82
0.9529414,-0.9529215,78.54707,-0.04738367,12644.83,12.25,10.00045,7263.18,1683.495,0,0.9529409,0.9529215,1.94E-05,-0.0281534,199.0546,166.3252,39768.62,310853.6,6956.889,12644.83,99.04626,99.04626,59.66036,78.54546,10.00013,20.00012,13798.08,12644.83
0.9529445,-0.9529242,78.54707,-0.0488901,12644.85,12.25,10.00045,7263.186,1683.495,0,0.952941,0.9529242,1.68E-05,-0.02815492,199.0546,166.2684,39780.35,310842.9,6956.896,12644.85,99.04626,99.04626,59.66036,78.54546,10.00013,20.00012,13798.08,12644.85
0.9529361,-0.9529235,78.54707,-0.05045705,12644.86,12.25,10.00045,7263.192,1683.495,0,0.952941,0.9529235,1.74E-05,-0.02815637,199.0546,166.2061,39701.72,310787.6,6956.901,12644.86,99.04626,99.04626,59.66036,78.54546,10.00013,20.00012,13798.08,12644.86
0.9529389,-0.9529228,78.54707,-0.04747584,12644.87,12.25,10.00045,7263.197,1683.495,0,0.9529409,0.9529228,1.81E-05,-0.02815779,199.0546,166.1429,39672.09,310815,6956.907,12644.87,99.04626,99.04626,59.66036,78.54546,10.00013,20.00012,13798.08,12644.87
0.9529397,-0.952924,78.54707,-0.0491584,12644.88,12.25,10.00045,7263.202,1683.495,0,0.952941,0.952924,1.70E-05,-0.02815935,199.0546,166.0782,39721.14,310902.2,6956.913,12644.88,99.04626,99.04626,59.66036,78.54546,10.00013,20.00012,13798.08,12644.88
0.9529402,-0.9529231,78.54707,-0.04680675,12644.9,12.25,10.00045,7263.208,1683.495,0,0.9529409,0.9529231,1.79E-05,-0.02816075,199.0546,166.0188,39685.1,310925.1,6956.919,12644.9,99.04626,99.04626,59.66036,78.54546,10.00013,20.00012,13798.08,12644.9
0.9529499,-0.9528624,78.54707,-0.04863496,12644.91,12.25,10.00045,7263.212,1683.495,0,0.9529411,0.9528624,7.87E-05,-0.02816226,199.0546,165.9591,39741.39,310881.5,6956.928,12644.91,99.04626,99.04626,59.66036,78.54546,10.00013,20.00012,13798.08,12644.91
0.9529426,-0.9528642,78.54707,-0.05012726,12644.92,12.25,10.00045,7263.217,1683.495,0,0.952941,0.9528642,7.67E-05,-0.02816353,199.0546,165.9076,39760.82,310863.1,6956.935,12644.92,99.04626,99.04626,59.66036,78.54546,10.00013,20.00012,13798.08,12644.92
0.952942,-0.9529267,78.54707,-0.04729129,12644.93,12.25,10.00045,7263.222,1683.495,0,0.9529409,0.9529267,1.42E-05,-0.02816496,199.0546,165.8426,39770.2,310851.6,6956.94,12644.93,99.04626,99.04626,59.66036,78.54546,10.00013,20.00012,13798.08,12644.93
0.9529456,-0.9529242,78.54707,-0.04874954,12644.94,12.25,10.00045,7263.227,1683.495,0,0.952941,0.9529242,1.68E-05,-0.02816619,199.0546,165.7899,39770.28,310852.6,6956.946,12644.94,99.04626,99.04626,59.66036,78.54546,10.00013,20.00012,13798.08,12644.94
0.952941,-0.9529257,78.54707,-0.04664505,12644.96,12.25,10.00045,7263.234,1683.494,0,0.952941,0.9529257,1.52E-05,-0.02816762,199.0546,165.7324,39659.53,310827.1,6956.952,12644.96,99.04626,99.04626,59.66036,78.54546,10.00013,20.00012,13798.08,12644.96
0.9529487,-0.9529279,78.54707,-0.0483034,12644.97,12.25,10.00045,7263.239,1683.494,0,0.9529411,0.9529279,1.32E-05,-0.02816902,199.0546,165.6737,39703.56,310918.9,6956.958,12644.97,99.04626,99.04626,59.66036,78.54546,10.00013,20.00012,13798.08,12644.97
0.9529434,-0.9529295,78.54707,-0.04980027,12644.98,12.25,10.00045,7263.244,1683.494,0,0.9529411,0.9529295,1.16E-05,-0.02817022,199.0546,165.6259,39722.26,310901.3,6956.964,12644.98,99.04626,99.04626,59.66036,78.54546,10.00013,20.00012,13798.08,12644.98
0.95294,-0.9529256,78.54707,-0.04674259,12644.99,12.25,10.00045,7263.249,1683.493,0,0.9529409,0.9529256,1.53E-05,-0.02817131,199.0546,165.5723,39710.66,310910.6,6956.97,12644.99,99.04626,99.04626,59.66036,78.54546,10.00013,20.00012,13798.08,12644.99
0.9529381,-0.9529256,78.54707,-0.04823327,12645,12.25,10.00045,7263.253,1683.494,0,0.9529409,0.9529256,1.54E-05,-0.02817257,199.0546,165.5219,39720.33,310902,6956.976,12645,99.04626,99.04626,59.66036,78.54546,10.00013,20.00012,13798.08,12645
0.9529403,-0.9529237,78.54707,-0.0467186,12645.01,12.25,10.00045,7263.258,1683.494,0,0.9529409,0.9529237,1.72E-05,-0.02817392,199.0546,165.47,39694.18,310927,6956.981,12645.01,99.04626,99.04626,59.66036,78.54546,10.00013,20.00012,13798.08,12645.01
0.9529486,-0.9528627,78.54707,-0.04854781,12645.02,12.25,10.00045,7263.263,1683.494,0,0.9529411,0.9528627,7.84E-05,-0.02817552,199.0546,165.4187,39739.5,310883,6956.991,12645.02,99.04626,99.04626,59.66036,78.54546,10.00013,20.00012,13798.08,12645.02
0.9529458,-0.9528685,78.54707,-0.0499843,12645.03,12.25,10.00045,7263.268,1683.493,0,0.9529411,0.9528685,7.25E-05,-0.02817669,199.0546,165.3747,39758.34,310865.1,6956.997,12645.03,99.04626,99.04626,59.66036,78.54546,10.00013,20.00012,13798.08,12645.03
0.9529443,-0.9529277,78.54707,-0.04714662,12645.04,12.25,10.00045,7263.273,1683.493,0,0.952941,0.9529277,1.33E-05,-0.0281781,199.0546,165.3197,39767.74,310853.6,6957.003,12645.04,99.04626,99.04626,59.66036,78.54546,10.00013,20.00012,13798.08,12645.04
0.9529423,-0.9529275,78.54707,-0.04880013,12645.06,12.25,10.00045,7263.28,1683.493,0,0.9529411,0.9529275,1.36E-05,-0.0281795,199.0546,165.2723,39681.1,310807.1,6957.009,12645.06,99.04626,99.04626,59.66036,78.54546,10.00013,20.00012,13798.08,12645.06
0.9529331,-0.9529265,78.54707,-0.05028671,12645.07,12.25,10.00045,7263.285,1683.493,0,0.9529409,0.9529265,1.45E-05,-0.02818075,199.0546,165.23,39703.05,310786.3,6957.015,12645.07,99.04626,99.04626,59.66036,78.54546,10.00013,20.00012,13798.08,12645.07
0.9529352,-0.9529225,78.54707,-0.04737579,12645.08,12.25,10.00045,7263.29,1683.493,0,0.9529409,0.9529225,1.84E-05,-0.02818211,199.0546,165.1736,39719.46,310902,6957.02,12645.08,99.04626,99.04626,59.66036,78.54546,10.00013,20.00012,13798.08,12645.08
0.9529304,-0.9529209,78.54707,0,12645.09,12.25,10.00045,7263.294,1683.494,0,0.9529408,0.9529209,2.00E-05,-0.02818357,199.0546,165.1306,39697.8,310888.9,6957.026,12645.09,99.04626,99.04626,59.66036,78.54546,10.00013,20.00012,13798.08,12645.09
0.952943,-0.9528571,78.54707,-0.04768853,12645.1,12.25,10.00045,7263.299,1683.494,0,0.9529409,0.9528571,8.38E-05,-0.02818537,199.0546,165.0801,39737.97,310883.6,6957.035,12645.1,99.04626,99.04626,59.66036,78.54546,10.00013,20.00012,13798.08,12645.1
0.9529434,-0.9529214,78.54707,-0.04929862,12645.11,12.25,10.00045,7263.304,1683.494,0,0.952941,0.9529214,1.96E-05,-0.02818696,199.0546,165.0397,39777.39,310845.3,6957.042,12645.11,99.04626,99.04626,59.66036,78.54546,10.00013,20.00012,13798.08,12645.11
0.9529365,-0.952924,78.54707,-0.04628794,12645.13,12.25,10.00045,7263.309,1683.494,0,0.9529408,0.952924,1.69E-05,-0.02818837,199.0546,165.0003,39770.08,310850.4,6957.047,12645.13,99.04626,99.04626,59.66036,78.54546,10.00013,20.00012,13798.08,12645.13
0.9529419,-0.9529239,78.54707,-0.04780515,12645.14,12.25,10.00045,7263.314,1683.494,0,0.9529409,0.9529239,1.71E-05,-0.02818982,199.0546,164.9587,39777.6,310844,6957.053,12645.14,99.04626,99.04626,59.66036,78.54546,10.00013,20.00012,13798.08,12645.14
0.9529347,-0.9529233,78.54707,-0.04944655,12645.15,12.25,10.00045,7263.321,1683.494,0,0.9529409,0.9529233,1.77E-05,-0.02819141,199.0546,164.92,39696.13,310792.6,6957.059,12645.15,99.04626,99.04626,59.66036,78.54546,10.00013,20.00012,13798.08,12645.15
0.9529491,-0.9528645,78.54707,-0.04756936,12645.16,12.25,10.00045,7263.326,1683.495,0,0.9529411,0.9528645,7.65E-05,-0.02819311,199.0546,164.8673,39735.85,310885.5,6957.068,12645.16,99.04626,99.04626,59.66036,78.54546,10.00013,20.00012,13798.08,12645.16
0.9529462,-0.9528635,78.54707,-0.04907577,12645.17,12.25,10.00045,7263.331,1683.494,0,0.9529411,0.9528635,7.76E-05,-0.02819446,199.0546,164.8354,39750.85,310871.5,6957.074,12645.17,99.04626,99.04626,59.66036,78.54546,10.00013,20.00012,13798.08,12645.17
0.9529371,-0.9529269,78.54707,-0.04623092,12645.18,12.25,10.00045,7263.336,1683.494,0,0.9529409,0.9529269,1.40E-05,-0.0281959,199.0546,164.7945,39768.4,310851.8,6957.08,12645.18,99.04626,99.04626,59.66036,78.54546,10.00013,20.00012,13798.08,12645.18
0.9529405,-0.9529247,78.54707,-0.04789498,12645.2,12.25,10.00045,7263.343,1683.494,0,0.952941,0.9529247,1.63E-05,-0.02819739,199.0546,164.753,39677.05,310810.5,6957.086,12645.2,99.04626,99.04626,59.66036,78.54546,10.00013,20.00012,13798.08,12645.2
0.9529404,-0.9528618,78.54707,-0.04601184,12645.21,12.25,10.00045,7263.348,1683.494,0,0.9529409,0.9528618,7.91E-05,-0.02819897,199.0546,164.7068,39727.38,310892.6,6957.095,12645.21,99.04626,99.04626,59.66036,78.54546,10.00013,20.00012,13798.08,12645.21
0.9529483,-0.9528627,78.54707,-0.04757547,12645.22,12.25,10.00045,7263.353,1683.494,0,0.9529411,0.9528627,7.83E-05,-0.02820031,199.0546,164.6699,39733.82,310887.3,6957.101,12645.22,99.04626,99.04626,59.66036,78.54546,10.00013,20.00012,13798.08,12645.22
0.9529456,-0.9529296,78.54707,-0.04923743,12645.23,12.25,10.00045,7263.357,1683.494,0,0.9529411,0.9529296,1.15E-05,-0.02820174,199.0546,164.6362,39785.2,310837.1,6957.107,12645.23,99.04626,99.04626,59.66036,78.54546,10.00013,20.00012,13798.08,12645.23
0.9529368,-0.9529243,78.54707,-0.04632621,12645.25,12.25,10.00045,7263.365,1683.493,0,0.9529409,0.9529243,1.66E-05,-0.028203,199.0546,164.5981,39678.27,310819.2,6957.113,12645.25,99.04626,99.04626,59.66036,78.54546,10.00013,20.00012,13798.08,12645.25
0.9529361,-0.9529246,78.54707,-0.0478227,12645.26,12.25,10.00045,7263.37,1683.494,0,0.9529409,0.9529246,1.64E-05,-0.0282043,199.0546,164.5628,39686.85,310800.6,6957.119,12645.26,99.04626,99.04626,59.66036,78.54546,10.00013,20.00012,13798.08,12645.26
0.952936,-0.9529226,78.54707,-0.04631049,12645.27,12.25,10.00045,7263.375,1683.494,0,0.9529409,0.9529226,1.82E-05,-0.02820568,199.0546,164.5269,39661.99,310824.3,6957.125,12645.27,99.04626,99.04626,59.66036,78.54546,10.00013,20.00012,13798.08,12645.27
0.9529458,-0.9529245,78.54707,-0.04797313,12645.28,12.25,10.00045,7263.379,1683.494,0,0.9529411,0.9529245,1.66E-05,-0.02820724,199.0546,164.4901,39705.78,310915.5,6957.13,12645.28,99.04626,99.04626,59.66036,78.54546,10.00013,20.00012,13798.08,12645.28
0.9529443,-0.9528676,78.54707,-0.04972499,12645.29,12.25,10.00045,7263.384,1683.494,0,0.952941,0.9528676,7.34E-05,-0.02820868,199.0546,164.4581,39759.92,310862.6,6957.139,12645.29,99.04626,99.04626,59.66036,78.54546,10.00013,20.00012,13798.08,12645.29
0.9529429,-0.9529264,78.54707,-0.04689512,12645.3,12.25,10.00045,7263.389,1683.494,0,0.9529409,0.9529264,1.45E-05,-0.02821015,199.0546,164.4205,39769.32,310851.1,6957.145,12645.3,99.04626,99.04626,59.66036,78.54546,10.00013,20.00012,13798.08,12645.3
0.952944,-0.9529274,78.54707,-0.04840705,12645.32,12.25,10.00045,7263.394,1683.493,0,0.952941,0.9529274,1.36E-05,-0.02821147,199.0546,164.3911,39781.31,310840.1,6957.151,12645.32,99.04626,99.04626,59.66036,78.54546,10.00013,20.00012,13798.08,12645.32
0.952939,-0.9529253,78.54707,-0.04626231,12645.33,12.25,10.00045,7263.401,1683.493,0,0.9529409,0.9529253,1.57E-05,-0.02821291,199.0546,164.358,39660.66,310825.6,6957.157,12645.33,99.04626,99.04626,59.66036,78.54546,10.00013,20.00012,13798.08,12645.33
0.9529502,-0.9529274,78.54707,-0.04786669,12645.34,12.25,10.00045,7263.406,1683.493,0,0.9529412,0.9529274,1.38E-05,-0.02821423,199.0546,164.3242,39703.87,310917.1,6957.163,12645.34,99.04626,99.04626,59.66036,78.54546,10.00013,20.00012,13798.08,12645.34
0.9529456,-0.9529296,78.54707,-0.04936916,12645.35,12.25,10.00045,7263.411,1683.493,0,0.9529411,0.9529296,1.15E-05,-0.02821543,199.0546,164.2978,39722.21,310935.8,6957.169,12645.35,99.04626,99.04626,59.66036,78.54546,10.00013,20.00012,13798.08,12645.35
0.9529439,-0.9528651,78.54707,-0.04669385,12645.36,12.25,10.00045,7263.416,1683.492,0,0.9529409,0.9528651,7.59E-05,-0.02821679,199.0546,164.2632,39733.72,310886.3,6957.178,12645.36,99.04626,99.04626,59.66036,78.54546,10.00013,20.00012,13798.08,12645.36
0.952947,-0.9529265,78.54707,-0.04831595,12645.38,12.25,10.00045,7263.42,1683.492,0,0.952941,0.9529265,1.45E-05,-0.02821807,199.0546,164.2314,39768.2,310853,6957.184,12645.38,99.04626,99.04626,59.66036,78.54546,10.00013,20.00012,13798.08,12645.38
0.9529345,-0.9529274,78.54707,-0.04993989,12645.39,12.25,10.00045,7263.427,1683.492,0,0.9529409,0.9529274,1.35E-05,-0.02821939,199.0546,164.2036,39702.9,310786,6957.19,12645.39,99.04626,99.04626,59.66036,78.54546,10.00013,20.00012,13798.08,12645.39
0.9529372,-0.9529244,78.54707,-0.04697067,12645.4,12.25,10.00045,7263.432,1683.492,0,0.9529409,0.9529244,1.66E-05,-0.02822068,199.0546,164.1701,39673.71,310813,6957.195,12645.4,99.04626,99.04626,59.66036,78.54546,10.00013,20.00012,13798.08,12645.4
0.9529379,-0.9529241,78.54707,-0.04861895,12645.41,12.25,10.00045,7263.437,1683.492,0,0.9529409,0.9529241,1.68E-05,-0.02822218,199.0546,164.1389,39722.38,310898.9,6957.201,12645.41,99.04626,99.04626,59.66036,78.54546,10.00013,20.00012,13798.08,12645.41
0.9529402,-0.9528636,78.54707,-0.04663765,12645.42,12.25,10.00045,7263.442,1683.493,0,0.9529409,0.9528636,7.72E-05,-0.0282237,199.0546,164.1066,39743.41,310876.4,6957.21,12645.42,99.04626,99.04626,59.66036,78.54546,10.00013,20.00012,13798.08,12645.42
0.9529383,-0.9529239,78.54707,-0.04830175,12645.43,12.25,10.00045,7263.447,1683.493,0,0.9529409,0.9529239,1.70E-05,-0.02822533,199.0546,164.0804,39789.54,310831.5,6957.216,12645.43,99.04626,99.04626,59.66036,78.54546,10.00013,20.00012,13798.08,12645.43
0.9529437,-0.9529229,78.54707,-0.04694654,12645.45,12.25,10.00045,7263.454,1683.493,0,0.952941,0.9529229,1.82E-05,-0.02822694,199.0546,164.0522,39662.48,310824.2,6957.222,12645.45,99.04626,99.04626,59.66036,78.54546,10.00013,20.00012,13798.08,12645.45
0.9529461,-0.9529265,78.54707,-0.04846339,12645.46,12.25,10.00045,7263.458,1683.493,0,0.9529411,0.9529265,1.47E-05,-0.02822832,199.0546,164.0326,39675.66,310812.1,6957.228,12645.46,99.04626,99.04626,59.66036,78.54546,10.00013,20.00012,13798.08,12645.46
0.95294,-0.9529275,78.54707,0,12645.47,12.25,10.00045,7263.463,1683.492,0,0.9529411,0.9529275,1.35E-05,-0.02822958,199.0546,164.0073,39696.63,310888.9,6957.233,12645.47,99.04626,99.04626,59.66036,78.54546,10.00013,20.00012,13798.08,12645.47
0.9529467,-0.9528643,78.54707,-0.04737813,12645.48,12.25,10.00045,7263.468,1683.492,0,0.952941,0.9528643,7.67E-05,-0.02823104,199.0546,163.9756,39736.56,310883.6,6957.243,12645.48,99.04626,99.04626,59.66036,78.54546,10.00013,20.00012,13798.08,12645.48
0.952943,-0.9529294,78.54707,-0.0489943,12645.49,12.25,10.00045,7263.473,1683.492,0,0.952941,0.9529294,1.16E-05,-0.02823243,199.0546,163.9521,39787.74,310833.6,6957.249,12645.49,99.04626,99.04626,59.66036,78.54546,10.00013,20.00012,13798.08,12645.49
0.9529339,-0.9529231,78.54707,-0.04613826,12645.51,12.25,10.00045,7263.48,1683.492,0,0.9529408,0.9529231,1.78E-05,-0.02823371,199.0546,163.9251,39681.28,310815.8,6957.254,12645.51,99.04626,99.04626,59.66036,78.54546,10.00013,20.00012,13798.08,12645.51
0.9529347,-0.9528594,78.54707,-0.04808699,12645.52,12.25,10.00045,7263.485,1683.492,0,0.9529408,0.9528594,8.14E-05,-0.02823544,199.0546,163.8929,39759.96,310860.6,6957.263,12645.52,99.04626,99.04626,59.66036,78.54546,10.00013,20.00012,13798.08,12645.52
0.9529401,-0.9529215,78.54707,-0.04674373,12645.53,12.25,10.00045,7263.49,1683.493,0,0.9529409,0.9529215,1.94E-05,-0.02823713,199.0545,163.8647,39767.22,310852.3,6957.269,12645.53,99.04626,99.04626,59.66036,78.54546,10.00013,20.00012,13798.08,12645.53
0.952941,-0.9529229,78.54707,-0.04840463,12645.55,12.25,10.00045,7263.497,1683.493,0,0.952941,0.9529229,1.81E-05,-0.0282388,199.0545,163.8462,39681.48,310806.1,6957.275,12645.55,99.04626,99.04626,59.66036,78.54546,10.00013,20.00012,13798.08,12645.55
0.9529355,-0.9529233,78.54707,-0.04983865,12645.56,12.25,10.00045,7263.502,1683.493,0,0.952941,0.9529233,1.77E-05,-0.0282401,199.0545,163.8289,39702.4,310786.2,6957.281,12645.56,99.04626,99.04626,59.66036,78.54546,10.00013,20.00012,13798.08,12645.56
0.95294,-0.9529225,78.54707,-0.04701155,12645.57,12.25,10.00045,7263.507,1683.493,0,0.9529409,0.9529225,1.84E-05,-0.02824166,199.0545,163.7997,39707.67,310912,6957.286,12645.57,99.04626,99.04626,59.66036,78.54546,10.00013,20.00012,13798.08,12645.57
0.9529394,-0.9528608,78.54707,-0.04882977,12645.58,12.25,10.00045,7263.512,1683.493,0,0.9529409,0.9528608,8.02E-05,-0.02824332,199.0545,163.7783,39757.59,310863.3,6957.296,12645.58,99.04626,99.04626,59.66036,78.54546,10.00013,20.00012,13798.08,12645.58
0.9529454,-0.9529209,78.54707,-0.04666302,12645.59,12.25,10.00045,7263.517,1683.493,0,0.9529409,0.9529209,2.01E-05,-0.02824482,199.0545,163.7529,39754.59,310864.7,6957.302,12645.59,99.04626,99.04626,59.66036,78.54546,10.00013,20.00012,13798.08,12645.59
0.9529448,-0.952926,78.54707,-0.04831459,12645.61,12.25,10.00045,7263.523,1683.493,0,0.9529411,0.952926,1.51E-05,-0.02824635,199.0545,163.7378,39679.63,310807.8,6957.308,12645.61,99.04626,99.04626,59.66036,78.54546,10.00013,20.00012,13798.08,12645.61
0.9529353,-0.9529266,78.54707,-0.04980903,12645.62,12.25,10.00045,7263.528,1683.493,0,0.952941,0.9529266,1.44E-05,-0.02824763,199.0545,163.7214,39701.25,310787.2,6957.313,12645.62,99.04626,99.04626,59.66036,78.54546,10.00013,20.00012,13798.08,12645.62
0.9529406,-0.9529243,78.54707,-0.04698244,12645.63,12.25,10.00045,7263.533,1683.493,0,0.9529409,0.9529243,1.67E-05,-0.02824907,199.0545,163.6928,39706.52,310912.9,6957.319,12645.63,99.04626,99.04626,59.66036,78.54546,10.00013,20.00012,13798.08,12645.63
0.9529433,-0.9528664,78.54707,-0.04874303,12645.64,12.25,10.00045,7263.538,1683.493,0,0.952941,0.9528664,7.46E-05,-0.02825055,199.0545,163.6723,39755.65,310865,6957.328,12645.64,99.04626,99.04626,59.66036,78.54546,10.00013,20.00012,13798.08,12645.64
0.9529445,-0.9528618,78.54707,-0.04652593,12645.65,12.25,10.00045,7263.542,1683.493,0,0.9529409,0.9528618,7.92E-05,-0.02825189,199.0545,163.6511,39729.81,310889.2,6957.334,12645.65,99.04626,99.04626,59.66036,78.54546,10.00013,20.00012,13798.08,12645.65
0.9529476,-0.9529284,78.54707,-0.04820212,12645.66,12.25,10.00045,7263.547,1683.493,0,0.9529411,0.9529284,1.27E-05,-0.02825339,199.0545,163.6341,39775.98,310844.2,6957.34,12645.66,99.04626,99.04626,59.66036,78.54546,10.00013,20.00012,13798.08,12645.66
0.9529358,-0.9529275,78.54707,-0.04984253,12645.68,12.25,10.00045,7263.555,1683.492,0,0.952941,0.9529275,1.35E-05,-0.02825476,199.0545,163.6192,39700.33,310788.1,6957.346,12645.68,99.04626,99.04626,59.66036,78.54546,10.00013,20.00012,13798.08,12645.68
0.9529403,-0.9529243,78.54707,-0.04608602,12645.69,12.25,10.00045,7263.56,1683.493,0,0.9529409,0.9529243,1.67E-05,-0.02825608,199.0545,163.5924,39647.51,310838.1,6957.353,12645.69,99.04626,99.04626,59.66036,78.54546,10.00013,20.00012,13798.08,12645.69
0.9529555,-0.9529285,78.54707,-0.04776301,12645.7,12.25,10.00045,7263.565,1683.492,0,0.9529412,0.9529285,1.28E-05,-0.02825753,199.0545,163.5742,39691.39,310928.4,6957.358,12645.7,99.04626,99.04626,59.66036,78.54546,10.00013,20.00012,13798.08,12645.7
0.9529527,-0.9528707,78.54707,-0.0495861,12645.71,12.25,10.00045,7263.57,1683.491,0,0.9529412,0.9528707,7.05E-05,-0.02825883,199.0545,163.5603,39746.63,310874.4,6957.368,12645.71,99.04626,99.04626,59.66036,78.54546,10.00013,20.00012,13798.08,12645.71
0.9529419,-0.9529327,78.54707,-0.04589739,12645.72,12.25,10.00045,7263.575,1683.491,0,0.9529409,0.9529327,8.20E-06,-0.02825994,199.0545,163.5394,39755.63,310862.7,6957.374,12645.72,99.04626,99.04626,59.66036,78.54546,10.00013,20.00012,13798.08,12645.72
0.9529558,-0.9529305,78.54707,-0.04684087,12645.74,12.25,10.00045,7263.582,1683.49,0,0.9529412,0.9529305,1.08E-05,-0.02826127,199.0545,163.5123,39639.21,310846.9,6957.38,12645.74,99.04626,99.04626,59.66036,78.54546,10.00013,20.00012,13798.08,12645.74
0.9529641,-0.9529377,78.54707,-0.04851695,12645.75,12.25,10.00045,7263.587,1683.489,0,0.9529415,0.9529377,3.80E-06,-0.02826235,199.0545,163.4987,39688.18,310932,6957.386,12645.75,99.04626,99.04626,59.66036,78.54546,10.00013,20.00012,13798.08,12645.75
0.9529554,-0.9528784,78.54707,-0.05033421,12645.76,12.25,10.00045,7263.592,1683.487,0,0.9529413,0.9528784,6.28E-05,-0.02826323,199.0545,163.4841,39748.49,310872.9,6957.396,12645.76,99.04626,99.04626,59.66036,78.54546,10.00013,20.00012,13798.08,12645.76
0.9529445,-0.9528728,78.54707,-0.04649786,12645.77,12.25,10.00045,7263.597,1683.487,0,0.9529409,0.9528728,6.82E-05,-0.028264,199.0545,163.4575,39727.74,310890.8,6957.401,12645.77,99.04626,99.04626,59.66036,78.54546,10.00013,20.00012,13798.08,12645.77
0.9529473,-0.9529343,78.54707,-0.0481738,12645.78,12.25,10.00045,7263.602,1683.487,0,0.9529411,0.9529343,6.77E-06,-0.02826506,199.0545,163.4362,39774.05,310845.8,6957.407,12645.78,99.04626,99.04626,59.66036,78.54546,10.00013,20.00012,13798.08,12645.78
0.9529353,-0.9529306,78.54707,-0.04981462,12645.8,12.25,10.00045,7263.609,1683.486,0,0.9529409,0.9529306,1.04E-05,-0.02826619,199.0545,163.4198,39698.7,310789.4,6957.413,12645.8,99.04626,99.04626,59.66036,78.54546,10.00014,20.00012,13798.08,12645.8
0.9529378,-0.9529268,78.54707,0,12645.81,12.25,10.00045,7263.615,1683.486,0,0.9529409,0.9529268,1.42E-05,-0.02826754,199.0545,163.3925,39670.38,310914.1,6957.418,12645.81,99.04626,99.04626,59.66036,78.54546,10.00014,20.00012,13798.08,12645.81
0.9529596,-0.9528663,78.54707,-0.04726095,12645.82,12.25,10.00045,7263.619,1683.486,0,0.9529412,0.9528663,7.49E-05,-0.02826904,199.0545,163.3719,39710.48,310908.5,6957.428,12645.82,99.04626,99.04626,59.66036,78.54546,10.00014,20.00012,13798.08,12645.82
0.9529622,-0.9528729,78.54707,-0.04878839,12645.83,12.25,10.00045,7263.624,1683.485,0,0.9529414,0.9528729,6.84E-05,-0.02827012,199.0545,163.3651,39726.17,310893.9,6957.435,12645.83,99.04626,99.04626,59.66036,78.54546,10.00014,20.00012,13798.08,12645.83
0.9529455,-0.9529378,78.54707,-0.05058783,12645.85,12.25,10.00045,7263.631,1683.484,0,0.9529412,0.9529378,3.36E-06,-0.02827114,199.0545,163.3547,39691.88,310796.7,6957.441,12645.85,99.04626,99.04626,59.66036,78.54546,10.00014,20.00012,13798.08,12645.85
0.9529446,-0.9529328,78.54707,-0.04601463,12645.86,12.25,10.00045,7263.637,1683.483,0,0.952941,0.9529328,8.20E-06,-0.028272,199.0545,163.3289,39639.11,310846.1,6957.447,12645.86,99.04626,99.04626,59.66036,78.54546,10.00014,20.00012,13798.08,12645.86
0.9529579,-0.9529346,78.54707,-0.04755305,12645.87,12.25,10.00045,7263.642,1683.483,0,0.9529413,0.9529346,6.71E-06,-0.028273,199.0545,163.3145,39648.08,310838.3,6957.453,12645.87,99.04626,99.04626,59.66036,78.54546,10.00014,20.00012,13798.08,12645.87
0.9529569,-0.9528764,78.54707,-0.04952632,12645.88,12.25,10.00045,7263.646,1683.481,0,0.9529413,0.9528764,6.49E-05,-0.02827407,199.0545,163.2998,39738.23,310882.2,6957.462,12645.88,99.04626,99.04626,59.66036,78.54546,10.00014,20.00012,13798.08,12645.88
0.9529448,-0.9529359,78.54707,-0.04597805,12645.89,12.25,10.00045,7263.651,1683.48,0,0.9529411,0.9529359,5.18E-06,-0.02827501,199.0545,163.2804,39780.94,310836.9,6957.468,12645.89,99.04626,99.04626,59.66036,78.54546,10.00014,20.00012,13798.08,12645.89
0.9529436,-0.9529327,78.54707,-0.04767425,12645.91,12.25,10.00045,7263.659,1683.48,0,0.9529411,0.9529327,8.35E-06,-0.02827601,199.0545,163.261,39669.63,310816.7,6957.474,12645.91,99.04626,99.04626,59.66036,78.54546,10.00014,20.00012,13798.08,12645.91
0.9529383,-0.9529305,78.54707,-0.04931921,12645.92,12.25,10.00045,7263.664,1683.48,0,0.952941,0.9529305,1.05E-05,-0.02827714,199.0545,163.2442,39724.38,310895.8,6957.479,12645.92,99.04626,99.04626,59.66036,78.54546,10.00014,20.00012,13798.08,12645.92
0.9529369,-0.952926,78.54707,-0.04649309,12645.93,12.25,10.00045,7263.668,1683.48,0,0.9529408,0.952926,1.48E-05,-0.02827869,199.0545,163.2218,39759.05,310847.7,6957.489,12645.93,99.04626,99.04626,59.66036,78.54546,10.00014,20.00012,13798.08,12645.93
0.9529495,-0.9529247,78.54707,-0.04660141,12645.95,12.25,10.00045,7263.674,1683.48,0,0.952941,0.9529247,1.64E-05,-0.02828018,199.0545,163.2032,39742.3,310875.8,6957.495,12645.95,99.04626,99.04626,59.66036,78.54546,10.00014,20.00012,13798.08,12645.95
0.9529559,-0.9529302,78.54707,-0.04828233,12645.96,12.25,10.00045,7263.681,1683.48,0,0.9529413,0.9529302,1.11E-05,-0.02828163,199.0545,163.1994,39657.3,310829.4,6957.501,12645.96,99.04626,99.04626,59.66036,78.54546,10.00014,20.00012,13798.08,12645.96
0.9529488,-0.9529343,78.54707,-0.04993189,12645.97,12.25,10.00045,7263.686,1683.479,0,0.9529412,0.9529343,6.95E-06,-0.02828276,199.0545,163.191,39716.17,310904.3,6957.507,12645.97,99.04626,99.04626,59.66036,78.54546,10.00014,20.00012,13798.08,12645.97
0.9529409,-0.9528582,78.54707,-0.04651631,12645.98,12.25,10.00045,7263.691,1683.478,0,0.9529409,0.9528582,8.27E-05,-0.02828398,199.0545,163.1727,39730.02,310887.9,6957.517,12645.98,99.04626,99.04626,59.66036,78.54546,10.00014,20.00012,13798.08,12645.98
0.9529426,-0.9529299,78.54707,-0.04819272,12646,12.25,10.00045,7263.696,1683.478,0,0.952941,0.9529299,1.12E-05,-0.02828528,199.0545,163.1586,39776.91,310842.3,6957.522,12646,99.04626,99.04626,59.66036,78.54546,10.00014,20.00012,13798.08,12646
0.9529301,-0.9529259,78.54707,-0.04983213,12646.01,12.25,10.00045,7263.703,1683.478,0,0.9529409,0.9529259,1.49E-05,-0.02828662,199.0545,163.1492,39702.36,310785.4,6957.528,12646.01,99.04626,99.04626,59.66036,78.54546,10.00014,20.00012,13798.08,12646.01
0.9529351,-0.9529216,78.54707,-0.04676233,12646.02,12.25,10.00045,7263.708,1683.479,0,0.9529408,0.9529216,1.92E-05,-0.02828813,199.0545,163.1293,39696.18,310910.4,6957.533,12646.02,99.04626,99.04626,59.66036,78.54546,10.00014,20.00012,13798.08,12646.02
0.9529414,-0.9529206,78.54707,-0.04609698,12646.03,12.25,10.00045,7263.713,1683.479,0,0.9529409,0.9529206,2.03E-05,-0.02828967,199.0545,163.115,39681.54,310936,6957.54,12646.03,99.04626,99.04626,59.66036,78.54546,10.00014,20.00012,13798.08,12646.03
0.9529534,-0.9528632,78.54707,-0.04794322,12646.04,12.25,10.00045,7263.718,1683.479,0,0.9529411,0.9528632,7.79E-05,-0.02829137,199.0545,163.1086,39726.64,310892.2,6957.549,12646.04,99.04626,99.04626,59.66036,78.54546,10.00014,20.00012,13798.08,12646.04
0.952947,-0.9529312,78.54707,-0.04960886,12646.06,12.25,10.00045,7263.723,1683.478,0,0.9529411,0.9529312,9.95E-06,-0.02829276,199.0545,163.1047,39782.99,310837,6957.556,12646.06,99.04626,99.04626,59.66036,78.54546,10.00014,20.00012,13798.08,12646.06
0.952933,-0.9529267,78.54707,-0.04606999,12646.07,12.25,10.00045,7263.73,1683.478,0,0.9529409,0.9529267,1.42E-05,-0.02829413,199.0545,163.0931,39668.36,310794.4,6957.562,12646.07,99.04626,99.04626,59.66036,78.54546,10.00014,20.00012,13798.08,12646.07
0.9529579,-0.9528654,78.54707,-0.04717971,12646.08,12.25,10.00045,7263.735,1683.478,0,0.9529412,0.9528654,7.58E-05,-0.02829575,199.0545,163.0728,39708.42,310909.7,6957.571,12646.08,99.04626,99.04626,59.66036,78.54546,10.00014,20.00012,13798.08,12646.08
0.9529603,-0.9529362,78.54707,-0.04886608,12646.09,12.25,10.00045,7263.74,1683.477,0,0.9529414,0.9529362,5.08E-06,-0.028297,199.0545,163.0714,39759.87,310859.4,6957.577,12646.09,99.04626,99.04626,59.66036,78.54546,10.00014,20.00012,13798.08,12646.09
0.9529437,-0.9529373,78.54707,-0.05044417,12646.11,12.25,10.00045,7263.745,1683.475,0,0.9529412,0.9529373,3.98E-06,-0.02829794,199.0545,163.0663,39810.14,310810.3,6957.583,12646.11,99.04626,99.04626,59.66036,78.54546,10.00014,20.00012,13798.08,12646.11
0.9529396,-0.9529305,78.54707,-0.04668946,12646.12,12.25,10.00045,7263.753,1683.475,0,0.9529409,0.9529305,1.05E-05,-0.02829897,199.0545,163.0478,39663.73,310821.4,6957.589,12646.12,99.04626,99.04626,59.66036,78.54546,10.00014,20.00012,13798.08,12646.12
0.9529412,-0.9529289,78.54707,-0.04834832,12646.13,12.25,10.00045,7263.758,1683.475,0,0.952941,0.9529289,1.21E-05,-0.0283002,199.0545,163.0344,39712.39,310906.4,6957.595,12646.13,99.04626,99.04626,59.66036,78.54546,10.00014,20.00012,13798.08,12646.13
0.9529325,-0.9528632,78.54707,-0.04554103,12646.14,12.25,10.00045,7263.762,1683.476,0,0.9529408,0.9528632,7.76E-05,-0.02830161,199.0545,163.0225,39732.46,310884.3,6957.604,12646.14,99.04626,99.04626,59.66036,78.54546,10.00014,20.00012,13798.08,12646.14
0.9529399,-0.9529241,78.54707,-0.04577085,12646.16,12.25,10.00045,7263.768,1683.476,0,0.9529408,0.9529241,1.67E-05,-0.02830326,199.0545,163.0057,39737.72,310879.2,6957.61,12646.16,99.04626,99.04626,59.66036,78.54546,10.00014,20.00013,13798.08,12646.16
0.9529553,-0.952927,78.54707,-0.04746371,12646.17,12.25,10.00045,7263.775,1683.476,0,0.9529412,0.952927,1.42E-05,-0.02830482,199.0545,162.9998,39647.79,310837.8,6957.616,12646.17,99.04626,99.04626,59.66036,78.54546,10.00014,20.00013,13798.08,12646.17
0.9529548,-0.9529336,78.54707,-0.0491285,12646.18,12.25,10.00045,7263.78,1683.475,0,0.9529413,0.9529336,7.69E-06,-0.02830607,199.0545,162.9967,39701.64,310917.6,6957.622,12646.18,99.04626,99.04626,59.66036,78.54546,10.00014,20.00013,13798.08,12646.18
0.9529424,-0.9528691,78.54707,-0.0455307,12646.19,12.25,10.00045,7263.785,1683.474,0,0.952941,0.9528691,7.19E-05,-0.02830713,199.0545,162.9887,39725.76,310890.8,6957.631,12646.19,99.04626,99.04626,59.66036,78.54546,10.00014,20.00013,13798.08,12646.19
0.9529488,-0.9528664,78.54707,-0.04637768,12646.21,12.25,10.00045,7263.79,1683.474,0,0.952941,0.9528664,7.46E-05,-0.02830827,199.0545,162.9699,39707.43,310909.8,6957.638,12646.21,99.04626,99.04626,59.66036,78.54546,10.00014,20.00013,13798.08,12646.21
0.952958,-0.9529342,78.54707,-0.04807125,12646.22,12.25,10.00045,7263.794,1683.473,0,0.9529413,0.9529342,7.07E-06,-0.02830954,199.0545,162.9652,39753.79,310864.6,6957.644,12646.22,99.04626,99.04626,59.66036,78.54546,10.00014,20.00013,13798.08,12646.22
0.9529477,-0.9529357,78.54707,-0.04986854,12646.23,12.25,10.00045,7263.802,1683.472,0,0.9529412,0.9529357,5.47E-06,-0.02831065,199.0545,162.959,39715.44,310904.2,6957.649,12646.23,99.04626,99.04626,59.66036,78.54546,10.00014,20.00013,13798.08,12646.23
0.9529393,-0.9529321,78.54707,-0.04617028,12646.25,12.25,10.00045,7263.807,1683.472,0,0.952941,0.9529321,8.85E-06,-0.02831163,199.0545,162.9453,39694.32,310922.6,6957.655,12646.25,99.04626,99.04626,59.66036,78.54546,10.00014,20.00013,13798.08,12646.25
0.9529417,-0.9529293,78.54707,-0.04772244,12646.26,12.25,10.00045,7263.812,1683.472,0,0.952941,0.9529293,1.17E-05,-0.02831273,199.0545,162.9332,39705.21,310912.8,6957.662,12646.26,99.04626,99.04626,59.66036,78.54546,10.00014,20.00013,13798.08,12646.26
0.9529335,-0.9529277,78.54707,-0.04968723,12646.27,12.25,10.00045,7263.817,1683.472,0,0.9529409,0.9529277,1.31E-05,-0.02831428,199.0545,162.9238,39797.54,310821.8,6957.67,12646.27,99.04626,99.04626,59.66036,78.54546,10.00014,20.00013,13798.08,12646.27
0.952932,-0.9529219,78.54707,-0.04655186,12646.28,12.25,10.00045,7263.822,1683.472,0,0.9529408,0.9529219,1.89E-05,-0.02831574,199.0545,162.9102,39793.63,310823.4,6957.676,12646.28,99.04626,99.04626,59.66036,78.54546,10.00014,20.00013,13798.08,12646.28
0.9529493,-0.9529216,78.54707,-0.04681065,12646.29,12.25,10.00045,7263.829,1683.473,0,0.9529411,0.9529216,1.95E-05,-0.02831757,199.0545,162.8962,39678.85,310938.4,6957.682,12646.29,99.04626,99.04626,59.66036,78.54546,10.00014,20.00013,13798.08,12646.29
0.9529552,-0.9528663,78.54707,-0.04865224,12646.31,12.25,10.00045,7263.834,1683.472,0,0.9529412,0.9528663,7.49E-05,-0.02831917,199.0545,162.8968,39728.99,310889.5,6957.692,12646.31,99.04626,99.04626,59.66036,78.54546,10.00014,20.00013,13798.08,12646.31
0.9529436,-0.9529325,78.54707,-0.05030891,12646.32,12.25,10.00045,7263.839,1683.471,0,0.9529411,0.9529325,8.51E-06,-0.02832044,199.0545,162.8957,39790.32,310829.4,6957.698,12646.32,99.04626,99.04626,59.66036,78.54546,10.00014,20.00013,13798.08,12646.32
0.9529366,-0.9529274,78.54707,-0.04674226,12646.33,12.25,10.00045,7263.847,1683.471,0,0.9529409,0.9529274,1.35E-05,-0.02832177,199.0545,162.8841,39666.61,310818.1,6957.704,12646.33,99.04626,99.04626,59.66036,78.54546,10.00014,20.00013,13798.08,12646.33
0.9529381,-0.9528629,78.54707,-0.04870899,12646.34,12.25,10.00045,7263.851,1683.471,0,0.9529409,0.9528629,7.80E-05,-0.02832339,199.0545,162.8732,39751.5,310866.9,6957.713,12646.34,99.04626,99.04626,59.66036,78.54546,10.00014,20.00013,13798.08,12646.34
0.9529411,-0.9529243,78.54707,-0.04646509,12646.36,12.25,10.00045,7263.856,1683.472,0,0.9529409,0.9529243,1.66E-05,-0.02832493,199.0545,162.8628,39760.09,310856.7,6957.719,12646.36,99.04626,99.04626,59.66036,78.54546,10.00014,20.00013,13798.08,12646.36
0.9529438,-0.9529226,78.54707,-0.04808698,12646.37,12.25,10.00045,7263.861,1683.472,0,0.9529411,0.9529226,1.84E-05,-0.02832637,199.0545,162.8594,39795.61,310822.3,6957.725,12646.37,99.04626,99.04626,59.66036,78.54546,10.00014,20.00013,13798.08,12646.37
0.9529486,-0.9529254,78.54707,-0.04664716,12646.38,12.25,10.00045,7263.869,1683.472,0,0.9529411,0.9529254,1.56E-05,-0.02832787,199.0545,162.8512,39647.74,310836.7,6957.731,12646.38,99.04626,99.04626,59.66036,78.54546,10.00014,20.00013,13798.08,12646.38
0.952953,-0.9529307,78.54707,-0.04831948,12646.39,12.25,10.00045,7263.874,1683.471,0,0.9529412,0.9529307,1.05E-05,-0.02832922,199.0544,162.8486,39696.48,310921.5,6957.737,12646.39,99.04626,99.04626,59.66036,78.54546,10.00014,20.00013,13798.08,12646.39
0.9529431,-0.9528697,78.54707,-0.05013251,12646.41,12.25,10.00045,7263.878,1683.47,0,0.952941,0.9528697,7.14E-05,-0.02833046,199.0544,162.8456,39756.54,310862.8,6957.747,12646.41,99.04626,99.04626,59.66036,78.54546,10.00014,20.00013,13798.08,12646.41
0.9529386,-0.9528552,78.54707,-0.04552407,12646.42,12.25,10.00045,7263.883,1683.47,0,0.9529408,0.9528552,8.57E-05,-0.02833164,199.0544,162.8324,39698.32,310917.6,6957.752,12646.42,99.04626,99.04626,59.66036,78.54546,10.00014,20.00013,13798.08,12646.42
0.9529579,-0.9529307,78.54707,-0.04742078,12646.43,12.25,10.00045,7263.891,1683.47,0,0.9529413,0.9529307,1.06E-05,-0.02833315,199.0544,162.8255,39641.96,310842.9,6957.759,12646.43,99.04626,99.04626,59.66036,78.54546,10.00014,20.00013,13798.08,12646.43
0.9529578,-0.9529369,78.54707,-0.04908953,12646.44,12.25,10.00045,7263.896,1683.468,0,0.9529414,0.9529369,4.44E-06,-0.02833423,199.0544,162.8241,39695.83,310922.6,6957.765,12646.44,99.04626,99.04626,59.66036,78.54546,10.00014,20.00013,13798.08,12646.44
0.9529364,-0.9529367,78.54707,0,12646.46,12.25,10.00045,7263.901,1683.467,0,0.9529411,0.9529367,4.32E-06,-0.02833508,199.0544,162.8209,39689.3,310893.2,6957.771,12646.46,99.04626,99.04626,59.66036,78.54546,10.00014,20.00013,13798.08,12646.46
0.952944,-0.952868,78.54707,-0.04708074,12646.47,12.25,10.00045,7263.906,1683.467,0,0.9529409,0.952868,7.29E-05,-0.02833624,199.0544,162.8025,39729.19,310887.7,6957.78,12646.47,99.04626,99.04626,59.66036,78.54546,10.00014,20.00013,13798.08,12646.47
0.9529377,-0.9529285,78.54707,-0.04903608,12646.48,12.25,10.00045,7263.913,1683.467,0,0.9529409,0.9529285,1.25E-05,-0.02833774,199.0544,162.7951,39719.7,310898.6,6957.785,12646.48,99.04626,99.04626,59.66036,78.54546,10.00014,20.00013,13798.08,12646.48
0.9529365,-0.9528615,78.54707,-0.04621632,12646.49,12.25,10.00045,7263.917,1683.468,0,0.9529408,0.9528615,7.93E-05,-0.0283392,199.0544,162.7825,39720.04,310884.8,6957.794,12646.49,99.04626,99.04626,59.66036,78.54546,10.00014,20.00013,13798.08,12646.49
0.9529508,-0.9529248,78.54707,-0.04648267,12646.51,12.25,10.00045,7263.923,1683.468,0,0.9529411,0.9529248,1.62E-05,-0.02834089,199.0544,162.772,39737.3,310879,6957.801,12646.51,99.04626,99.04626,59.66036,78.54546,10.00014,20.00013,13798.08,12646.51
0.9529579,-0.9529315,78.54707,-0.0483116,12646.52,12.25,10.00045,7263.93,1683.467,0,0.9529414,0.9529315,9.79E-06,-0.02834242,199.0544,162.7738,39687.93,310929.7,6957.807,12646.52,99.04626,99.04626,59.66036,78.54546,10.00014,20.00013,13798.08,12646.52
0.952949,-0.9528725,78.54707,-0.05013072,12646.53,12.25,10.00045,7263.935,1683.466,0,0.9529411,0.9528725,6.86E-05,-0.0283436,199.0544,162.7731,39748.07,310870.8,6957.816,12646.53,99.04626,99.04626,59.66036,78.54546,10.00014,20.00013,13798.08,12646.53
0.9529327,-0.9529297,78.54707,-0.04569377,12646.54,12.25,10.00045,7263.94,1683.466,0,0.9529407,0.9529297,1.11E-05,-0.02834472,199.0544,162.7614,39738.28,310877.3,6957.822,12646.54,99.04626,99.04626,59.66036,78.54546,10.00014,20.00013,13798.08,12646.54
0.9529501,-0.9529274,78.54707,-0.04738467,12646.56,12.25,10.00045,7263.947,1683.466,0,0.9529411,0.9529274,1.38E-05,-0.02834611,199.0544,162.7525,39648.43,310836.1,6957.828,12646.56,99.04626,99.04626,59.66036,78.54546,10.00014,20.00013,13798.08,12646.56
0.952951,-0.9528697,78.54707,-0.04935931,12646.57,12.25,10.00045,7263.952,1683.465,0,0.9529412,0.9528697,7.15E-05,-0.02834756,199.0544,162.7496,39738.26,310879.9,6957.837,12646.57,99.04626,99.04626,59.66036,78.54546,10.00014,20.00013,13798.08,12646.57
0.9529407,-0.9529313,78.54707,-0.04567642,12646.58,12.25,10.00045,7263.957,1683.464,0,0.9529409,0.9529313,9.55E-06,-0.02834873,199.0544,162.7429,39747.32,310868.2,6957.843,12646.58,99.04626,99.04626,59.66036,78.54546,10.00014,20.00013,13798.08,12646.58
0.9529412,-0.9529284,78.54707,-0.04737896,12646.59,12.25,10.00045,7263.962,1683.465,0,0.9529409,0.9529284,1.25E-05,-0.02835,199.0544,162.7338,39767.42,310849.3,6957.849,12646.59,99.04626,99.04626,59.66036,78.54546,10.00014,20.00013,13798.08,12646.59
0.9529336,-0.9529252,78.54707,-0.04917232,12646.61,12.25,10.00045,7263.97,1683.465,0,0.9529409,0.9529252,1.57E-05,-0.02835152,199.0544,162.7285,39724.55,310893.4,6957.854,12646.61,99.04626,99.04626,59.66036,78.54546,10.00014,20.00013,13798.08,12646.61
0.9529322,-0.952921,78.54707,-0.04635174,12646.62,12.25,10.00045,7263.974,1683.466,0,0.9529408,0.952921,1.97E-05,-0.02835335,199.0544,162.7176,39759.14,310845.4,6957.863,12646.62,99.04626,99.04626,59.66036,78.54546,10.00014,20.00013,13798.08,12646.62
0.9529445,-0.9529191,78.54707,-0.04661248,12646.64,12.25,10.00045,7263.982,1683.466,0,0.952941,0.9529191,2.19E-05,-0.02835524,199.0544,162.7108,39644.32,310839.4,6957.87,12646.64,99.04626,99.04626,59.66036,78.54546,10.00014,20.00013,13798.08,12646.64
0.9529536,-0.9528646,78.54707,-0.04859738,12646.65,12.25,10.00045,7263.987,1683.466,0,0.9529412,0.9528646,7.65E-05,-0.02835708,199.0544,162.7128,39728.58,310888.8,6957.879,12646.65,99.04626,99.04626,59.66036,78.54546,10.00014,20.00013,13798.08,12646.65
0.9529374,-0.9529294,78.54707,-0.05039731,12646.67,12.25,10.00045,7263.994,1683.465,0,0.952941,0.9529294,1.16E-05,-0.02835856,199.0544,162.7167,39694.47,310792,6957.885,12646.67,99.04626,99.04626,59.66036,78.54546,10.00014,20.00013,13798.08,12646.67
0.9529389,-0.9529261,78.54707,-0.04730576,12646.68,12.25,10.00045,7263.999,1683.465,0,0.9529409,0.9529261,1.48E-05,-0.02836037,199.0544,162.7028,39769.63,310846.8,6957.895,12646.68,99.04626,99.04626,59.66036,78.54546,10.00014,20.00013,13798.08,12646.68
0.9529319,-0.952923,78.54707,0,12646.69,12.25,10.00045,7264.006,1683.466,0,0.9529409,0.952923,1.79E-05,-0.02836202,199.0544,162.6995,39690.39,310891.3,6957.9,12646.69,99.04626,99.04626,59.66036,78.54546,10.00014,20.00013,13798.08,12646.69
0.9529424,-0.9529234,78.54707,-0.047181,12646.71,12.25,10.00045,7264.011,1683.466,0,0.9529409,0.9529234,1.76E-05,-0.0283639,199.0544,162.692,39764.59,310851.6,6957.909,12646.71,99.04626,99.04626,59.66036,78.54546,10.00014,20.00013,13798.08,12646.71
0.9529409,-0.9529245,78.54707,-0.04567876,12646.72,12.25,10.00045,7264.017,1683.466,0,0.9529409,0.9529245,1.63E-05,-0.02836537,199.0544,162.6892,39742.84,310872.2,6957.916,12646.72,99.04626,99.04626,59.66036,78.54546,10.00014,20.00013,13798.08,12646.72
0.9529505,-0.9529264,78.54707,-0.04736823,12646.73,12.25,10.00045,7264.024,1683.466,0,0.9529412,0.9529264,1.48E-05,-0.02836692,199.0544,162.688,39653.05,310831,6957.922,12646.73,99.04626,99.04626,59.66036,78.54546,10.00014,20.00013,13798.08,12646.73
0.9529482,-0.9529307,78.54707,-0.04902944,12646.74,12.25,10.00045,7264.028,1683.465,0,0.9529412,0.9529307,1.04E-05,-0.02836823,199.0544,162.6885,39706.77,310910.7,6957.927,12646.74,99.04626,99.04626,59.66036,78.54546,10.00014,20.00013,13798.08,12646.74
0.9529362,-0.9528665,78.54707,-0.04546119,12646.75,12.25,10.00045,7264.033,1683.465,0,0.9529409,0.9528665,7.44E-05,-0.0283695,199.0544,162.6835,39718.5,310896.3,6957.937,12646.75,99.04626,99.04626,59.66036,78.54546,10.00014,20.00013,13798.08,12646.75
0.9529513,-0.9529272,78.54707,-0.04645682,12646.77,12.25,10.00045,7264.039,1683.465,0,0.9529411,0.9529272,1.38E-05,-0.02837104,199.0544,162.6708,39734.24,310881.2,6957.943,12646.77,99.04626,99.04626,59.66036,78.54546,10.00014,20.00013,13798.08,12646.77
0.9529592,-0.9529333,78.54707,-0.04828766,12646.78,12.25,10.00045,7264.046,1683.464,0,0.9529414,0.9529333,8.07E-06,-0.02837245,199.0544,162.6733,39684.92,310931.8,6957.949,12646.78,99.04626,99.04626,59.66036,78.54546,10.00014,20.00013,13798.08,12646.78
0.9529506,-0.9528742,78.54707,-0.05010847,12646.79,12.25,10.00045,7264.051,1683.463,0,0.9529412,0.9528742,6.70E-05,-0.02837354,199.0544,162.6734,39745.07,310873,6957.958,12646.79,99.04626,99.04626,59.66036,78.54546,10.00014,20.00013,13798.08,12646.79
0.9529372,-0.9529315,78.54707,-0.04596255,12646.8,12.25,10.00045,7264.056,1683.462,0,0.9529409,0.9529315,9.33E-06,-0.02837434,199.0544,162.6647,39690.65,310924.3,6957.961,12646.8,99.04626,99.04626,59.66036,78.54546,10.00014,20.00013,13798.08,12646.8
0.9529426,-0.9529297,78.54707,-0.0479564,12646.82,12.25,10.00045,7264.061,1683.463,0,0.952941,0.9529297,1.13E-05,-0.0283758,199.0544,162.656,39770.64,310845.8,6957.97,12646.82,99.04626,99.04626,59.66036,78.54546,10.00014,20.00013,13798.08,12646.82
0.9529333,-0.9529262,78.54707,-0.04960616,12646.83,12.25,10.00045,7264.068,1683.463,0,0.9529409,0.9529262,1.48E-05,-0.02837715,199.0544,162.6534,39695.81,310789.6,6957.976,12646.83,99.04626,99.04626,59.66036,78.54546,10.00014,20.00013,13798.08,12646.83
0.9529332,-0.952923,78.54707,-0.04664752,12646.84,12.25,10.00045,7264.073,1683.463,0,0.9529409,0.952923,1.79E-05,-0.02837857,199.0544,162.6463,39667.65,310793.5,6957.981,12646.84,99.04626,99.04626,59.66036,78.54546,10.00014,20.00013,13798.08,12646.84
0.9529573,-0.9528635,78.54707,-0.0470585,12646.85,12.25,10.00045,7264.078,1683.463,0,0.9529412,0.9528635,7.77E-05,-0.02838037,199.0544,162.6376,39707.64,310908,6957.991,12646.85,99.04626,99.04626,59.66036,78.54546,10.00014,20.00013,13798.08,12646.85
0.9529575,-0.9529344,78.54707,-0.04874603,12646.87,12.25,10.00045,7264.083,1683.462,0,0.9529413,0.9529344,6.93E-06,-0.02838171,199.0544,162.6443,39759,310857.8,6957.998,12646.87,99.04626,99.04626,59.66036,78.54546,10.00014,20.00013,13798.08,12646.87
0.9529403,-0.9529339,78.54707,0,12646.88,12.25,10.00045,7264.09,1683.461,0,0.9529411,0.9529339,7.14E-06,-0.02838284,199.0544,162.6438,39689.36,310891.8,6958.003,12646.88,99.04626,99.04626,59.66036,78.54546,10.00014,20.00013,13798.08,12646.88
0.9529476,-0.9528661,78.54707,-0.04628269,12646.89,12.25,10.00045,7264.095,1683.461,0,0.9529409,0.9528661,7.49E-05,-0.0283841,199.0544,162.6279,39704.31,310910.6,6958.012,12646.89,99.04626,99.04626,59.66036,78.54546,10.00014,20.00013,13798.08,12646.89
0.9529542,-0.9529327,78.54707,-0.04812611,12646.91,12.25,10.00045,7264.103,1683.46,0,0.9529413,0.9529327,8.62E-06,-0.0283855,199.0544,162.6298,39653.65,310830.4,6958.019,12646.91,99.04626,99.04626,59.66036,78.54546,10.00014,20.00013,13798.08,12646.91
0.952946,-0.9528722,78.54707,-0.05008701,12646.92,12.25,10.00045,7264.107,1683.459,0,0.9529411,0.9528722,6.89E-05,-0.02838671,199.0544,162.6267,39749.05,310868.6,6958.028,12646.92,99.04626,99.04626,59.66036,78.54546,10.00014,20.00013,13798.08,12646.92
0.9529402,-0.9529317,78.54707,-0.04658446,12646.93,12.25,10.00045,7264.112,1683.459,0,0.9529409,0.9529317,9.20E-06,-0.02838792,199.0544,162.6162,39759.43,310855.6,6958.034,12646.93,99.04626,99.04626,59.66036,78.54546,10.00014,20.00013,13798.08,12646.93
0.9529378,-0.9529276,78.54707,-0.04824987,12646.95,12.25,10.00045,7264.12,1683.459,0,0.952941,0.9529276,1.34E-05,-0.02838921,199.0544,162.6117,39675.7,310808.4,6958.04,12646.95,99.04626,99.04626,59.66036,78.54546,10.00014,20.00013,13798.08,12646.95
0.9529287,-0.9528611,78.54707,-0.04542393,12646.96,12.25,10.00045,7264.125,1683.459,0,0.9529407,0.9528611,7.97E-05,-0.02839082,199.0544,162.6033,39731.99,310882.1,6958.048,12646.96,99.04626,99.04626,59.66036,78.54546,10.00014,20.00013,13798.08,12646.96
0.9529341,-0.9529206,78.54707,-0.04565591,12646.97,12.25,10.00045,7264.13,1683.46,0,0.9529407,0.9529206,2.01E-05,-0.0283926,199.0544,162.5941,39737.23,310877,6958.054,12646.97,99.04626,99.04626,59.66036,78.54546,10.00014,20.00013,13798.08,12646.97
0.9529504,-0.9529227,78.54707,-0.04734952,12646.99,12.25,10.00045,7264.137,1683.46,0,0.9529412,0.9529227,1.84E-05,-0.02839435,199.0544,162.596,39647.54,310835.8,6958.061,12646.99,99.04626,99.04626,59.66036,78.54546,10.00014,20.00013,13798.08,12646.99
0.9529505,-0.9528672,78.54707,-0.04932544,12647,12.25,10.00045,7264.142,1683.459,0,0.9529411,0.9528672,7.40E-05,-0.028396,199.0544,162.5995,39737.37,310879.5,6958.07,12647,99.04626,99.04626,59.66036,78.54546,10.00014,20.00013,13798.08,12647
0.9529372,-0.9529281,78.54707,-0.04572381,12647.01,12.25,10.00045,7264.146,1683.459,0,0.9529409,0.9529281,1.28E-05,-0.02839739,199.0544,162.5976,39781.06,310833.1,6958.076,12647.01,99.04626,99.04626,59.66036,78.54546,10.00014,20.00013,13798.08,12647.01
0.9529366,-0.952925,78.54707,-0.04742253,12647.03,12.25,10.00045,7264.154,1683.459,0,0.9529409,0.952925,1.60E-05,-0.02839878,199.0544,162.5919,39669.84,310813.4,6958.082,12647.03,99.04626,99.04626,59.66036,78.54546,10.00014,20.00013,13798.08,12647.03
0.9529338,-0.9528605,78.54707,-0.04542147,12647.04,12.25,10.00045,7264.159,1683.46,0,0.9529408,0.9528605,8.02E-05,-0.02840049,199.0544,162.5865,39721.35,310892.5,6958.09,12647.04,99.04626,99.04626,59.66036,78.54546,10.00014,20.00013,13798.08,12647.04
0.9529403,-0.9529226,78.54707,-0.04729914,12647.05,12.25,10.00045,7264.167,1683.46,0,0.952941,0.9529226,1.84E-05,-0.02840229,199.0544,162.5847,39664.75,310818.3,6958.096,12647.05,99.04626,99.04626,59.66036,78.54546,10.00014,20.00013,13798.08,12647.05
0.9529438,-0.9529232,78.54707,-0.04594743,12647.07,12.25,10.00045,7264.171,1683.46,0,0.9529409,0.9529232,1.77E-05,-0.02840389,199.0544,162.5791,39675.54,310938.6,6958.103,12647.07,99.04626,99.04626,59.66036,78.54546,10.00014,20.00013,13798.08,12647.07
0.9529536,-0.9529297,78.54707,-0.04795516,12647.08,12.25,10.00045,7264.176,1683.46,0,0.9529412,0.9529297,1.15E-05,-0.02840563,199.0544,162.5814,39755.61,310860,6958.112,12647.08,99.04626,99.04626,59.66036,78.54546,10.00014,20.00013,13798.08,12647.08
0.9529423,-0.952931,78.54707,-0.04975176,12647.09,12.25,10.00045,7264.184,1683.459,0,0.9529411,0.952931,1.01E-05,-0.02840698,199.0544,162.5843,39717.34,310899.5,6958.118,12647.09,99.04626,99.04626,59.66036,78.54546,10.00014,20.00013,13798.08,12647.09
0.9529338,-0.9529271,78.54707,-0.04607114,12647.1,12.25,10.00045,7264.189,1683.459,0,0.9529409,0.9529271,1.38E-05,-0.02840819,199.0544,162.5778,39696.31,310917.8,6958.123,12647.1,99.04626,99.04626,59.66036,78.54546,10.00014,20.00013,13798.08,12647.1
0.9529335,-0.9529235,78.54707,-0.0482326,12647.12,12.25,10.00045,7264.196,1683.459,0,0.9529409,0.9529235,1.74E-05,-0.02841006,199.0544,162.5733,39680.58,310803,6958.133,12647.12,99.04626,99.04626,59.66036,78.54546,10.00014,20.00013,13798.08,12647.12
0.9529338,-0.9529204,78.54707,-0.04590857,12647.13,12.25,10.00045,7264.201,1683.46,0,0.9529408,0.9529204,2.04E-05,-0.02841164,199.0544,162.5656,39692.62,310921.3,6958.138,12647.13,99.04626,99.04626,59.66036,78.54546,10.00014,20.00013,13798.08,12647.13
0.9529371,-0.9528484,78.54707,-0.04544616,12647.14,12.25,10.00045,7264.206,1683.46,0,0.9529408,0.9528484,9.24E-05,-0.02841351,199.0544,162.5636,39702.03,310911.5,6958.148,12647.14,99.04626,99.04626,59.66036,78.54546,10.00014,20.00013,13798.08,12647.14
0.9529532,-0.9529254,78.54707,-0.04734087,12647.16,12.25,10.00045,7264.213,1683.46,0,0.9529412,0.9529254,1.58E-05,-0.02841536,199.0544,162.5663,39645.74,310837.1,6958.154,12647.16,99.04626,99.04626,59.66036,78.54546,10.00014,20.00013,13798.08,12647.16
0.9529524,-0.9528697,78.54707,-0.04931783,12647.17,12.25,10.00045,7264.218,1683.459,0,0.9529412,0.9528697,7.14E-05,-0.02841688,199.0544,162.57,39735.55,310880.7,6958.164,12647.17,99.04626,99.04626,59.66036,78.54546,10.00014,20.00013,13798.08,12647.17
0.9529408,-0.9529303,78.54707,-0.0457443,12647.18,12.25,10.00045,7264.223,1683.458,0,0.9529409,0.9529303,1.06E-05,-0.02841813,199.0544,162.5673,39779.27,310834.4,6958.169,12647.18,99.04626,99.04626,59.66036,78.54546,10.00014,20.00013,13798.08,12647.18
0.9529413,-0.9528649,78.54707,-0.04787146,12647.2,12.25,10.00045,7264.23,1683.458,0,0.9529409,0.9528649,7.60E-05,-0.02841973,199.0544,162.5593,39737.88,310877.3,6958.178,12647.2,99.04626,99.04626,59.66036,78.54546,10.00014,20.00013,13798.08,12647.2
0.9529319,-0.952926,78.54707,-0.04952693,12647.21,12.25,10.00045,7264.235,1683.459,0,0.9529408,0.952926,1.49E-05,-0.02842116,199.0544,162.5583,39794.61,310821.7,6958.184,12647.21,99.04626,99.04626,59.66036,78.54546,10.00014,20.00013,13798.08,12647.21
0.9529325,-0.9529195,78.54707,-0.04660111,12647.22,12.25,10.00045,7264.243,1683.46,0,0.9529408,0.9529195,2.13E-05,-0.0284229,199.0544,162.5493,39692.7,310910.1,6958.189,12647.22,99.04626,99.04626,59.66036,78.54546,10.00014,20.00013,13798.08,12647.22
0.9529423,-0.9528562,78.54707,-0.04625298,12647.24,12.25,10.00045,7264.248,1683.46,0,0.9529408,0.9528562,8.47E-05,-0.0284248,199.0544,162.5432,39711.96,310901.9,6958.199,12647.24,99.04626,99.04626,59.66036,78.54546,10.00014,20.00013,13798.08,12647.24
0.9529479,-0.9529247,78.54707,-0.04809147,12647.25,12.25,10.00045,7264.255,1683.46,0,0.9529412,0.9529247,1.65E-05,-0.02842669,199.0544,162.5511,39661.27,310821.8,6958.206,12647.25,99.04626,99.04626,59.66036,78.54546,10.00014,20.00013,13798.08,12647.25
0.95294,-0.9529274,78.54707,-0.04973887,12647.26,12.25,10.00045,7264.26,1683.459,0,0.9529411,0.9529274,1.36E-05,-0.0284281,199.0544,162.5534,39719.91,310896.4,6958.211,12647.26,99.04626,99.04626,59.66036,78.54546,10.00014,20.00013,13798.08,12647.26
0.952938,-0.9529249,78.54707,-0.045644,12647.28,12.25,10.00045,7264.265,1683.46,0,0.9529408,0.9529249,1.59E-05,-0.02842988,199.0544,162.5444,39731.8,310881.5,6958.221,12647.28,99.04626,99.04626,59.66036,78.54546,10.00014,20.00013,13798.08,12647.28
0.9529569,-0.9529278,78.54707,-0.0474855,12647.29,12.25,10.00045,7264.272,1683.46,0,0.9529412,0.9529278,1.35E-05,-0.02843154,199.0544,162.5436,39676.9,310937.7,6958.227,12647.29,99.04626,99.04626,59.66036,78.54546,10.00014,20.00013,13798.08,12647.29
0.9529535,-0.9529355,78.54707,-0.04947513,12647.3,12.25,10.00045,7264.277,1683.458,0,0.9529412,0.9529355,5.79E-06,-0.02843298,199.0544,162.5497,39768.21,310847.8,6958.236,12647.3,99.04626,99.04626,59.66036,78.54546,10.00014,20.00013,13798.08,12647.3
0.952933,-0.9529306,78.54707,-0.0457833,12647.32,12.25,10.00045,7264.285,1683.458,0,0.9529408,0.9529306,1.03E-05,-0.02843412,199.0544,162.5466,39657.45,310823.7,6958.242,12647.32,99.04626,99.04626,59.66036,78.54546,10.00014,20.00013,13798.08,12647.32
0.9529414,-0.9528644,78.54707,-0.0477646,12647.33,12.25,10.00045,7264.29,1683.458,0,0.9529409,0.9528644,7.65E-05,-0.02843561,199.0543,162.5362,39735.93,310878.7,6958.25,12647.33,99.04626,99.04626,59.66036,78.54546,10.00014,20.00013,13798.08,12647.33
0.9529291,-0.9529243,78.54707,-0.04956547,12647.35,12.25,10.00045,7264.297,1683.458,0,0.9529408,0.9529243,1.66E-05,-0.0284372,199.0543,162.5374,39696.16,310787.7,6958.256,12647.35,99.04626,99.04626,59.66036,78.54546,10.00014,20.00013,13798.08,12647.35
0.9529317,-0.9529206,78.54707,0,12647.36,12.25,10.00045,7264.302,1683.459,0,0.9529408,0.9529206,2.03E-05,-0.02843887,199.0543,162.5284,39668.02,310911.6,6958.262,12647.36,99.04626,99.04626,59.66036,78.54546,10.00014,20.00013,13798.08,12647.36
0.9529544,-0.9529249,78.54707,-0.04718223,12647.37,12.25,10.00045,7264.307,1683.459,0,0.9529412,0.9529249,1.62E-05,-0.02844086,199.0543,162.5246,39742.45,310871.7,6958.272,12647.37,99.04626,99.04626,59.66036,78.54546,10.00014,20.00013,13798.08,12647.37
0.9529526,-0.9528692,78.54707,-0.04930874,12647.39,12.25,10.00045,7264.314,1683.458,0,0.9529412,0.9528692,7.19E-05,-0.02844257,199.0543,162.5319,39734.8,310880.8,6958.281,12647.39,99.04626,99.04626,59.66036,78.54546,10.00014,20.00013,13798.08,12647.39
0.952938,-0.952928,78.54707,-0.04575094,12647.4,12.25,10.00045,7264.319,1683.457,0,0.9529409,0.952928,1.29E-05,-0.02844379,199.0543,162.5318,39789.67,310823.3,6958.287,12647.4,99.04626,99.04626,59.66036,78.54546,10.00014,20.00013,13798.08,12647.4
0.9529531,-0.9528654,78.54707,-0.0470227,12647.41,12.25,10.00045,7264.327,1683.458,0,0.9529411,0.9528654,7.57E-05,-0.02844544,199.0543,162.5213,39709.06,310904.8,6958.296,12647.41,99.04626,99.04626,59.66036,78.54546,10.00014,20.00013,13798.08,12647.41
0.9529507,-0.9529328,78.54707,-0.04885396,12647.43,12.25,10.00045,7264.333,1683.457,0,0.9529412,0.9529328,8.44E-06,-0.02844684,199.0543,162.5283,39664.02,310819.1,6958.303,12647.43,99.04626,99.04626,59.66036,78.54546,10.00014,20.00013,13798.08,12647.43
0.9529378,-0.9529324,78.54707,0,12647.44,12.25,10.00045,7264.338,1683.456,0,0.952941,0.9529324,8.63E-06,-0.02844789,199.0543,162.5256,39678.45,310900.9,6958.308,12647.44,99.04626,99.04626,59.66036,78.54546,10.00014,20.00013,13798.08,12647.44
0.9529406,-0.9529287,78.54707,-0.04731763,12647.45,12.25,10.00045,7264.344,1683.456,0,0.9529409,0.9529287,1.23E-05,-0.02844947,199.0543,162.515,39765.12,310848.8,6958.317,12647.45,99.04626,99.04626,59.66036,78.54546,10.00014,20.00013,13798.08,12647.45
0.952933,-0.952925,78.54707,0,12647.47,12.25,10.00045,7264.351,1683.456,0,0.9529409,0.952925,1.59E-05,-0.02845099,199.0543,162.5123,39686.42,310892.9,6958.323,12647.47,99.04626,99.04626,59.66036,78.54546,10.00014,20.00013,13798.08,12647.47
0.9529431,-0.9529249,78.54707,-0.04706379,12647.48,12.25,10.00045,7264.356,1683.457,0,0.9529409,0.9529249,1.61E-05,-0.02845277,199.0543,162.5059,39749.02,310853.2,6958.332,12647.48,99.04626,99.04626,59.66036,78.54546,10.00014,20.00013,13798.08,12647.48
0.9529514,-0.9529253,78.54707,-0.04655697,12647.5,12.25,10.00045,7264.363,1683.457,0,0.9529411,0.9529253,1.59E-05,-0.02845441,199.0543,162.5047,39635.49,310845.7,6958.338,12647.5,99.04626,99.04626,59.66036,78.54546,10.00014,20.00013,13798.08,12647.5
0.952959,-0.9528708,78.54707,-0.0485499,12647.51,12.25,10.00045,7264.368,1683.455,0,0.9529413,0.9528708,7.05E-05,-0.02845592,199.0543,162.5094,39719.74,310894.9,6958.348,12647.51,99.04626,99.04626,59.66036,78.54546,10.00014,20.00013,13798.08,12647.51
0.9529421,-0.952935,78.54707,-0.05035483,12647.52,12.25,10.00045,7264.375,1683.454,0,0.9529411,0.952935,6.09E-06,-0.02845708,199.0543,162.5143,39685.8,310798.1,6958.354,12647.52,99.04626,99.04626,59.66036,78.54546,10.00014,20.00013,13798.08,12647.52
0.9529319,-0.9529276,78.54707,-0.0457744,12647.54,12.25,10.00045,7264.38,1683.454,0,0.9529407,0.9529276,1.31E-05,-0.02845815,199.0543,162.5029,39635.95,310844.6,6958.36,12647.54,99.04626,99.04626,59.66036,78.54546,10.00014,20.00013,13798.08,12647.54
0.9529538,-0.95293,78.54707,-0.04793093,12647.55,12.25,10.00045,7264.385,1683.454,0,0.9529412,0.95293,1.11E-05,-0.02845989,199.0543,162.4976,39749.56,310864.5,6958.369,12647.55,99.04626,99.04626,59.66036,78.54546,10.00014,20.00013,13798.08,12647.55
0.952945,-0.9529319,78.54707,-0.04973117,12647.56,12.25,10.00045,7264.393,1683.453,0,0.9529411,0.9529319,9.17E-06,-0.02846121,199.0543,162.5008,39711.33,310904,6958.375,12647.56,99.04626,99.04626,59.66036,78.54546,10.00014,20.00013,13798.08,12647.56
0.9529375,-0.952928,78.54707,-0.04562884,12647.57,12.25,10.00045,7264.398,1683.453,0,0.9529408,0.952928,1.28E-05,-0.02846267,199.0543,162.4924,39735.49,310876.8,6958.384,12647.57,99.04626,99.04626,59.66036,78.54546,10.00014,20.00013,13798.08,12647.57
0.952951,-0.9529278,78.54707,-0.0473215,12647.59,12.25,10.00045,7264.405,1683.453,0,0.9529412,0.9529278,1.34E-05,-0.02846409,199.0543,162.4911,39645.87,310835.6,6958.39,12647.59,99.04626,99.04626,59.66036,78.54546,10.00015,20.00013,13798.08,12647.59
0.9529501,-0.9528699,78.54707,-0.04929671,12647.6,12.25,10.00045,7264.41,1683.452,0,0.9529411,0.9528699,7.12E-05,-0.02846552,199.0543,162.4929,39735.67,310879.3,6958.399,12647.6,99.04626,99.04626,59.66036,78.54546,10.00015,20.00013,13798.08,12647.6
0.9529382,-0.9529291,78.54707,-0.04575739,12647.61,12.25,10.00045,7264.415,1683.452,0,0.9529409,0.9529291,1.18E-05,-0.02846681,199.0543,162.4896,39778.25,310834.1,6958.405,12647.61,99.04626,99.04626,59.66036,78.54546,10.00015,20.00013,13798.08,12647.61
0.9529384,-0.9529259,78.54707,-0.04759853,12647.63,12.25,10.00045,7264.422,1683.452,0,0.9529409,0.9529259,1.50E-05,-0.02846825,199.0543,162.483,39702.34,310911.3,6958.41,12647.63,99.04626,99.04626,59.66036,78.54546,10.00015,20.00013,13798.08,12647.63
0.9529337,-0.9528613,78.54707,-0.04539182,12647.64,12.25,10.00045,7264.427,1683.453,0,0.9529408,0.9528613,7.95E-05,-0.02846979,199.0543,162.4802,39719.38,310892.6,6958.419,12647.64,99.04626,99.04626,59.66036,78.54546,10.00015,20.00013,13798.08,12647.64
0.9529363,-0.9529231,78.54707,0,12647.66,12.25,10.00045,7264.435,1683.453,0,0.9529409,0.9529231,1.78E-05,-0.02847178,199.0543,162.4785,39663.89,310914.8,6958.425,12647.66,99.04626,99.04626,59.66036,78.54546,10.00015,20.00013,13798.08,12647.66
0.9529561,-0.9528635,78.54707,-0.04701034,12647.67,12.25,10.00045,7264.439,1683.453,0,0.9529412,0.9528635,7.76E-05,-0.02847345,199.0543,162.4757,39703.8,310909.3,6958.435,12647.67,99.04626,99.04626,59.66036,78.54546,10.00015,20.00013,13798.08,12647.67
0.9529542,-0.9529337,78.54707,-0.04898583,12647.68,12.25,10.00045,7264.447,1683.451,0,0.9529413,0.9529337,7.55E-06,-0.02847499,199.0543,162.4845,39694.57,310919.9,6958.441,12647.68,99.04626,99.04626,59.66036,78.54546,10.00015,20.00013,13798.08,12647.68
0.9529395,-0.952871,78.54707,-0.05072675,12647.7,12.25,10.00045,7264.452,1683.451,0,0.952941,0.952871,7.00E-05,-0.02847611,199.0543,162.4848,39747.16,310856.2,6958.45,12647.7,99.04626,99.04626,59.66036,78.54546,10.00015,20.00013,13798.08,12647.7
0.9529423,-0.9529251,78.54707,-0.0465385,12647.71,12.25,10.00045,7264.459,1683.451,0,0.9529409,0.9529251,1.59E-05,-0.02847761,199.0543,162.4723,39638.98,310841.6,6958.456,12647.71,99.04626,99.04626,59.66036,78.54546,10.00015,20.00013,13798.08,12647.71
0.9529523,-0.9529312,78.54707,-0.04868415,12647.72,12.25,10.00045,7264.464,1683.451,0,0.9529412,0.9529312,9.95E-06,-0.02847936,199.0543,162.4746,39758.73,310855.4,6958.465,12647.72,99.04626,99.04626,59.66036,78.54546,10.00015,20.00013,13798.08,12647.72
0.9529365,-0.9529302,78.54707,0,12647.74,12.25,10.00045,7264.471,1683.45,0,0.952941,0.9529302,1.08E-05,-0.02848067,199.0543,162.4764,39689.1,310889.3,6958.471,12647.74,99.04626,99.04626,59.66036,78.54546,10.00015,20.00013,13798.08,12647.74
0.9529444,-0.9528626,78.54707,-0.04623619,12647.75,12.25,10.00045,7264.477,1683.45,0,0.9529409,0.9528626,7.83E-05,-0.02848211,199.0543,162.4644,39704.04,310908.2,6958.48,12647.75,99.04626,99.04626,59.66036,78.54546,10.00015,20.00013,13798.08,12647.75
0.9529538,-0.95293,78.54707,-0.04793108,12647.76,12.25,10.00045,7264.481,1683.45,0,0.9529412,0.95293,1.12E-05,-0.02848357,199.0543,162.4678,39750.29,310863.1,6958.486,12647.76,99.04626,99.04626,59.66036,78.54546,10.00015,20.00013,13798.08,12647.76
0.9529439,-0.9529316,78.54707,-0.04959,12647.78,12.25,10.00045,7264.489,1683.449,0,0.9529411,0.9529316,9.50E-06,-0.02848481,199.0543,162.4736,39675.76,310806.8,6958.493,12647.78,99.04626,99.04626,59.66036,78.54546,10.00015,20.00013,13798.08,12647.78
0.9529353,-0.952928,78.54707,-0.04604123,12647.79,12.25,10.00045,7264.494,1683.449,0,0.9529409,0.952928,1.29E-05,-0.02848607,199.0543,162.4661,39691.14,310920.8,6958.498,12647.79,99.04626,99.04626,59.66036,78.54546,10.00015,20.00013,13798.08,12647.79
0.9529382,-0.9529262,78.54707,-0.04805994,12647.8,12.25,10.00045,7264.499,1683.449,0,0.9529409,0.9529262,1.47E-05,-0.02848774,199.0543,162.462,39772.23,310841.2,6958.507,12647.8,99.04626,99.04626,59.66036,78.54546,10.00015,20.00013,13798.08,12647.8
0.9529248,-0.9529213,78.54707,0,12647.82,12.25,10.00045,7264.506,1683.45,0,0.9529408,0.9529213,1.94E-05,-0.0284894,199.0543,162.461,39698.61,310879.6,6958.512,12647.82,99.04626,99.04626,59.66036,78.54546,10.00015,20.00013,13798.08,12647.82
0.952929,-0.9528442,78.54707,-0.04541659,12647.83,12.25,10.00045,7264.511,1683.451,0,0.9529406,0.9528442,9.64E-05,-0.02849134,199.0543,162.4533,39703.68,310907.7,6958.522,12647.83,99.04626,99.04626,59.66036,78.54546,10.00015,20.00013,13798.08,12647.83
0.9529477,-0.9529201,78.54707,-0.04730882,12647.85,12.25,10.00045,7264.518,1683.452,0,0.9529411,0.9529201,2.10E-05,-0.02849344,199.0543,162.4572,39647.43,310833.3,6958.528,12647.85,99.04626,99.04626,59.66036,78.54546,10.00015,20.00013,13798.08,12647.85
0.9529425,-0.9529275,78.54707,-0.04958338,12647.86,12.25,10.00045,7264.525,1683.451,0,0.9529411,0.9529275,1.37E-05,-0.02849554,199.0543,162.4674,39677.57,310804.8,6958.538,12647.86,99.04626,99.04626,59.66036,78.54546,10.00015,20.00013,13798.08,12647.86
0.9529345,-0.952852,78.54707,-0.0463166,12647.87,12.25,10.00045,7264.531,1683.451,0,0.9529408,0.952852,8.88E-05,-0.02849722,199.0543,162.4615,39727.82,310884.1,6958.546,12647.87,99.04626,99.04626,59.66036,78.54546,10.00015,20.00013,13798.08,12647.87
0.9529332,-0.952922,78.54707,-0.0481398,12647.89,12.25,10.00045,7264.538,1683.451,0,0.9529409,0.952922,1.89E-05,-0.02849898,199.0543,162.4619,39677.73,310803.4,6958.552,12647.89,99.04626,99.04626,59.66036,78.54546,10.00015,20.00013,13798.08,12647.89
0.9529375,-0.9529206,78.54707,-0.04635115,12647.9,12.25,10.00045,7264.542,1683.452,0,0.9529408,0.9529206,2.02E-05,-0.02850108,199.0543,162.4567,39757.17,310854.7,6958.561,12647.9,99.04626,99.04626,59.66036,78.54546,10.00015,20.00013,13798.08,12647.9
0.9529355,-0.9529198,78.54707,-0.04811719,12647.92,12.25,10.00045,7264.55,1683.452,0,0.952941,0.9529198,2.11E-05,-0.02850284,199.0543,162.4632,39673.75,310785.3,6958.567,12647.92,99.04626,99.04626,59.66036,78.54546,10.00015,20.00013,13798.08,12647.92
0.9529506,-0.952925,78.54707,-0.04715532,12647.93,12.25,10.00045,7264.555,1683.452,0,0.9529411,0.952925,1.61E-05,-0.02850492,199.0543,162.4586,39748.11,310864.3,6958.577,12647.93,99.04626,99.04626,59.66036,78.54546,10.00015,20.00013,13798.08,12647.93
0.9529477,-0.952928,78.54707,-0.04936422,12647.94,12.25,10.00045,7264.563,1683.452,0,0.9529411,0.952928,1.30E-05,-0.02850676,199.0543,162.4653,39759.66,310854.3,6958.586,12647.94,99.04626,99.04626,59.66036,78.54546,10.00015,20.00013,13798.08,12647.94
0.9529419,-0.9529272,78.54707,-0.04662361,12647.96,12.25,10.00045,7264.57,1683.451,0,0.9529411,0.9529272,1.38E-05,-0.02850829,199.0543,162.4653,39654.6,310803.2,6958.592,12647.96,99.04626,99.04626,59.66036,78.54546,10.00015,20.00014,13798.08,12647.96
0.9529422,-0.9528652,78.54707,-0.04862394,12647.97,12.25,10.00045,7264.575,1683.451,0,0.9529409,0.9528652,7.57E-05,-0.02850985,199.0543,162.4621,39739.5,310873.8,6958.601,12647.97,99.04626,99.04626,59.66036,78.54546,10.00015,20.00014,13798.08,12647.97
0.9529313,-0.9529238,78.54707,-0.04573167,12647.99,12.25,10.00045,7264.583,1683.451,0,0.9529408,0.9529238,1.69E-05,-0.02851142,199.0543,162.4609,39659.41,310819.7,6958.607,12647.99,99.04626,99.04626,59.66036,78.54546,10.00015,20.00014,13798.08,12647.99
0.9529321,-0.9529223,78.54707,0,12648,12.25,10.00045,7264.587,1683.452,0,0.9529409,0.9529223,1.86E-05,-0.02851306,199.0543,162.4572,39669.13,310908.5,6958.612,12648,99.04626,99.04626,59.66036,78.54546,10.00015,20.00014,13798.08,12648
0.9529523,-0.9529253,78.54707,-0.047159,12648.01,12.25,10.00045,7264.592,1683.452,0,0.9529411,0.9529253,1.58E-05,-0.02851498,199.0543,162.4546,39743.52,310868.6,6958.622,12648.01,99.04626,99.04626,59.66036,78.54546,10.00015,20.00014,13798.08,12648.01
0.9529495,-0.9529302,78.54707,-0.0489799,12648.03,12.25,10.00045,7264.6,1683.451,0,0.9529412,0.9529302,1.10E-05,-0.0285165,199.0543,162.4622,39699.91,310913.5,6958.628,12648.03,99.04626,99.04626,59.66036,78.54546,10.00015,20.00014,13798.08,12648.03
0.9529361,-0.9529282,78.54707,-0.04568539,12648.04,12.25,10.00045,7264.604,1683.451,0,0.9529409,0.9529282,1.27E-05,-0.02851805,199.0543,162.461,39779.64,310831.3,6958.637,12648.04,99.04626,99.04626,59.66036,78.54546,10.00015,20.00014,13798.08,12648.04
0.9529367,-0.9529243,78.54707,-0.04752572,12648.06,12.25,10.00045,7264.612,1683.451,0,0.9529409,0.9529243,1.67E-05,-0.02851957,199.0543,162.4537,39703.28,310908.9,6958.643,12648.06,99.04626,99.04626,59.66036,78.54546,10.00015,20.00014,13798.08,12648.06
0.9529322,-0.9529212,78.54707,-0.04573171,12648.07,12.25,10.00045,7264.619,1683.452,0,0.9529408,0.9529212,1.96E-05,-0.02852155,199.0543,162.4522,39654.75,310824.1,6958.652,12648.07,99.04626,99.04626,59.66036,78.54546,10.00015,20.00014,13798.08,12648.07
0.9529432,-0.9528579,78.54707,-0.04765247,12648.08,12.25,10.00045,7264.624,1683.452,0,0.9529409,0.9528579,8.31E-05,-0.02852333,199.0543,162.4489,39721.38,310890.8,6958.661,12648.08,99.04626,99.04626,59.66036,78.54546,10.00015,20.00014,13798.08,12648.08
0.9529461,-0.9529231,78.54707,-0.04653457,12648.1,12.25,10.00045,7264.632,1683.452,0,0.9529411,0.9529231,1.80E-05,-0.02852529,199.0543,162.4493,39643.97,310835.4,6958.667,12648.1,99.04626,99.04626,59.66036,78.54546,10.00015,20.00014,13798.08,12648.1
0.9529513,-0.9528665,78.54707,-0.04851926,12648.11,12.25,10.00045,7264.636,1683.452,0,0.9529411,0.9528665,7.46E-05,-0.02852695,199.0542,162.4528,39728.11,310884.7,6958.677,12648.11,99.04626,99.04626,59.66036,78.54546,10.00015,20.00014,13798.08,12648.11
0.9529358,-0.9529294,78.54707,0,12648.13,12.25,10.00045,7264.644,1683.451,0,0.952941,0.9529294,1.15E-05,-0.02852839,199.0542,162.4564,39680.11,310897.1,6958.682,12648.13,99.04626,99.04626,59.66036,78.54546,10.00015,20.00014,13798.08,12648.13
0.9529381,-0.9528628,78.54707,-0.04713915,12648.14,12.25,10.00045,7264.648,1683.451,0,0.9529408,0.9528628,7.81E-05,-0.02852996,199.0542,162.4485,39732.14,310879.5,6958.691,12648.14,99.04626,99.04626,59.66036,78.54546,10.00015,20.00014,13798.08,12648.14
0.9529303,-0.9529224,78.54707,0,12648.16,12.25,10.00045,7264.656,1683.452,0,0.9529408,0.9529224,1.84E-05,-0.02853179,199.0542,162.4489,39688.04,310889.1,6958.697,12648.16,99.04626,99.04626,59.66036,78.54546,10.00015,20.00014,13798.08,12648.16
0.9529405,-0.9529222,78.54707,-0.04704376,12648.17,12.25,10.00045,7264.661,1683.452,0,0.9529409,0.9529222,1.87E-05,-0.02853371,199.0542,162.4438,39750.62,310849.4,6958.706,12648.17,99.04626,99.04626,59.66036,78.54546,10.00015,20.00014,13798.08,12648.17
0.9529517,-0.9529233,78.54707,-0.0466844,12648.18,12.25,10.00045,7264.668,1683.453,0,0.9529411,0.9529233,1.78E-05,-0.02853563,199.0542,162.4435,39671.27,310939.9,6958.712,12648.18,99.04626,99.04626,59.66036,78.54546,10.00015,20.00014,13798.08,12648.18
0.9529555,-0.9529324,78.54707,-0.04868563,12648.19,12.25,10.00045,7264.673,1683.451,0,0.9529412,0.9529324,8.92E-06,-0.0285373,199.0542,162.4522,39756.93,310855.7,6958.722,12648.19,99.04626,99.04626,59.66036,78.54546,10.00015,20.00014,13798.08,12648.19
0.9529414,-0.9529333,78.54707,-0.05033408,12648.21,12.25,10.00045,7264.68,1683.45,0,0.9529411,0.9529333,7.86E-06,-0.02853844,199.0542,162.4577,39687.4,310794.4,6958.728,12648.21,99.04626,99.04626,59.66036,78.54546,10.00015,20.00014,13798.08,12648.21
0.9529395,-0.9529288,78.54707,-0.04689318,12648.22,12.25,10.00045,7264.686,1683.45,0,0.9529409,0.9529288,1.21E-05,-0.02853966,199.0542,162.4473,39693.57,310917.7,6958.733,12648.22,99.04626,99.04626,59.66036,78.54546,10.00015,20.00014,13798.08,12648.22
0.9529335,-0.9529261,78.54707,-0.04889841,12648.24,12.25,10.00045,7264.693,1683.451,0,0.9529409,0.9529261,1.48E-05,-0.02854137,199.0542,162.4469,39683.55,310797.1,6958.743,12648.24,99.04626,99.04626,59.66036,78.54546,10.00015,20.00014,13798.08,12648.24
0.9529319,-0.9528582,78.54707,-0.04618242,12648.25,12.25,10.00045,7264.698,1683.451,0,0.9529407,0.9528582,8.25E-05,-0.02854309,199.0542,162.4376,39731.29,310879.3,6958.751,12648.25,99.04626,99.04626,59.66036,78.54546,10.00015,20.00014,13798.08,12648.25
0.9529353,-0.95292,78.54707,-0.04560917,12648.26,12.25,10.00045,7264.703,1683.452,0,0.9529408,0.95292,2.08E-05,-0.0285449,199.0542,162.4354,39740.3,310869.9,6958.757,12648.26,99.04626,99.04626,59.66036,78.54546,10.00015,20.00014,13798.08,12648.26
0.9529506,-0.9529253,78.54707,-0.0479131,12648.28,12.25,10.00045,7264.71,1683.452,0,0.9529411,0.9529253,1.58E-05,-0.02854724,199.0542,162.4388,39755.34,310856.5,6958.767,12648.28,99.04626,99.04626,59.66036,78.54546,10.00015,20.00014,13798.08,12648.28
0.95294,-0.9529275,78.54707,-0.04970796,12648.29,12.25,10.00045,7264.717,1683.451,0,0.9529411,0.9529275,1.36E-05,-0.02854881,199.0542,162.4449,39717.11,310896,6958.772,12648.29,99.04626,99.04626,59.66036,78.54546,10.00015,20.00014,13798.08,12648.29
0.952938,-0.9529249,78.54707,-0.04561409,12648.3,12.25,10.00045,7264.723,1683.452,0,0.9529408,0.9529249,1.59E-05,-0.02855058,199.0542,162.4373,39729,310881,6958.782,12648.3,99.04626,99.04626,59.66036,78.54546,10.00015,20.00014,13798.08,12648.3
0.9529568,-0.9529278,78.54707,-0.04745569,12648.32,12.25,10.00045,7264.729,1683.452,0,0.9529412,0.9529278,1.34E-05,-0.02855224,199.0542,162.4378,39674.14,310937.2,6958.788,12648.32,99.04626,99.04626,59.66036,78.54546,10.00015,20.00014,13798.08,12648.32
0.9529495,-0.9529344,78.54707,-0.04959046,12648.34,12.25,10.00045,7264.737,1683.45,0,0.9529412,0.9529344,6.84E-06,-0.02855378,199.0542,162.4475,39669.66,310811.2,6958.797,12648.34,99.04626,99.04626,59.66036,78.54546,10.00015,20.00014,13798.08,12648.34
0.9529355,-0.9529296,78.54707,-0.04589933,12648.35,12.25,10.00045,7264.742,1683.45,0,0.9529408,0.9529296,1.12E-05,-0.02855491,199.0542,162.4399,39688.29,310921.8,6958.803,12648.35,99.04626,99.04626,59.66036,78.54546,10.00015,20.00014,13798.08,12648.35
0.9529378,-0.9529265,78.54707,-0.04803849,12648.37,12.25,10.00045,7264.75,1683.45,0,0.952941,0.9529265,1.45E-05,-0.0285566,199.0542,162.4372,39671.31,310808.3,6958.812,12648.37,99.04626,99.04626,59.66036,78.54546,10.00015,20.00014,13798.08,12648.37
0.9529287,-0.9529237,78.54707,0,12648.38,12.25,10.00045,7264.754,1683.45,0,0.9529408,0.9529237,1.71E-05,-0.02855803,199.0542,162.4349,39693.42,310883,6958.817,12648.38,99.04626,99.04626,59.66036,78.54546,10.00015,20.00014,13798.08,12648.38
0.9529373,-0.9529216,78.54707,-0.04560931,12648.39,12.25,10.00045,7264.759,1683.451,0,0.9529408,0.9529216,1.91E-05,-0.02856003,199.0542,162.4266,39731.87,310877.9,6958.827,12648.39,99.04626,99.04626,59.66036,78.54546,10.00015,20.00014,13798.08,12648.39
0.9529566,-0.9528641,78.54707,-0.0477625,12648.4,12.25,10.00045,7264.767,1683.451,0,0.9529412,0.9528641,7.72E-05,-0.02856207,199.0542,162.4292,39711.92,310899.4,6958.836,12648.4,99.04626,99.04626,59.66036,78.54546,10.00015,20.00014,13798.08,12648.4
0.952947,-0.952932,78.54707,-0.04958149,12648.42,12.25,10.00045,7264.774,1683.45,0,0.9529412,0.952932,9.17E-06,-0.02856352,199.0542,162.4395,39672.47,310808.1,6958.843,12648.42,99.04626,99.04626,59.66036,78.54546,10.00015,20.00014,13798.08,12648.42
0.9529367,-0.9528552,78.54707,-0.04541227,12648.43,12.25,10.00045,7264.779,1683.449,0,0.9529408,0.9528552,8.56E-05,-0.02856488,199.0542,162.4329,39699.65,310909.8,6958.852,12648.43,99.04626,99.04626,59.66036,78.54546,10.00015,20.00014,13798.08,12648.43
0.9529521,-0.9529287,78.54707,-0.04730478,12648.45,12.25,10.00045,7264.786,1683.449,0,0.9529412,0.9529287,1.25E-05,-0.02856643,199.0542,162.4317,39643.43,310835.4,6958.858,12648.45,99.04626,99.04626,59.66036,78.54546,10.00015,20.00014,13798.08,12648.45
0.9529496,-0.9529346,78.54707,-0.04943522,12648.46,12.25,10.00045,7264.791,1683.448,0,0.9529412,0.9529346,6.57E-06,-0.02856794,199.0542,162.4354,39769.35,310843,6958.867,12648.46,99.04626,99.04626,59.66036,78.54546,10.00015,20.00014,13798.08,12648.46
0.9529369,-0.9529297,78.54707,-0.04603121,12648.48,12.25,10.00045,7264.799,1683.448,0,0.9529409,0.9529297,1.12E-05,-0.02856922,199.0542,162.4298,39688.99,310920.8,6958.872,12648.48,99.04626,99.04626,59.66036,78.54546,10.00015,20.00014,13798.08,12648.48
0.9529397,-0.9529278,78.54707,-0.04804956,12648.49,12.25,10.00045,7264.803,1683.448,0,0.9529409,0.9529278,1.31E-05,-0.0285708,199.0542,162.4246,39770.06,310841.2,6958.881,12648.49,99.04626,99.04626,59.66036,78.54546,10.00015,20.00014,13798.08,12648.49
0.9529395,-0.952861,78.54707,-0.04618272,12648.5,12.25,10.00045,7264.811,1683.448,0,0.9529408,0.952861,7.99E-05,-0.0285726,199.0542,162.4182,39719.03,310890.8,6958.89,12648.5,99.04626,99.04626,59.66036,78.54546,10.00015,20.00014,13798.08,12648.5
0.9529423,-0.9529238,78.54707,-0.04575921,12648.52,12.25,10.00045,7264.818,1683.449,0,0.9529409,0.9529238,1.71E-05,-0.02857443,199.0542,162.4194,39629.5,310848,6958.896,12648.52,99.04626,99.04626,59.66036,78.54546,10.00015,20.00014,13798.08,12648.52
0.9529597,-0.9528678,78.54707,-0.04776258,12648.53,12.25,10.00045,7264.823,1683.448,0,0.9529412,0.9528678,7.34E-05,-0.02857609,199.0542,162.422,39708.09,310902.8,6958.906,12648.53,99.04626,99.04626,59.66036,78.54546,10.00015,20.00014,13798.08,12648.53
0.9529493,-0.9529354,78.54707,-0.0497244,12648.55,12.25,10.00045,7264.831,1683.446,0,0.9529412,0.9529354,5.81E-06,-0.02857742,199.0542,162.4288,39705.03,310907.3,6958.912,12648.55,99.04626,99.04626,59.66036,78.54546,10.00015,20.00014,13798.08,12648.55
0.9529287,-0.9528574,78.54707,-0.04540001,12648.56,12.25,10.00045,7264.835,1683.446,0,0.9529407,0.9528574,8.33E-05,-0.0285786,199.0542,162.423,39698.51,310910.6,6958.921,12648.56,99.04626,99.04626,59.66036,78.54546,10.00015,20.00014,13798.08,12648.56
0.9529493,-0.9529271,78.54707,-0.04728865,12648.58,12.25,10.00045,7264.843,1683.447,0,0.9529411,0.9529271,1.40E-05,-0.02858013,199.0542,162.4163,39642.18,310836.3,6958.927,12648.58,99.04626,99.04626,59.66036,78.54546,10.00015,20.00014,13798.08,12648.58
0.9529505,-0.9528694,78.54707,-0.04926467,12648.59,12.25,10.00045,7264.848,1683.446,0,0.9529411,0.9528694,7.18E-05,-0.0285816,199.0542,162.4188,39731.86,310880,6958.936,12648.59,99.04626,99.04626,59.66036,78.54546,10.00015,20.00014,13798.08,12648.59
0.9529365,-0.9529273,78.54707,-0.04571929,12648.6,12.25,10.00045,7264.853,1683.445,0,0.9529409,0.9529273,1.37E-05,-0.02858283,199.0542,162.4185,39786.64,310822.6,6958.942,12648.6,99.04626,99.04626,59.66036,78.54546,10.00015,20.00014,13798.08,12648.6
0.9529492,-0.9529262,78.54707,-0.04667647,12648.61,12.25,10.00045,7264.86,1683.446,0,0.9529411,0.9529262,1.49E-05,-0.02858431,199.0542,162.4091,39671.73,310938.1,6958.948,12648.61,99.04626,99.04626,59.66036,78.54546,10.00015,20.00014,13798.08,12648.61
0.9529495,-0.9529317,78.54707,-0.04882183,12648.63,12.25,10.00045,7264.867,1683.445,0,0.9529412,0.9529317,9.53E-06,-0.02858599,199.0542,162.4171,39661.09,310818.3,6958.958,12648.63,99.04626,99.04626,59.66036,78.54546,10.00015,20.00014,13798.08,12648.63
0.9529384,-0.9528682,78.54707,-0.04538625,12648.64,12.25,10.00045,7264.872,1683.444,0,0.9529409,0.9528682,7.28E-05,-0.02858729,199.0542,162.4134,39708.72,310900.1,6958.966,12648.64,99.04626,99.04626,59.66036,78.54546,10.00015,20.00014,13798.08,12648.64
0.9529371,-0.9529261,78.54707,-0.0474342,12648.66,12.25,10.00045,7264.88,1683.444,0,0.9529409,0.9529261,1.49E-05,-0.02858887,199.0542,162.4094,39664.84,310813.4,6958.972,12648.66,99.04626,99.04626,59.66036,78.54546,10.00015,20.00014,13798.08,12648.66
0.9529345,-0.9529243,78.54707,-0.0455678,12648.67,12.25,10.00045,7264.884,1683.445,0,0.9529408,0.9529243,1.65E-05,-0.02859071,199.0542,162.405,39750.01,310858.8,6958.981,12648.67,99.04626,99.04626,59.66036,78.54546,10.00015,20.00014,13798.08,12648.67
0.9529355,-0.9529227,78.54707,-0.04734051,12648.69,12.25,10.00045,7264.892,1683.445,0,0.952941,0.9529227,1.83E-05,-0.0285924,199.0542,162.407,39661.22,310794.9,6958.987,12648.69,99.04626,99.04626,59.66036,78.54546,10.00015,20.00014,13798.08,12648.69
0.9529552,-0.9529275,78.54707,-0.04729904,12648.7,12.25,10.00045,7264.899,1683.445,0,0.9529412,0.9529275,1.38E-05,-0.02859451,199.0542,162.4075,39638.21,310839.8,6958.997,12648.7,99.04626,99.04626,59.66036,78.54546,10.00015,20.00014,13798.08,12648.7
0.9529541,-0.9529337,78.54707,-0.04896756,12648.71,12.25,10.00045,7264.904,1683.444,0,0.9529413,0.9529337,7.60E-06,-0.02859574,199.0542,162.4126,39691.95,310919.3,6959.002,12648.71,99.04626,99.04626,59.66036,78.54546,10.00015,20.00014,13798.08,12648.71
0.9529321,-0.9529322,78.54707,-0.05102032,12648.72,12.25,10.00045,7264.909,1683.443,0,0.9529409,0.9529322,8.79E-06,-0.02859707,199.0542,162.4151,39819.05,310793.6,6959.011,12648.72,99.04626,99.04626,59.66036,78.54546,10.00015,20.00014,13798.08,12648.72
0.9529487,-0.9528632,78.54707,-0.04697872,12648.74,12.25,10.00045,7264.917,1683.443,0,0.952941,0.9528632,7.78E-05,-0.02859871,199.0542,162.3994,39704.9,310904.8,6959.02,12648.74,99.04626,99.04626,59.66036,78.54546,10.00015,20.00014,13798.08,12648.74
0.9529493,-0.9529306,78.54707,-0.04895263,12648.76,12.25,10.00045,7264.924,1683.443,0,0.9529412,0.9529306,1.06E-05,-0.02860034,199.0542,162.4061,39695.64,310915.4,6959.026,12648.76,99.04626,99.04626,59.66036,78.54546,10.00015,20.00014,13798.08,12648.76
0.9529357,-0.9529265,78.54707,-0.04571578,12648.77,12.25,10.00045,7264.929,1683.442,0,0.9529409,0.9529265,1.45E-05,-0.02860181,199.0542,162.4062,39786.46,310822.2,6959.035,12648.77,99.04626,99.04626,59.66036,78.54546,10.00015,20.00014,13798.08,12648.77
0.9529484,-0.9529254,78.54707,-0.04667296,12648.79,12.25,10.00045,7264.936,1683.443,0,0.9529411,0.9529254,1.57E-05,-0.02860333,199.0542,162.3973,39671.55,310937.8,6959.041,12648.79,99.04626,99.04626,59.66036,78.54546,10.00015,20.00014,13798.08,12648.79
0.9529521,-0.9529318,78.54707,-0.0486718,12648.8,12.25,10.00045,7264.941,1683.442,0,0.9529412,0.9529318,9.36E-06,-0.02860493,199.0542,162.4034,39757.2,310853.5,6959.051,12648.8,99.04626,99.04626,59.66036,78.54546,10.00015,20.00014,13798.08,12648.8
0.9529359,-0.9529305,78.54707,0,12648.81,12.25,10.00045,7264.948,1683.441,0,0.9529409,0.9529305,1.05E-05,-0.0286062,199.0542,162.4049,39675.35,310899.8,6959.056,12648.81,99.04626,99.04626,59.66036,78.54546,10.00015,20.00014,13798.08,12648.81
0.9529389,-0.9529268,78.54707,-0.04728389,12648.82,12.25,10.00045,7264.954,1683.442,0,0.9529409,0.9529268,1.41E-05,-0.02860788,199.0542,162.3972,39761.95,310847.7,6959.065,12648.82,99.04626,99.04626,59.66036,78.54546,10.00015,20.00014,13798.08,12648.82
0.9529313,-0.9529232,78.54707,0,12648.84,12.25,10.00045,7264.96,1683.442,0,0.9529408,0.9529232,1.76E-05,-0.02860949,199.0542,162.3974,39683.32,310891.7,6959.071,12648.84,99.04626,99.04626,59.66036,78.54546,10.00015,20.00014,13798.08,12648.84
0.9529415,-0.9529231,78.54707,-0.04703148,12648.85,12.25,10.00045,7264.965,1683.443,0,0.9529409,0.9529231,1.78E-05,-0.02861137,199.0542,162.3929,39745.88,310852,6959.08,12648.85,99.04626,99.04626,59.66036,78.54546,10.00015,20.00014,13798.08,12648.85
0.9529527,-0.9529243,78.54707,-0.04667199,12648.87,12.25,10.00045,7264.973,1683.443,0,0.9529412,0.9529243,1.69E-05,-0.02861323,199.0542,162.3932,39666.57,310942.5,6959.086,12648.87,99.04626,99.04626,59.66036,78.54546,10.00015,20.00014,13798.08,12648.87
0.9529566,-0.9529333,78.54707,-0.04867529,12648.88,12.25,10.00045,7264.978,1683.441,0,0.9529413,0.9529333,7.94E-06,-0.02861485,199.0542,162.4025,39752.23,310858.3,6959.096,12648.88,99.04626,99.04626,59.66036,78.54546,10.00015,20.00014,13798.08,12648.88
0.9529387,-0.9528703,78.54707,-0.05070499,12648.9,12.25,10.00045,7264.985,1683.44,0,0.9529409,0.9528703,7.06E-05,-0.0286162,199.0542,162.405,39744.35,310855.2,6959.105,12648.9,99.04626,99.04626,59.66036,78.54546,10.00015,20.00014,13798.08,12648.9
0.9529416,-0.9529244,78.54707,-0.04651611,12648.91,12.25,10.00045,7264.993,1683.441,0,0.9529409,0.9529244,1.66E-05,-0.02861774,199.0542,162.3937,39636.23,310840.6,6959.111,12648.91,99.04626,99.04626,59.66036,78.54546,10.00015,20.00014,13798.08,12648.91
0.9529522,-0.9528666,78.54707,-0.04851173,12648.92,12.25,10.00045,7264.998,1683.441,0,0.9529411,0.9528666,7.46E-05,-0.02861937,199.0542,162.3958,39720.48,310889.7,6959.12,12648.92,99.04626,99.04626,59.66036,78.54546,10.00015,20.00014,13798.08,12648.92
0.9529365,-0.9529299,78.54707,-0.05031315,12648.94,12.25,10.00045,7265.005,1683.44,0,0.952941,0.9529299,1.12E-05,-0.02862078,199.0542,162.4019,39686.52,310793,6959.126,12648.94,99.04626,99.04626,59.66036,78.54546,10.00015,20.00014,13798.08,12648.94
0.9529436,-0.9528618,78.54707,-0.04621473,12648.95,12.25,10.00045,7265.01,1683.44,0,0.9529409,0.9528618,7.91E-05,-0.02862236,199.0542,162.3889,39701.45,310907,6959.135,12648.95,99.04626,99.04626,59.66036,78.54546,10.00015,20.00014,13798.08,12648.95
0.9529504,-0.9529285,78.54707,-0.04805684,12648.97,12.25,10.00045,7265.017,1683.44,0,0.9529412,0.9529285,1.27E-05,-0.02862399,199.0542,162.3957,39650.87,310826.9,6959.141,12648.97,99.04626,99.04626,59.66036,78.54546,10.00015,20.00014,13798.08,12648.97
0.9529402,-0.9529316,78.54707,-0.05016959,12648.98,12.25,10.00045,7265.022,1683.439,0,0.952941,0.9529316,9.39E-06,-0.02862557,199.0542,162.3982,39782.83,310828.4,6959.15,12648.98,99.04626,99.04626,59.66036,78.54546,10.00015,20.00014,13798.08,12648.98
0.9529365,-0.9529255,78.54707,-0.04681185,12649,12.25,10.00045,7265.03,1683.439,0,0.9529409,0.9529255,1.54E-05,-0.02862709,199.0542,162.3903,39692.9,310915.8,6959.156,12649,99.04626,99.04626,59.66036,78.54546,10.00015,20.00014,13798.08,12649
0.9529343,-0.9529245,78.54707,-0.04879054,12649.01,12.25,10.00045,7265.035,1683.44,0,0.9529408,0.9529245,1.63E-05,-0.02862884,199.0542,162.3905,39779.49,310830.7,6959.165,12649.01,99.04626,99.04626,59.66036,78.54546,10.00015,20.00014,13798.08,12649.01
0.9529407,-0.9528588,78.54707,-0.0469377,12649.02,12.25,10.00045,7265.042,1683.44,0,0.9529409,0.9528588,8.20E-05,-0.02863084,199.0542,162.385,39722.95,310885.8,6959.173,12649.02,99.04626,99.04626,59.66036,78.54546,10.00015,20.00014,13798.08,12649.02
0.9529499,-0.9529236,78.54707,-0.0463731,12649.04,12.25,10.00045,7265.047,1683.441,0,0.952941,0.9529236,1.74E-05,-0.02863264,199.0542,162.3854,39730.37,310877.9,6959.18,12649.04,99.04626,99.04626,59.66036,78.54546,10.00015,20.00014,13798.08,12649.04
0.952956,-0.9529302,78.54707,-0.04820341,12649.05,12.25,10.00045,7265.054,1683.44,0,0.9529413,0.9529302,1.11E-05,-0.02863423,199.0541,162.3944,39681.13,310928.5,6959.186,12649.05,99.04626,99.04626,59.66036,78.54546,10.00015,20.00014,13798.08,12649.05
0.95294,-0.9529328,78.54707,-0.05031987,12649.07,12.25,10.00045,7265.062,1683.439,0,0.9529411,0.9529328,8.23E-06,-0.02863571,199.0541,162.4013,39682.7,310796.4,6959.195,12649.07,99.04626,99.04626,59.66036,78.54546,10.00015,20.00014,13798.08,12649.07
0.9529412,-0.952929,78.54707,-0.04721991,12649.08,12.25,10.00045,7265.066,1683.439,0,0.9529409,0.952929,1.19E-05,-0.02863731,199.0541,162.391,39757.7,310851.1,6959.205,12649.08,99.04626,99.04626,59.66036,78.54546,10.00015,20.00014,13798.08,12649.08
0.952934,-0.952926,78.54707,-0.04887665,12649.1,12.25,10.00045,7265.074,1683.439,0,0.9529409,0.952926,1.50E-05,-0.02863869,199.0541,162.3928,39678.67,310799.3,6959.21,12649.1,99.04626,99.04626,59.66036,78.54546,10.00015,20.00014,13798.08,12649.1
0.9529312,-0.9529201,78.54707,-0.04647465,12649.11,12.25,10.00045,7265.081,1683.44,0,0.9529408,0.9529201,2.07E-05,-0.02864078,199.0541,162.3869,39662.29,310813.9,6959.219,12649.11,99.04626,99.04626,59.66036,78.54546,10.00015,20.00014,13798.08,12649.11
0.9529316,-0.9528565,78.54707,-0.04856845,12649.12,12.25,10.00045,7265.086,1683.44,0,0.9529408,0.9528565,8.42E-05,-0.02864286,199.0541,162.3851,39747.67,310862,6959.228,12649.12,99.04626,99.04626,59.66036,78.54546,10.00015,20.00014,13798.08,12649.12
0.9529333,-0.9529166,78.54707,-0.04647765,12649.14,12.25,10.00045,7265.093,1683.441,0,0.9529408,0.9529166,2.43E-05,-0.02864491,199.0541,162.385,39658.27,310817.8,6959.234,12649.14,99.04626,99.04626,59.66036,78.54546,10.00015,20.00014,13798.08,12649.14
0.9529353,-0.95292,78.54707,-0.04860417,12649.15,12.25,10.00045,7265.098,1683.442,0,0.9529409,0.95292,2.08E-05,-0.0286472,199.0541,162.3889,39777.59,310832,6959.243,12649.15,99.04626,99.04626,59.66036,78.54546,10.00015,20.00014,13798.08,12649.15
0.9529381,-0.9529179,78.54707,-0.04575288,12649.17,12.25,10.00045,7265.106,1683.442,0,0.9529408,0.9529179,2.30E-05,-0.02864906,199.0541,162.388,39628.85,310846.7,6959.249,12649.17,99.04626,99.04626,59.66036,78.54546,10.00015,20.00014,13798.08,12649.17
0.9529576,-0.9528633,78.54707,-0.04775551,12649.18,12.25,10.00045,7265.111,1683.442,0,0.9529412,0.9528633,7.79E-05,-0.028651,199.0541,162.392,39707.44,310901.4,6959.258,12649.18,99.04626,99.04626,59.66036,78.54546,10.00015,20.00014,13798.08,12649.18
0.9529482,-0.9529322,78.54707,-0.04957657,12649.19,12.25,10.00045,7265.118,1683.441,0,0.9529412,0.9529322,9.00E-06,-0.02865247,199.0541,162.4042,39668.04,310810.2,6959.265,12649.19,99.04626,99.04626,59.66036,78.54546,10.00015,20.00014,13798.08,12649.19
0.9529415,-0.9528576,78.54707,-0.04636443,12649.21,12.25,10.00045,7265.123,1683.44,0,0.9529409,0.9528576,8.34E-05,-0.02865388,199.0541,162.3984,39717.35,310890.4,6959.274,12649.21,99.04626,99.04626,59.66036,78.54546,10.00015,20.00014,13798.08,12649.21
0.9529393,-0.9529281,78.54707,-0.04819167,12649.22,12.25,10.00045,7265.13,1683.44,0,0.952941,0.9529281,1.29E-05,-0.02865533,199.0541,162.3987,39667.79,310809.3,6959.28,12649.22,99.04626,99.04626,59.66036,78.54546,10.00015,20.00014,13798.08,12649.22
0.9529302,-0.9528621,78.54707,-0.04536595,12649.23,12.25,10.00045,7265.135,1683.441,0,0.9529408,0.9528621,7.86E-05,-0.0286569,199.0541,162.3947,39724.04,310882.9,6959.288,12649.23,99.04626,99.04626,59.66036,78.54546,10.00015,20.00014,13798.08,12649.23
0.9529359,-0.95292,78.54707,-0.04575129,12649.25,12.25,10.00045,7265.143,1683.441,0,0.9529408,0.95292,2.08E-05,-0.0286588,199.0541,162.3886,39630.77,310844.5,6959.294,12649.25,99.04626,99.04626,59.66036,78.54546,10.00015,20.00014,13798.08,12649.25
0.9529555,-0.9528634,78.54707,-0.04775155,12649.26,12.25,10.00045,7265.147,1683.441,0,0.9529412,0.9528634,7.78E-05,-0.02866067,199.0541,162.39,39709.34,310899.3,6959.304,12649.26,99.04626,99.04626,59.66036,78.54546,10.00015,20.00014,13798.08,12649.26
0.9529459,-0.9529313,78.54707,-0.04971107,12649.28,12.25,10.00045,7265.155,1683.44,0,0.9529412,0.9529313,9.79E-06,-0.02866226,199.0541,162.3989,39706.26,310903.7,6959.31,12649.28,99.04626,99.04626,59.66036,78.54546,10.00016,20.00014,13798.08,12649.28
0.9529384,-0.9529293,78.54707,-0.04645894,12649.29,12.25,10.00045,7265.16,1683.44,0,0.9529409,0.9529293,1.16E-05,-0.02866379,199.0541,162.3942,39754.13,310853.4,6959.319,12649.29,99.04626,99.04626,59.66036,78.54546,10.00016,20.00014,13798.08,12649.29
0.9529372,-0.9529254,78.54707,-0.04826646,12649.31,12.25,10.00045,7265.167,1683.44,0,0.9529409,0.9529254,1.56E-05,-0.02866532,199.0541,162.3922,39705.42,310903.4,6959.324,12649.31,99.04626,99.04626,59.66036,78.54546,10.00016,20.00014,13798.08,12649.31
0.9529306,-0.9529231,78.54707,-0.04556048,12649.32,12.25,10.00045,7265.172,1683.441,0,0.9529408,0.9529231,1.77E-05,-0.02866709,199.0541,162.39,39759.34,310847.5,6959.333,12649.32,99.04626,99.04626,59.66036,78.54546,10.00016,20.00014,13798.08,12649.32
0.9529311,-0.9529187,78.54707,0,12649.33,12.25,10.00045,7265.18,1683.442,0,0.9529409,0.9529187,2.21E-05,-0.02866896,199.0541,162.3886,39670.56,310902.9,6959.339,12649.33,99.04626,99.04626,59.66036,78.54546,10.00016,20.00014,13798.08,12649.33
0.9529489,-0.9529228,78.54707,-0.04742867,12649.35,12.25,10.00045,7265.187,1683.442,0,0.9529411,0.9529228,1.84E-05,-0.02867134,199.0541,162.3878,39682.21,310925.9,6959.349,12649.35,99.04626,99.04626,59.66036,78.54546,10.00016,20.00014,13798.08,12649.35
0.9529397,-0.9529273,78.54707,-0.04969401,12649.37,12.25,10.00045,7265.194,1683.441,0,0.952941,0.9529273,1.37E-05,-0.02867333,199.0541,162.3961,39713.94,310895.8,6959.357,12649.37,99.04626,99.04626,59.66036,78.54546,10.00016,20.00014,13798.08,12649.37
0.9529375,-0.9529246,78.54707,-0.0456006,12649.38,12.25,10.00045,7265.199,1683.441,0,0.9529408,0.9529246,1.61E-05,-0.02867512,199.0541,162.3888,39725.83,310880.8,6959.367,12649.38,99.04626,99.04626,59.66036,78.54546,10.00016,20.00014,13798.08,12649.38
0.9529583,-0.9528661,78.54707,-0.04775582,12649.39,12.25,10.00045,7265.207,1683.441,0,0.9529412,0.9528661,7.51E-05,-0.028677,199.0541,162.39,39705.91,310902.3,6959.376,12649.39,99.04626,99.04626,59.66036,78.54546,10.00016,20.00014,13798.08,12649.39
0.952949,-0.952934,78.54707,-0.04957683,12649.41,12.25,10.00045,7265.214,1683.44,0,0.9529412,0.952934,7.19E-06,-0.02867835,199.0541,162.3997,39666.51,310811,6959.383,12649.41,99.04626,99.04626,59.66036,78.54546,10.00016,20.00014,13798.08,12649.41
0.9529376,-0.9528663,78.54707,-0.04619943,12649.42,12.25,10.00045,7265.219,1683.44,0,0.9529408,0.9528663,7.45E-05,-0.02867969,199.0541,162.3906,39718.93,310888,6959.392,12649.42,99.04626,99.04626,59.66036,78.54546,10.00016,20.00014,13798.08,12649.42
0.9529389,-0.9528636,78.54707,-0.04847735,12649.44,12.25,10.00045,7265.226,1683.44,0,0.9529409,0.9528636,7.73E-05,-0.02868155,199.0541,162.3876,39738.86,310869.7,6959.4,12649.44,99.04626,99.04626,59.66036,78.54546,10.00016,20.00014,13798.08,12649.44
0.9529309,-0.952921,78.54707,-0.04585491,12649.45,12.25,10.00045,7265.233,1683.441,0,0.9529408,0.952921,1.98E-05,-0.02868337,199.0541,162.3834,39691.79,310914.8,6959.405,12649.45,99.04626,99.04626,59.66036,78.54546,10.00016,20.00014,13798.08,12649.45
0.9529476,-0.9529216,78.54707,-0.04637139,12649.47,12.25,10.00045,7265.239,1683.441,0,0.952941,0.9529216,1.94E-05,-0.02868547,199.0541,162.3784,39731.5,310875.5,6959.415,12649.47,99.04626,99.04626,59.66036,78.54546,10.00016,20.00014,13798.08,12649.47
0.9529557,-0.9528669,78.54707,-0.04851173,12649.48,12.25,10.00045,7265.246,1683.44,0,0.9529412,0.9528669,7.44E-05,-0.02868738,199.0541,162.3869,39717.74,310890.7,6959.424,12649.48,99.04626,99.04626,59.66036,78.54546,10.00016,20.00014,13798.08,12649.48
0.9529384,-0.9529311,78.54707,0,12649.5,12.25,10.00045,7265.253,1683.439,0,0.952941,0.9529311,9.92E-06,-0.02868883,199.0541,162.3929,39683.81,310889.1,6959.43,12649.5,99.04626,99.04626,59.66036,78.54546,10.00016,20.00014,13798.08,12649.5
0.9529479,-0.9529275,78.54707,-0.04637339,12649.51,12.25,10.00045,7265.258,1683.44,0,0.952941,0.9529275,1.35E-05,-0.02869039,199.0541,162.3828,39732.66,310874.2,6959.439,12649.51,99.04626,99.04626,59.66036,78.54546,10.00016,20.00014,13798.08,12649.51
0.9529545,-0.9528694,78.54707,-0.0485115,12649.53,12.25,10.00045,7265.266,1683.439,0,0.9529412,0.9528694,7.18E-05,-0.02869203,199.0541,162.3875,39718.89,310889.4,6959.449,12649.53,99.04626,99.04626,59.66036,78.54546,10.00016,20.00014,13798.08,12649.53
0.9529374,-0.952932,78.54707,0,12649.54,12.25,10.00045,7265.272,1683.438,0,0.952941,0.952932,9.00E-06,-0.02869336,199.0541,162.3898,39672.66,310900.2,6959.454,12649.54,99.04626,99.04626,59.66036,78.54546,10.00016,20.00014,13798.08,12649.54
0.9529403,-0.9529282,78.54707,-0.04727971,12649.55,12.25,10.00045,7265.278,1683.438,0,0.9529409,0.9529282,1.26E-05,-0.02869496,199.0541,162.3809,39759.25,310848.1,6959.464,12649.55,99.04626,99.04626,59.66036,78.54546,10.00016,20.00014,13798.08,12649.55
0.9529343,-0.952862,78.54707,-0.04536323,12649.57,12.25,10.00045,7265.285,1683.438,0,0.9529408,0.952862,7.88E-05,-0.02869671,199.0541,162.3778,39713.81,310892.1,6959.472,12649.57,99.04626,99.04626,59.66036,78.54546,10.00016,20.00014,13798.08,12649.57
0.9529361,-0.9529234,78.54707,-0.04733282,12649.59,12.25,10.00045,7265.292,1683.439,0,0.952941,0.9529234,1.76E-05,-0.02869854,199.0541,162.3792,39658.36,310795,6959.479,12649.59,99.04626,99.04626,59.66036,78.54546,10.00016,20.00014,13798.08,12649.59
0.9529567,-0.9528642,78.54707,-0.04698182,12649.6,12.25,10.00045,7265.297,1683.439,0,0.9529412,0.9528642,7.70E-05,-0.0287003,199.0541,162.3747,39698.25,310908.8,6959.488,12649.6,99.04626,99.04626,59.66036,78.54546,10.00016,20.00014,13798.08,12649.6
0.9529546,-0.9529343,78.54707,-0.04895968,12649.62,12.25,10.00045,7265.305,1683.437,0,0.9529413,0.9529343,7.01E-06,-0.02870181,199.0541,162.3841,39689.09,310919.3,6959.494,12649.62,99.04626,99.04626,59.66036,78.54546,10.00016,20.00014,13798.08,12649.62
0.9529369,-0.9529355,78.54707,-0.05085491,12649.63,12.25,10.00045,7265.31,1683.436,0,0.9529409,0.9529355,5.53E-06,-0.028703,199.0541,162.385,39778.87,310830.9,6959.503,12649.63,99.04626,99.04626,59.66036,78.54546,10.00016,20.00014,13798.08,12649.63
0.9529461,-0.9529257,78.54707,-0.04665626,12649.64,12.25,10.00045,7265.317,1683.437,0,0.952941,0.9529257,1.53E-05,-0.0287045,199.0541,162.3707,39667.69,310938.9,6959.508,12649.64,99.04626,99.04626,59.66036,78.54546,10.00016,20.00014,13798.08,12649.64
0.9529499,-0.9529311,78.54707,-0.0489444,12649.66,12.25,10.00045,7265.324,1683.436,0,0.9529412,0.9529311,1.01E-05,-0.02870631,199.0541,162.3765,39692.79,310915.4,6959.518,12649.66,99.04626,99.04626,59.66036,78.54546,10.00016,20.00014,13798.08,12649.66
0.9529381,-0.952928,78.54707,-0.04555653,12649.67,12.25,10.00045,7265.329,1683.436,0,0.9529409,0.952928,1.29E-05,-0.02870763,199.0541,162.3755,39750.17,310855.6,6959.527,12649.67,99.04626,99.04626,59.66036,78.54546,10.00016,20.00014,13798.08,12649.67
0.9529515,-0.9528641,78.54707,-0.04697887,12649.69,12.25,10.00045,7265.337,1683.436,0,0.9529411,0.9528641,7.70E-05,-0.02870946,199.0541,162.3668,39703.08,310903.6,6959.536,12649.69,99.04626,99.04626,59.66036,78.54546,10.00016,20.00014,13798.08,12649.69
0.9529492,-0.9529313,78.54707,-0.04880974,12649.7,12.25,10.00045,7265.344,1683.435,0,0.9529412,0.9529313,9.84E-06,-0.02871094,199.0541,162.3753,39658.09,310818,6959.542,12649.7,99.04626,99.04626,59.66036,78.54546,10.00016,20.00014,13798.08,12649.7
0.9529378,-0.9529288,78.54707,-0.04572433,12649.71,12.25,10.00045,7265.349,1683.434,0,0.9529409,0.9529288,1.21E-05,-0.02871252,199.0541,162.3714,39772.48,310833.2,6959.551,12649.71,99.04626,99.04626,59.66036,78.54546,10.00016,20.00014,13798.08,12649.71
0.952938,-0.9529256,78.54707,-0.04756519,12649.73,12.25,10.00045,7265.356,1683.435,0,0.9529409,0.9529256,1.54E-05,-0.02871398,199.0541,162.366,39696.63,310910.4,6959.557,12649.73,99.04626,99.04626,59.66036,78.54546,10.00016,20.00014,13798.08,12649.73
0.9529356,-0.952922,78.54707,-0.04585277,12649.75,12.25,10.00045,7265.364,1683.435,0,0.9529408,0.952922,1.88E-05,-0.02871601,199.0541,162.362,39682,310923.7,6959.565,12649.75,99.04626,99.04626,59.66036,78.54546,10.00016,20.00014,13798.08,12649.75
0.952941,-0.9529241,78.54707,-0.0455903,12649.76,12.25,10.00045,7265.369,1683.436,0,0.9529409,0.9529241,1.67E-05,-0.02871799,199.0541,162.3617,39724.77,310880.7,6959.575,12649.76,99.04626,99.04626,59.66036,78.54546,10.00016,20.00014,13798.08,12649.76
0.9529583,-0.9529288,78.54707,-0.04743547,12649.78,12.25,10.00045,7265.376,1683.435,0,0.9529413,0.9529288,1.25E-05,-0.02871965,199.0541,162.3667,39669.96,310936.8,6959.581,12649.78,99.04626,99.04626,59.66036,78.54546,10.00016,20.00014,13798.08,12649.78
0.9529487,-0.952935,78.54707,-0.04957005,12649.79,12.25,10.00045,7265.383,1683.433,0,0.9529412,0.952935,6.25E-06,-0.02872114,199.0541,162.3771,39665.49,310810.8,6959.591,12649.79,99.04626,99.04626,59.66036,78.54546,10.00016,20.00014,13798.08,12649.79
0.9529381,-0.9529317,78.54707,-0.04595315,12649.8,12.25,10.00045,7265.389,1683.433,0,0.9529409,0.9529317,9.27E-06,-0.02872221,199.0541,162.3706,39681.9,310923.7,6959.596,12649.8,99.04626,99.04626,59.66036,78.54546,10.00016,20.00014,13798.08,12649.8
0.9529414,-0.9529294,78.54707,-0.04797439,12649.81,12.25,10.00045,7265.393,1683.433,0,0.9529409,0.9529294,1.15E-05,-0.0287237,199.0541,162.3652,39762.51,310844.5,6959.605,12649.81,99.04626,99.04626,59.66036,78.54546,10.00016,20.00014,13798.08,12649.81
0.9529284,-0.9529246,78.54707,0,12649.83,12.25,10.00045,7265.4,1683.433,0,0.9529408,0.9529246,1.62E-05,-0.02872519,199.054,162.3645,39688.46,310883.4,6959.611,12649.83,99.04626,99.04626,59.66036,78.54546,10.00016,20.00014,13798.08,12649.83
0.9529361,-0.9529184,78.54707,-0.04718091,12649.84,12.25,10.00045,7265.405,1683.434,0,0.9529409,0.9529184,2.26E-05,-0.0287271,199.054,162.3595,39785.53,310820.8,6959.62,12649.84,99.04626,99.04626,59.66036,78.54546,10.00016,20.00014,13798.08,12649.84
0.9529471,-0.9529211,78.54707,-0.04665654,12649.86,12.25,10.00045,7265.413,1683.435,0,0.9529411,0.9529211,2.00E-05,-0.02872897,199.054,162.3559,39671.71,310934.3,6959.626,12649.86,99.04626,99.04626,59.66036,78.54546,10.00016,20.00014,13798.08,12649.86
0.9529469,-0.9529282,78.54707,-0.0489414,12649.88,12.25,10.00045,7265.42,1683.434,0,0.9529411,0.9529282,1.30E-05,-0.02873103,199.054,162.3658,39696.83,310910.7,6959.635,12649.88,99.04626,99.04626,59.66036,78.54546,10.00016,20.00014,13798.08,12649.88
0.9529351,-0.9529257,78.54707,-0.04572193,12649.89,12.25,10.00045,7265.425,1683.434,0,0.9529409,0.9529257,1.51E-05,-0.02873271,199.054,162.3656,39775.38,310829.8,6959.645,12649.89,99.04626,99.04626,59.66036,78.54546,10.00016,20.00014,13798.08,12649.89
0.9529562,-0.9528642,78.54707,-0.04698165,12649.9,12.25,10.00045,7265.433,1683.434,0,0.9529411,0.9528642,7.70E-05,-0.02873452,199.054,162.3584,39694.89,310911.2,6959.654,12649.9,99.04626,99.04626,59.66036,78.54546,10.00016,20.00014,13798.08,12649.9
0.9529557,-0.9529345,78.54707,-0.04896164,12649.92,12.25,10.00045,7265.44,1683.432,0,0.9529413,0.9529345,6.80E-06,-0.02873602,199.054,162.3683,39685.78,310921.7,6959.66,12649.92,99.04626,99.04626,59.66036,78.54546,10.00016,20.00014,13798.08,12649.92
0.9529339,-0.9529316,78.54707,-0.04573412,12649.94,12.25,10.00045,7265.447,1683.432,0,0.9529408,0.9529316,9.29E-06,-0.0287374,199.054,162.3682,39647.36,310825.7,6959.669,12649.94,99.04626,99.04626,59.66036,78.54546,10.00016,20.00014,13798.08,12649.94
0.9529422,-0.9528654,78.54707,-0.04771736,12649.95,12.25,10.00045,7265.452,1683.432,0,0.9529409,0.9528654,7.55E-05,-0.02873884,199.054,162.3597,39725.78,310880.7,6959.678,12649.95,99.04626,99.04626,59.66036,78.54546,10.00016,20.00014,13798.08,12649.95
0.9529308,-0.9528618,78.54707,-0.04535634,12649.96,12.25,10.00045,7265.459,1683.432,0,0.9529408,0.9528618,7.90E-05,-0.02874073,199.054,162.3586,39719.28,310885.4,6959.687,12649.96,99.04626,99.04626,59.66036,78.54546,10.00016,20.00014,13798.08,12649.96
0.9529384,-0.9529208,78.54707,-0.04574202,12649.98,12.25,10.00045,7265.467,1683.433,0,0.9529409,0.9529208,2.00E-05,-0.02874263,199.054,162.3536,39626.06,310846.9,6959.693,12649.98,99.04626,99.04626,59.66036,78.54546,10.00016,20.00014,13798.08,12649.98
0.9529573,-0.9529292,78.54707,-0.04790292,12649.99,12.25,10.00045,7265.472,1683.432,0,0.9529412,0.9529292,1.21E-05,-0.02874462,199.054,162.3576,39739.66,310866.8,6959.702,12649.99,99.04626,99.04626,59.66036,78.54546,10.00016,20.00014,13798.08,12649.99
0.9529467,-0.9528701,78.54707,-0.05145484,12650.01,12.25,10.00045,8222.501,1683.431,0,0.9529411,0.9528701,7.10E-05,-0.02874613,199.054,167.5524,39740.8,310868.2,6959.711,12650.01,99.04626,99.04626,59.66036,78.54546,10.00016,20.00014,13798.08,12650.01
0.9529365,-0.9529275,78.54707,-0.05048173,12650.02,12.25,10.00045,8222.502,1683.431,0,0.9529409,0.9529275,1.34E-05,-0.02874748,199.054,176.3742,39700.41,310907.8,6959.716,12650.02,99.04626,99.04626,59.66036,78.54546,10.00016,20.00014,13798.08,12650.02
0.9529442,-0.9529237,78.54707,-0.05260074,12650.04,12.25,10.00045,8222.504,1683.431,0,0.952941,0.9529237,1.73E-05,-0.02874938,199.054,184.3836,39638.62,310823.4,6959.639,12650.04,99.04626,99.04626,59.66036,78.54546,10.00016,20.00014,13798.08,12650.04
0.9529477,-0.9535969,78.54603,-0.05676497,12650.05,12.25,10.00031,8222.506,1683.431,0,0.9529411,0.9535969,-0.000655811,-0.0287343,199.054,191.6969,39776.34,310835.5,6959.773,12650.05,99.04626,99.04626,59.66036,78.54546,10.00016,20.00014,13798.08,12650.05
0.9527436,-0.9808558,78.54575,0,12650.07,12.25,10.00027,8222.508,1683.433,0,0.9529387,0.9808558,-0.02791705,-0.02829784,199.0545,197.7831,39635.05,310894,6961.791,12650.07,99.04626,99.04626,59.66036,78.54546,10.00016,20.00014,13798.08,12650.07
0.9520303,-1.039767,78.54502,0,12650.09,12.25,10.00017,8222.509,1683.468,0,0.952926,1.039767,-0.08684064,-0.02543424,199.0573,203.8862,39337.73,311109.5,6965.927,12650.09,99.04626,99.04626,59.66036,78.54546,10.00016,20.00014,13798.08,12650.09
0.9511008,-1.108463,78.54392,0,12650.11,12.25,10.00002,8222.511,1683.578,0,0.9529082,1.108463,-0.1555544,-0.01886392,199.0639,209.5599,38821.23,311532.9,6970.688,12650.11,99.04626,99.04626,59.66036,78.54546,10.00016,20.00014,13798.08,12650.11
0.9500943,-1.176102,78.54253,0,12650.13,12.25,9.999824,8222.513,1683.773,0,0.9528882,1.176102,-0.2232135,-0.008602957,199.0742,214.882,38391.83,311871.1,6975.364,12650.13,99.04626,99.04626,59.66036,78.54546,10.00016,20.00014,13798.08,12650.13
0.9491468,-1.242078,78.54079,0,12650.15,12.25,9.999584,8222.515,1684.068,0,0.9528692,1.242078,-0.2892089,0.005944889,199.0887,219.7473,37850.68,312324.1,6979.886,12650.15,99.04626,99.04626,59.66036,78.54546,10.00016,20.00014,13798.08,12650.15
0.9483821,-1.297071,78.53899,0,12650.17,12.25,9.999335,8222.517,1684.411,0,0.9528536,1.297071,-0.3442172,0.02243701,199.1052,223.737,37435.7,312665.8,6983.648,12650.17,99.04626,99.04626,59.66036,78.54546,10.00016,20.00014,13798.08,12650.17
0.9476768,-1.351098,78.53683,0,12650.19,12.25,9.999039,8222.52,1684.849,0,0.9528391,1.351098,-0.398259,0.04317629,199.126,227.6404,36846.15,313045.9,6987.315,12650.19,99.04626,99.04626,59.66036,78.54546,10.00016,20.00014,13798.08,12650.19
0.9471844,-1.396742,78.53463,0,12650.21,12.25,9.998735,8222.521,1685.314,0,0.9528288,1.396742,-0.4439135,0.0653168,199.1481,230.7341,36419.29,313550.8,6990.396,12650.21,99.04626,99.04626,59.66036,78.54546,10.00016,20.00015,13798.08,12650.21
0.9467754,-1.441721,78.53204,0,12650.23,12.25,9.998377,8222.523,1685.87,0,0.9528202,1.441721,-0.4889013,0.09237903,199.1752,233.6736,35846.26,313923.4,6993.415,12650.23,99.04626,99.04626,59.66036,78.54546,10.00016,20.00015,13798.08,12650.23
0.9465346,-1.482169,78.52911,0,12650.25,12.25,9.997973,8222.525,1686.498,0,0.9528149,1.482169,-0.529354,0.1236927,199.2065,236.3567,35283.07,314432.8,6996.1,12650.25,99.04626,99.04626,59.66036,78.54546,10.00016,20.00015,13798.08,12650.25
0.9463843,-1.518725,78.52618,0,12650.27,12.25,9.997569,8222.527,1687.109,0,0.9528115,1.518725,-0.5659137,0.1555951,199.2384,238.348,34843.83,314968.2,6998.528,12650.27,99.04626,99.04626,59.66036,78.54546,10.00016,20.00015,13798.08,12650.27
0.946332,-1.551105,78.52311,0,12650.29,12.25,9.997146,8222.529,1687.732,0,0.9528102,1.551105,-0.5982949,0.1895569,199.2723,239.9327,34257.39,315513.9,7000.626,12650.29,99.04626,99.04626,59.66036,78.54546,10.00016,20.00015,13798.08,12650.29
0.9463727,-1.579038,78.52002,0,12650.32,12.25,9.996719,8222.532,1688.339,0,0.9528107,1.579038,-0.6262272,0.2242311,199.307,241.1553,33684.29,315905.4,7002.443,12650.32,99.04626,99.04626,59.66036,78.54546,10.00016,20.00015,13798.08,12650.32
0.9464936,-1.604621,78.51673,0,12650.34,12.25,9.996265,8222.534,1688.958,0,0.9528127,1.604621,-0.6518081,0.2615885,199.3444,242.0119,33239.83,316464.7,7004.069,12650.34,99.04626,99.04626,59.66036,78.54546,10.00016,20.00015,13798.08,12650.34
0.946647,-1.627484,78.51345,0,12650.36,12.25,9.995812,8222.536,1689.564,0,0.9527611,1.627484,-0.6747234,0.2991899,199.382,242.5454,32647.78,317030,7005.449,12650.36,99.04626,99.04626,59.66036,78.54546,10.00016,20.00015,13798.08,12650.36
0.9469298,-1.647245,78.50998,0,12650.38,12.25,9.995334,8222.539,1690.133,0,0.952821,1.647245,-0.6944237,0.3392372,199.422,242.797,32071.41,317434.4,7006.722,12650.38,99.04626,99.04626,59.66036,78.54546,10.00016,20.00015,13798.08,12650.38
0.9472203,-1.665341,78.50643,0,12650.4,12.25,9.994844,8222.54,1690.696,0,0.9528265,1.665341,-0.7125147,0.3804377,199.4632,242.751,31626.29,318005.5,7007.832,12650.4,99.04626,99.04626,59.66036,78.54546,10.00016,20.00015,13798.08,12650.4
0.9475982,-1.682436,78.5026,0,12650.43,12.25,9.994316,8222.543,1691.265,0,0.9528347,1.682436,-0.7296018,0.4252534,199.508,242.4101,31050.78,318561.4,7008.848,12650.43,99.04626,99.04626,59.66036,78.54546,10.00016,20.00015,13798.08,12650.43
0.9479473,-1.696972,78.49892,0,12650.45,12.25,9.993809,8222.545,1691.759,0,0.9528407,1.696972,-0.7441308,0.4684509,199.5512,241.8545,30460.48,319135.6,7009.683,12650.45,99.04626,99.04626,59.66036,78.54546,10.00016,20.00015,13798.08,12650.45
0.9483337,-1.709974,78.4952,0,12650.47,12.25,9.993295,8222.548,1692.223,0,0.9528483,1.709974,-0.7571257,0.5124648,199.5952,241.0715,29872.24,319563.6,7010.404,12650.47,99.04626,99.04626,59.66036,78.54546,10.00016,20.00015,13798.08,12650.47
0.9487937,-1.722177,78.4912,0,12650.5,12.25,9.992743,8222.55,1692.674,0,0.9528575,1.722177,-0.7693192,0.5599393,199.6427,239.9777,29302.77,320121,7011.069,12650.5,99.04626,99.04626,59.66036,78.54546,10.00016,20.00015,13798.08,12650.5
0.9491675,-1.73162,78.48772,0,12650.51,12.25,9.992264,8222.552,1693.022,0,0.9528647,1.73162,-0.778755,0.601217,199.684,238.8884,28865.44,320694.7,7011.561,12650.51,99.04626,99.04626,59.66036,78.54546,10.00016,20.00015,13798.08,12650.51
0.9495609,-1.739953,78.48422,0,12650.53,12.25,9.991781,8222.554,1693.339,0,0.9528724,1.739953,-0.7870808,0.6429799,199.7258,237.6439,28430.15,321121.7,7011.996,12650.53,99.04626,99.04626,59.66036,78.54546,10.00016,20.00015,13798.08,12650.53
0.9500564,-1.74879,78.48011,0,12650.56,12.25,9.991213,8222.556,1693.666,0,0.9528823,1.74879,-0.7959078,0.6922536,199.775,235.9637,27869.43,321674.4,7012.421,12650.56,99.04626,99.04626,59.66036,78.54546,10.00016,20.00015,13798.08,12650.56
0.950445,-1.755796,78.47655,0,12650.58,12.25,9.990722,8222.559,1693.906,0,0.9528899,1.755796,-0.8029063,0.7349149,199.8177,234.4262,27297.24,322098.2,7012.734,12650.58,99.04626,99.04626,59.66036,78.54546,10.00016,20.00015,13798.08,12650.58
0.950892,-1.762508,78.47261,0,12650.6,12.25,9.990179,8222.561,1694.131,0,0.9528987,1.762508,-0.8096091,0.7822506,199.865,232.569,26871.05,322661.5,7013.023,12650.6,99.04626,99.04626,59.66036,78.54546,10.00016,20.00015,13798.08,12650.6
0.9513478,-1.768578,78.46877,0,12650.62,12.25,9.989649,8222.563,1694.308,0,0.9529079,1.768578,-0.8156702,0.8285192,199.9113,230.5744,26323.18,323205.1,7013.25,12650.62,99.04626,99.04626,59.66036,78.54546,10.00016,20.00015,13798.08,12650.62
0.9517402,-1.773498,78.46515,0,12650.64,12.25,9.989149,8222.564,1694.437,0,0.9529155,1.773498,-0.8205822,0.8721935,199.955,228.6457,25904.08,323620.8,7013.438,12650.64,99.04626,99.04626,59.66036,78.54546,10.00016,20.00015,13798.08,12650.64
0.9522187,-1.77894,78.46078,0,12650.66,12.25,9.988547,8222.566,1694.547,0,0.952925,1.77894,-0.8260148,0.9249448,200.0077,226.1825,25350.48,324171.3,7013.611,12650.66,99.04626,99.04626,59.66036,78.54546,10.00016,20.00015,13798.08,12650.66
0.9526219,-1.783002,78.45726,0,12650.68,12.25,9.988061,8222.568,1694.599,0,0.9529332,1.783002,-0.8300691,0.9676835,200.0505,224.026,24818.28,324565.4,7013.722,12650.68,99.04626,99.04626,59.66036,78.54546,10.00016,20.00015,13798.08,12650.68
0.9530253,-1.787688,78.45322,0,12650.7,12.25,9.987504,8222.57,1694.619,0,0.9529411,1.787688,-0.8347473,1.016611,200.0994,221.5384,24411.86,325105.8,7013.849,12650.7,99.04626,99.04626,59.66036,78.54546,10.00016,20.00015,13798.08,12650.7
0.9534093,-1.790829,78.44955,0,12650.72,12.25,9.986997,8222.572,1694.604,0,0.9529487,1.790829,-0.8378804,1.061274,200.1441,219.1847,23876.09,325507.9,7013.877,12650.72,99.04626,99.04626,59.66036,78.54546,10.00016,20.00015,13798.08,12650.72
0.9538358,-1.793938,78.44561,0,12650.74,12.25,9.986454,8222.574,1694.55,0,0.9529573,1.793938,-0.8409807,1.109092,200.1919,216.4972,23449.64,326067.5,7013.894,12650.74,99.04626,99.04626,59.66036,78.54546,10.00016,20.00015,13798.08,12650.74
0.9542331,-1.796963,78.44154,0,12650.76,12.25,9.985893,8222.576,1694.455,0,0.9529651,1.796963,-0.8439983,1.158583,200.2414,213.7188,22926.92,326460.4,7013.898,12650.76,99.04626,99.04626,59.66036,78.54546,10.00016,20.00015,13798.08,12650.76
0.9546309,-1.799542,78.43747,0,12650.78,12.25,9.985331,8222.578,1694.323,0,0.9529729,1.799542,-0.8465692,1.208244,200.291,210.8399,22539.82,326978.1,7013.88,12650.78,99.04626,99.04626,59.66036,78.54546,10.00016,20.00015,13798.08,12650.78
0.9550149,-1.801988,78.4335,0,12650.8,12.25,9.984784,8222.58,1694.158,0,0.9529807,1.801988,-0.8490072,1.256548,200.3393,207.8951,22002.44,327389.9,7013.845,12650.8,99.04626,99.04626,59.66036,78.54546,10.00016,20.00015,13798.08,12650.8
0.9553823,-1.804218,78.42941,0,12650.81,12.25,9.98422,8222.582,1693.952,0,0.9529879,1.804218,-0.8512301,1.306501,200.3893,204.8591,21626.09,327893.9,7013.798,12650.81,99.04626,99.04626,59.66036,78.54546,10.00016,20.00015,13798.08,12650.81
0.9557415,-1.806339,78.42531,0,12650.83,12.25,9.983653,8222.584,1693.711,0,0.9529951,1.806339,-0.8533439,1.356584,200.4394,201.7535,21131.37,328390.1,7013.732,12650.83,99.04626,99.04626,59.66036,78.54546,10.00016,20.00015,13798.08,12650.83
0.9560592,-1.808166,78.42133,-0.06084383,12650.85,12.25,9.983104,8222.586,1693.445,0,0.9530019,1.808166,-0.8551643,1.405262,200.488,198.6352,20899.22,328641.9,7013.664,12650.85,99.04626,99.04626,59.66036,78.54546,10.00016,20.00015,13798.08,12650.85
0.9561069,-1.809857,78.41721,-0.07282171,12650.87,12.25,9.982536,8222.588,1693.147,0,0.9530039,1.809857,-0.8568531,1.455567,200.5383,195.7574,20959.84,328433.4,7013.566,12650.87,99.04626,99.04626,59.66036,78.54546,10.00016,20.00015,13798.08,12650.87
0.9559975,-1.811138,78.41347,-0.08377123,12650.88,12.25,9.982019,8222.589,1692.876,0,0.953002,1.811138,-0.8581362,1.501378,200.5842,193.3162,21218.81,328343.5,7013.468,12650.88,99.04626,99.04626,59.66036,78.54546,10.00016,20.00015,13798.08,12650.88
0.955748,-1.81221,78.40909,-0.09662215,12650.9,12.25,9.981417,8222.591,1692.576,0,0.9529974,1.81221,-0.8592123,1.554904,200.6377,190.7282,21535.52,328039.2,7013.331,12650.9,99.04626,99.04626,59.66036,78.54546,10.00016,20.00015,13798.08,12650.9
0.9554535,-1.813196,78.40533,-0.1077245,12650.92,12.25,9.980899,8222.593,1692.34,0,0.9529921,1.813196,-0.8602042,1.600837,200.6836,188.9461,21822.46,327610.1,7013.191,12650.92,99.04626,99.04626,59.66036,78.54546,10.00016,20.00015,13798.08,12650.92
0.9550139,-1.813947,78.40083,-0.1211396,12650.94,12.25,9.980277,8222.595,1692.093,0,0.9529837,1.813947,-0.8609635,1.656009,200.7388,187.2922,22370.96,327076.6,7013.013,12650.94,99.04626,99.04626,59.66036,78.54546,10.00016,20.00015,13798.08,12650.94
0.9545365,-1.814433,78.39682,-0.1331431,12650.95,12.25,9.979724,8222.596,1691.914,0,0.9529744,1.814433,-0.8614589,1.705088,200.7879,186.2739,23073.29,326538.5,7012.843,12650.95,99.04626,99.04626,59.66036,78.54546,10.00016,20.00015,13798.08,12650.95
0.9540402,-1.814755,78.39305,-0.1444687,12650.97,12.25,9.979204,8222.598,1691.787,0,0.9529649,1.814755,-0.8617905,1.751121,200.8339,185.8011,23636.77,325986.9,7012.671,12650.97,99.04626,99.04626,59.66036,78.54546,10.00017,20.00015,13798.08,12650.97
0.9534208,-1.814869,78.38891,-0.1569947,12650.99,12.25,9.978633,8222.6,1691.699,0,0.9529529,1.814869,-0.8619164,1.801775,200.8846,185.774,24398.64,325091.3,7012.33,12650.99,99.04626,99.04626,59.66036,78.54546,10.00017,20.00015,13798.08,12650.99
0.9527509,-1.81423,78.38489,-0.1690365,12651,12.25,9.978079,8222.601,1691.671,0,0.9529397,1.81423,-0.8612908,1.850839,200.9336,186.2122,25381.53,324269.4,7012.23,12651,99.04626,99.04626,59.66036,78.54546,10.00017,20.00015,13798.08,12651
0.9520066,-1.814562,78.38074,-0.1747773,12651.02,12.25,9.977506,8222.603,1691.708,0,0.9529253,1.814562,-0.8616365,1.901467,200.9843,187.1163,26289.9,323368.7,7012.066,12651.02,99.04626,99.04626,59.66036,78.54546,10.00017,20.00015,13798.08,12651.02
0.9513129,-1.81544,78.37696,-0.1572335,12651.04,12.25,9.976985,8222.604,1691.803,0,0.9529116,1.81544,-0.8625286,1.947523,201.0303,188.3006,27033.55,322463.1,7011.931,12651.04,99.04626,99.04626,59.66036,78.54546,10.00017,20.00015,13798.08,12651.04
0.9505875,-1.817047,78.37291,-0.1542002,12651.05,12.25,9.976426,8222.605,1691.972,0,0.9528969,1.817047,-0.8641496,1.996712,201.0795,189.9657,27991.19,321657.2,7011.849,12651.05,99.04626,99.04626,59.66036,78.54546,10.00017,20.00015,13798.08,12651.05
0.949909,-1.819645,78.36871,-0.1688435,12651.07,12.25,9.975847,8222.607,1692.213,0,0.9528834,1.819645,-0.8667613,2.047555,201.1303,192.0461,28770.04,320889.4,7011.842,12651.07,99.04626,99.04626,59.66036,78.54546,10.00017,20.00015,13798.08,12651.07
0.9492085,-1.823816,78.36411,-0.1669732,12651.09,12.25,9.975212,8222.609,1692.548,0,0.9528693,1.823816,-0.8709465,2.103229,201.186,194.7557,29563.74,320052.8,7011.904,12651.09,99.04626,99.04626,59.66036,78.54546,10.00017,20.00015,13798.08,12651.09
0.9486611,-1.828293,78.36037,-0.1341465,12651.11,12.25,9.974696,8222.611,1692.871,0,0.9528584,1.828293,-0.8754351,2.148292,201.2311,197.3126,30142.74,319329.1,7012.023,12651.11,99.04626,99.04626,59.66036,78.54546,10.00017,20.00015,13798.08,12651.11
0.9481131,-1.834037,78.35608,0,12651.12,12.25,9.974105,8222.613,1693.291,0,0.9528472,1.834037,-0.88119,2.199859,201.2826,200.395,30732.17,318797.2,7012.227,12651.12,99.04626,99.04626,59.66036,78.54546,10.00017,20.00015,13798.08,12651.12
0.9480643,-1.840867,78.35175,0,12651.14,12.25,9.973508,8222.615,1693.753,0,0.9528437,1.840867,-0.8880232,2.251787,201.3346,203.6997,30202.24,319322.2,7012.488,12651.14,99.04626,99.04626,59.66036,78.54546,10.00017,20.00015,13798.08,12651.14
0.948388,-1.848554,78.34751,0,12651.16,12.25,9.972922,8222.617,1694.193,0,0.9528494,1.848554,-0.8957051,2.302549,201.3853,207.6584,29800.6,319717.2,7012.84,12651.16,99.04626,99.04626,59.66036,78.54546,10.00017,20.00015,13798.08,12651.16
0.9488375,-1.858461,78.3427,0,12651.18,12.25,9.972258,8222.619,1694.651,0,0.9528581,1.858461,-0.9056025,2.360216,201.443,212.289,29292.17,320217,7013.295,12651.18,99.04626,99.04626,59.66036,78.54546,10.00017,20.00015,13798.08,12651.18
0.9492863,-1.868186,78.33836,0,12651.2,12.25,9.97166,8222.621,1695.023,0,0.9528876,1.868186,-0.9152988,2.412027,201.4948,216.4554,28743.36,320596.9,7013.769,12651.2,99.04626,99.04626,59.66036,78.54546,10.00017,20.00015,13798.08,12651.2
0.9496521,-1.879011,78.33384,0,12651.22,12.25,9.971036,8222.623,1695.357,0,0.9528744,1.879011,-0.926137,2.465957,201.5487,220.2816,28345.49,321144.4,7014.302,12651.22,99.04626,99.04626,59.66036,78.54546,10.00017,20.00015,13798.08,12651.22
0.9500649,-1.891478,78.32884,0,12651.24,12.25,9.970345,8222.625,1695.684,0,0.9528826,1.891478,-0.9385955,2.524855,201.6076,223.9342,27806.73,321671.1,7014.933,12651.24,99.04626,99.04626,59.66036,78.54546,10.00017,20.00015,13798.08,12651.24
0.950407,-1.902117,78.32477,0,12651.26,12.25,9.969784,8222.627,1695.92,0,0.9528899,1.902117,-0.9492275,2.572302,201.6551,226.502,27275.02,322070.5,7015.474,12651.26,99.04626,99.04626,59.66036,78.54546,10.00017,20.00015,13798.08,12651.26
0.9507642,-1.9159,78.31964,0,12651.29,12.25,9.969076,8222.63,1696.169,0,0.9528967,1.9159,-0.9630036,2.6312,201.714,228.9887,26720.86,322594.2,7016.19,12651.29,99.04626,99.04626,59.66036,78.54546,10.00017,20.00015,13798.08,12651.29
0.9510882,-1.928905,78.31487,0,12651.3,12.25,9.968418,8222.631,1696.367,0,0.952903,1.928905,-0.9760015,2.685191,201.768,230.6751,26301.41,323139.2,7016.874,12651.3,99.04626,99.04626,59.66036,78.54546,10.00017,20.00015,13798.08,12651.3
0.9514289,-1.943314,78.30975,0,12651.33,12.25,9.96771,8222.634,1696.543,0,0.9529099,1.943314,-0.9904043,2.742453,201.8252,231.9163,25754.68,323671.3,7017.634,12651.33,99.04626,99.04626,59.66036,78.54546,10.00017,20.00015,13798.08,12651.33
0.9517103,-1.957432,78.30484,0,12651.35,12.25,9.967033,8222.636,1696.68,0,0.9529155,1.957432,-1.004516,2.796444,201.8792,232.5231,25189.86,324221.8,7018.375,12651.35,99.04626,99.04626,59.66036,78.54546,10.00017,20.00015,13798.08,12651.35
0.9519829,-1.971774,78.29987,0,12651.37,12.25,9.966347,8222.639,1696.789,0,0.952921,1.971774,-1.018854,2.850434,201.9332,232.6468,24623.94,324632,7019.138,12651.37,99.04626,99.04626,59.66036,78.54546,10.00017,20.00015,13798.08,12651.37
0.9522498,-1.986028,78.29498,0,12651.39,12.25,9.965672,8222.64,1696.87,0,0.9529263,1.986028,-1.033101,2.902789,201.9856,232.3159,24214.93,325167.4,7019.903,12651.39,99.04626,99.04626,59.66036,78.54546,10.00017,20.00015,13798.08,12651.39
0.9525084,-2.002473,78.2894,0,12651.41,12.25,9.964901,8222.643,1696.934,0,0.9529315,2.002473,-1.049542,2.961687,202.0445,231.4774,23650.14,325715.4,7020.781,12651.41,99.04626,99.04626,59.66036,78.54546,10.00017,20.00015,13798.08,12651.41
0.9527153,-2.01641,78.28468,0,12651.44,12.25,9.96425,8222.645,1696.967,0,0.9529357,2.01641,-1.063474,3.01077,202.0936,230.419,23088.06,326123.3,7021.52,12651.44,99.04626,99.04626,59.66036,78.54546,10.00017,20.00015,13798.08,12651.44
0.9529548,-2.03296,78.27909,0,12651.46,12.25,9.963479,8222.646,1696.982,0,0.9529405,2.03296,-1.080019,3.068032,202.1508,228.7552,22544.78,326650.6,7022.405,12651.46,99.04626,99.04626,59.66036,78.54546,10.00017,20.00015,13798.08,12651.46
0.9531535,-2.048657,78.27375,0,12651.48,12.25,9.962742,8222.648,1696.976,0,0.9529444,2.048657,-1.095712,3.122023,202.2048,226.8682,22128.31,327189.8,7023.247,12651.48,99.04626,99.04626,59.66036,78.54546,10.00017,20.00015,13798.08,12651.48
0.9533603,-2.065948,78.26784,0,12651.5,12.25,9.961925,8222.65,1696.948,0,0.9529485,2.065948,-1.112999,3.180921,202.2637,224.4517,21578.1,327722.3,7024.166,12651.5,99.04626,99.04626,59.66036,78.54546,10.00017,20.00015,13798.08,12651.5
0.9535486,-2.083119,78.26199,0,12651.52,12.25,9.961119,8222.653,1696.9,0,0.9529524,2.083119,-1.130167,3.238184,202.321,221.7125,21004.29,328278.6,7025.074,12651.52,99.04626,99.04626,59.66036,78.54546,10.00017,20.00015,13798.08,12651.52
0.9537116,-2.099241,78.25641,0,12651.54,12.25,9.960348,8222.655,1696.838,0,0.9529557,2.099241,-1.146285,3.292174,202.375,218.926,20467.92,328665.5,7025.929,12651.54,99.04626,99.04626,59.66036,78.54546,10.00017,20.00015,13798.08,12651.54
0.953887,-2.116401,78.2504,0,12651.56,12.25,9.959518,8222.657,1696.755,0,0.952959,2.116401,-1.163442,3.349437,202.4322,215.607,20070.26,329178.8,7026.833,12651.56,99.04626,99.04626,59.66036,78.54546,10.00017,20.00015,13798.08,12651.56
0.954021,-2.132688,78.24466,0,12651.58,12.25,9.958726,8222.659,1696.663,0,0.9529619,2.132688,-1.179726,3.403427,202.4862,212.3528,19519.43,329713.1,7027.688,12651.58,99.04626,99.04626,59.66036,78.54546,10.00017,20.00015,13798.08,12651.58
0.954152,-2.148883,78.23885,0,12651.6,12.25,9.957922,8222.661,1696.557,0,0.9529645,2.148883,-1.195918,3.457417,202.5402,208.9028,19006.66,330082.6,7028.535,12651.6,99.04626,99.04626,59.66036,78.54546,10.00017,20.00015,13798.08,12651.6
0.9542876,-2.165975,78.23258,0,12651.62,12.25,9.957058,8222.663,1696.431,0,0.9529672,2.165975,-1.213008,3.51468,202.5975,204.9404,18600.15,330599,7029.429,12651.62,99.04626,99.04626,59.66036,78.54546,10.00017,20.00016,13798.08,12651.62
0.9543992,-2.182241,78.22661,0,12651.64,12.25,9.956232,8222.665,1696.301,0,0.9529694,2.182241,-1.229271,3.568671,202.6514,201.1509,18105,331078,7030.262,12651.64,99.04626,99.04626,59.66036,78.54546,10.00017,20.00016,13798.08,12651.64
0.9544255,-2.198174,78.22055,-0.06408934,12651.66,12.25,9.955397,8222.667,1696.16,0,0.9529707,2.198174,-1.245204,3.622661,202.7054,197.3531,18046.09,331158.3,7031.083,12651.66,99.04626,99.04626,59.66036,78.54546,10.00017,20.00016,13798.08,12651.66
0.9542035,-2.212169,78.21517,-0.07454869,12651.68,12.25,9.954653,8222.669,1696.04,0,0.952967,2.212169,-1.259202,3.670107,202.7529,194.1492,18073.36,330967.2,7031.79,12651.68,99.04626,99.04626,59.66036,78.54546,10.00017,20.00016,13798.08,12651.68
0.9538357,-2.227817,78.20897,-0.08654941,12651.69,12.25,9.953797,8222.67,1695.93,0,0.9529602,2.227817,-1.274857,3.724097,202.8069,190.8748,18408.57,330782.7,7032.575,12651.69,99.04626,99.04626,59.66036,78.54546,10.00017,20.00016,13798.08,12651.69
0.9533141,-2.244467,78.20213,-0.09975576,12651.71,12.25,9.952852,8222.672,1695.852,0,0.9529502,2.244467,-1.291516,3.782996,202.8658,187.763,18763.58,330421,7033.399,12651.71,99.04626,99.04626,59.66036,78.54546,10.00017,20.00016,13798.08,12651.71
0.9526987,-2.260432,78.19539,-0.1127051,12651.73,12.25,9.951922,8222.674,1695.833,0,0.9529383,2.260432,-1.307493,3.840259,202.923,185.2174,19226.61,329952,7034.181,12651.73,99.04626,99.04626,59.66036,78.54546,10.00017,20.00016,13798.08,12651.73
0.95213,-2.27389,78.18955,-0.1239055,12651.75,12.25,9.951116,8222.676,1695.866,0,0.9529274,2.27389,-1.320963,3.889341,202.9721,183.5915,19641.68,329532.3,7034.829,12651.75,99.04626,99.04626,59.66036,78.54546,10.00017,20.00016,13798.08,12651.75
0.9513645,-2.289698,78.18246,-0.1374533,12651.76,12.25,9.950137,8222.678,1695.972,0,0.9529125,2.289698,-1.336785,3.94824,203.031,182.2725,20341.5,328827.5,7035.581,12651.76,99.04626,99.04626,59.66036,78.54546,10.00017,20.00016,13798.08,12651.76
0.9505242,-2.304899,78.17549,-0.150724,12651.78,12.25,9.949175,8222.68,1696.155,0,0.9528961,2.304899,-1.352003,4.005502,203.0883,181.632,21138,328026.6,7036.296,12651.78,99.04626,99.04626,59.66036,78.54546,10.00017,20.00016,13798.08,12651.78
0.9496933,-2.318954,78.16885,-0.1633222,12651.8,12.25,9.948257,8222.682,1696.405,0,0.9528799,2.318954,-1.366074,4.059493,203.1423,181.6567,21956.67,327057.6,7036.949,12651.8,99.04626,99.04626,59.66036,78.54546,10.00017,20.00016,13798.08,12651.8
0.9487968,-2.332741,78.16213,-0.1756039,12651.81,12.25,9.94733,8222.683,1696.736,0,0.9528623,2.332741,-1.379878,4.113483,203.1963,182.2209,22979.84,326135.1,7037.578,12651.81,99.04626,99.04626,59.66036,78.54546,10.00017,20.00016,13798.08,12651.81
0.9477674,-2.34727,78.15494,-0.1776185,12651.83,12.25,9.946337,8222.685,1697.184,0,0.952842,2.34727,-1.394428,4.170746,203.2535,183.3821,24099.18,325046.9,7038.235,12651.83,99.04626,99.04626,59.66036,78.54546,10.00017,20.00016,13798.08,12651.83
0.9469112,-2.359511,78.1487,-0.170381,12651.85,12.25,9.945477,8222.686,1697.648,0,0.9528251,2.359511,-1.406686,4.219828,203.3026,184.7541,24920.27,324209.8,7038.778,12651.85,99.04626,99.04626,59.66036,78.54546,10.00017,20.00016,13798.08,12651.85
0.9459299,-2.372924,78.142,-0.1621885,12651.87,12.25,9.94455,8222.688,1698.242,0,0.9527478,2.372924,-1.420177,4.272182,203.355,186.6619,25790.79,323184.5,7039.334,12651.87,99.04626,99.04626,59.66036,78.54546,10.00017,20.00016,13798.08,12651.87
0.9451181,-2.386973,78.13438,-0.1550221,12651.88,12.25,9.943498,8222.689,1698.968,0,0.9527891,2.386973,-1.434184,4.331081,203.4139,189.1874,26766.03,322177,7039.985,12651.88,99.04626,99.04626,59.66036,78.54546,10.00017,20.00016,13798.08,12651.88
0.9443786,-2.40022,78.12732,-0.1521572,12651.9,12.25,9.942523,8222.691,1699.728,0,0.9527741,2.40022,-1.447446,4.385072,203.4678,191.9051,27729.71,321352.3,7040.561,12651.9,99.04626,99.04626,59.66036,78.54546,10.00017,20.00016,13798.08,12651.9
0.9436819,-2.413021,78.12041,-0.1661427,12651.92,12.25,9.941569,8222.693,1700.538,0,0.9527612,2.413021,-1.46026,4.437427,203.5202,194.947,28462.54,320618.8,7041.115,12651.92,99.04626,99.04626,59.66036,78.54546,10.00017,20.00016,13798.08,12651.92
0.9430814,-2.42642,78.11322,-0.1394483,12651.94,12.25,9.940577,8222.695,1701.425,0,0.9527479,2.42642,-1.473673,4.491417,203.5742,198.2628,29154.02,319896.6,7041.688,12651.94,99.04626,99.04626,59.66036,78.54546,10.00017,20.00016,13798.08,12651.94
0.9426315,-2.440929,78.1053,0,12651.95,12.25,9.939483,8222.696,1702.462,0,0.9527372,2.440929,-1.488192,4.550316,203.6331,202.0834,29245.78,319691.5,7042.315,12651.95,99.04626,99.04626,59.66036,78.54546,10.00017,20.00016,13798.08,12651.95
0.9428648,-2.454224,78.0982,0,12651.97,12.25,9.938501,8222.699,1703.407,0,0.9527404,2.454224,-1.501484,4.602671,203.6855,206.0654,28724.34,320077.7,7042.889,12651.97,99.04626,99.04626,59.66036,78.54546,10.00017,20.00016,13798.08,12651.97
0.943316,-2.468253,78.09081,0,12651.99,12.25,9.93748,8222.7,1704.349,0,0.9527485,2.468253,-1.515504,4.656661,203.7394,210.5857,28345.75,320568.8,7043.506,12651.99,99.04626,99.04626,59.66036,78.54546,10.00017,20.00016,13798.08,12651.99
0.9438277,-2.48263,78.08334,0,12652.01,12.25,9.93645,8222.702,1705.248,0,0.9527586,2.48263,-1.529871,4.710652,203.7934,215.2024,27830.84,321071.7,7044.135,12652.01,99.04626,99.04626,59.66036,78.54546,10.00017,20.00016,13798.08,12652.01
0.9443535,-2.496727,78.07603,0,12652.03,12.25,9.935441,8222.704,1706.074,0,0.9527692,2.496727,-1.543958,4.763006,203.8458,219.601,27406.96,321483.6,7044.766,12652.03,99.04626,99.04626,59.66036,78.54546,10.00017,20.00016,13798.08,12652.03
0.9448478,-2.51163,78.06844,0,12652.05,12.25,9.934392,8222.707,1706.874,0,0.9527789,2.51163,-1.558851,4.816997,203.8998,223.5542,26870.71,322007.3,7045.422,12652.05,99.04626,99.04626,59.66036,78.54546,10.00017,20.00016,13798.08,12652.05
0.9453886,-2.527916,78.06007,0,12652.07,12.25,9.933236,8222.709,1707.695,0,0.9527896,2.527916,-1.575126,4.875896,203.9587,227.2407,26324.46,322539.7,7046.146,12652.07,99.04626,99.04626,59.66036,78.54546,10.00017,20.00016,13798.08,12652.07
0.9459623,-2.545369,78.05115,0,12652.1,12.25,9.932003,8222.711,1708.499,0,0.952801,2.545369,-1.592568,4.938066,204.0208,230.4366,25785.19,323064,7046.93,12652.1,99.04626,99.04626,59.66036,78.54546,10.00017,20.00016,13798.08,12652.1
0.9464634,-2.562102,78.0426,0,12652.12,12.25,9.930823,8222.713,1709.206,0,0.9528109,2.562102,-1.609291,4.996965,204.0797,232.6186,25224.18,323610.8,7047.675,12652.12,99.04626,99.04626,59.66036,78.54546,10.00017,20.00016,13798.08,12652.12
0.9468895,-2.577744,78.03493,0,12652.14,12.25,9.929764,8222.716,1709.807,0,0.9527665,2.577744,-1.624977,5.04932,204.1321,233.9868,24658.64,324163.8,7048.324,12652.14,99.04626,99.04626,59.66036,78.54546,10.00017,20.00016,13798.08,12652.14
0.9473551,-2.592891,78.02695,0,12652.17,12.25,9.928662,8222.718,1710.349,0,0.9528288,2.592891,-1.640062,5.103311,204.1861,234.801,24105.72,324561.1,7049.046,12652.17,99.04626,99.04626,59.66036,78.54546,10.00018,20.00016,13798.08,12652.17
0.9478508,-2.61156,78.01743,0,12652.19,12.25,9.927346,8222.721,1710.958,0,0.9528387,2.61156,-1.658722,5.167118,204.2499,235.0371,23535.44,325257.5,7049.876,12652.19,99.04626,99.04626,59.66036,78.54546,10.00018,20.00016,13798.08,12652.19
0.9483047,-2.628486,78.00879,0,12652.21,12.25,9.926153,8222.723,1711.458,0,0.9528478,2.628486,-1.675638,5.22438,204.3072,234.6317,22981.26,325797.3,7050.632,12652.21,99.04626,99.04626,59.66036,78.54546,10.00018,20.00016,13798.08,12652.21
0.9486813,-2.644638,78.00056,0,12652.24,12.25,9.925017,8222.725,1711.887,0,0.9528552,2.644638,-1.691782,5.278371,204.3611,233.7761,22412.9,326210.4,7051.353,12652.24,99.04626,99.04626,59.66036,78.54546,10.00018,20.00016,13798.08,12652.24
0.9490581,-2.660733,77.99227,0,12652.25,12.25,9.923871,8222.727,1712.281,0,0.9528627,2.660733,-1.70787,5.332361,204.4151,232.4629,21988.14,326763,7052.071,12652.25,99.04626,99.04626,59.66036,78.54546,10.00018,20.00016,13798.08,12652.25
0.9494275,-2.676606,77.98415,0,12652.28,12.25,9.922749,8222.729,1712.629,0,0.9528702,2.676606,-1.723736,5.384716,204.4675,230.7521,21441.26,327296.5,7052.77,12652.28,99.04626,99.04626,59.66036,78.54546,10.00018,20.00016,13798.08,12652.28
0.9497927,-2.694495,77.97493,0,12652.3,12.25,9.921474,8222.731,1712.981,0,0.9528774,2.694495,-1.741617,5.443614,204.5264,228.4598,20883.66,327839,7053.561,12652.3,99.04626,99.04626,59.66036,78.54546,10.00018,20.00016,13798.08,12652.3
0.9501517,-2.712342,77.96561,0,12652.32,12.25,9.920188,8222.733,1713.296,0,0.9528846,2.712342,-1.759457,5.502513,204.5853,225.7472,20331.93,328375.8,7054.345,12652.32,99.04626,99.04626,59.66036,78.54546,10.00018,20.00016,13798.08,12652.32
0.9504915,-2.729836,77.95647,0,12652.34,12.25,9.918925,8222.736,1713.566,0,0.9528914,2.729836,-1.776944,5.559776,204.6425,222.6812,19757.46,328800.6,7055.113,12652.34,99.04626,99.04626,59.66036,78.54546,10.00018,20.00016,13798.08,12652.34
0.9507892,-2.746209,77.94777,0,12652.36,12.25,9.917723,8222.737,1713.79,0,0.9528973,2.746209,-1.793311,5.613766,204.6965,219.5539,19354.33,329325.1,7055.829,12652.36,99.04626,99.04626,59.66036,78.54546,10.00018,20.00016,13798.08,12652.36
0.9510986,-2.764188,77.93845,0,12652.38,12.25,9.916436,8222.74,1714.003,0,0.9528868,2.764188,-1.811301,5.671029,204.7538,215.8499,18824.66,329840.6,7056.559,12652.38,99.04626,99.04626,59.66036,78.54546,10.00018,20.00016,13798.08,12652.38
0.9513675,-2.780065,77.9296,0,12652.41,12.25,9.915213,8222.742,1714.165,0,0.9529089,2.780065,-1.827156,5.725019,204.8078,212.2356,18275.91,330247,7057.283,12652.41,99.04626,99.04626,59.66036,78.54546,10.00018,20.00016,13798.08,12652.41
0.9516487,-2.797581,77.91985,0,12652.43,12.25,9.913865,8222.744,1714.319,0,0.9529145,2.797581,-1.844667,5.783918,204.8667,208.0394,17766.13,330745.3,7058.018,12652.43,99.04626,99.04626,59.66036,78.54546,10.00018,20.00016,13798.08,12652.43
0.9519093,-2.812406,77.91112,0,12652.44,12.25,9.912659,8222.746,1714.433,0,0.9529198,2.812406,-1.859486,5.836272,204.9191,204.0055,17363.08,331263.3,7058.611,12652.44,99.04626,99.04626,59.66036,78.54546,10.00018,20.00016,13798.08,12652.44
0.9521595,-2.826693,77.90205,-0.05657304,12652.46,12.25,9.911406,8222.748,1714.523,0,0.9529245,2.826693,-1.873768,5.890263,204.973,199.8228,16909.81,331621.7,7059.156,12652.46,99.04626,99.04626,59.66036,78.54546,10.00018,20.00016,13798.08,12652.46
0.9522282,-2.842056,77.89126,-0.07054661,12652.48,12.25,9.909915,8222.75,1714.606,0,0.9529271,2.842056,-1.889129,5.95407,205.0368,195.0897,17035.06,331613.4,7059.683,12652.48,99.04626,99.04626,59.66036,78.54546,10.00018,20.00016,13798.08,12652.48
0.9520774,-2.853384,77.88235,-0.08210785,12652.5,12.25,9.908685,8222.752,1714.674,0,0.9529246,2.853384,-1.90046,6.006424,205.0892,191.4094,17174.11,331321.3,7060.027,12652.5,99.04626,99.04626,59.66036,78.54546,10.00018,20.00016,13798.08,12652.5
0.9517851,-2.865704,77.87143,-0.09634917,12652.52,12.25,9.907178,8222.754,1714.78,0,0.9529192,2.865704,-1.912785,6.070231,205.153,187.5523,17561.4,331093.5,7060.334,12652.52,99.04626,99.04626,59.66036,78.54546,10.00018,20.00016,13798.08,12652.52
0.9514577,-2.874874,77.86215,-0.1085232,12652.54,12.25,9.905896,8222.756,1714.898,0,0.952913,2.874874,-1.921961,6.124221,205.207,184.8457,17932.14,330579,7060.508,12652.54,99.04626,99.04626,59.66036,78.54546,10.00018,20.00016,13798.08,12652.54
0.9510761,-2.882838,77.85312,-0.1204254,12652.55,12.25,9.904648,8222.757,1715.044,0,0.9529055,2.882838,-1.929932,6.176576,205.2594,182.6798,18537.52,330130.1,7060.608,12652.55,99.04626,99.04626,59.66036,78.54546,10.00018,20.00016,13798.08,12652.55
0.950591,-2.89081,77.84292,-0.1339484,12652.57,12.25,9.90324,8222.759,1715.251,0,0.9528962,2.89081,-1.937914,6.235475,205.3183,181.024,19208.65,329468.3,7060.651,12652.57,99.04626,99.04626,59.66036,78.54546,10.00018,20.00016,13798.08,12652.57
0.9500797,-2.897053,77.83353,-0.1460659,12652.59,12.25,9.901945,8222.761,1715.486,0,0.9528863,2.897053,-1.944166,6.289465,205.3722,180.1597,19859.17,328792.3,7060.617,12652.59,99.04626,99.04626,59.66036,78.54546,10.00018,20.00016,13798.08,12652.59
0.9495142,-2.902544,77.82442,-0.1586523,12652.61,12.25,9.900685,8222.763,1715.764,0,0.9528753,2.902544,-1.949669,6.341819,205.4246,179.8945,20656.41,328041.5,7060.531,12652.61,99.04626,99.04626,59.66036,78.54546,10.00018,20.00016,13798.08,12652.61
0.9488326,-2.908,77.81413,-0.1724702,12652.62,12.25,9.899264,8222.764,1716.138,0,0.9528621,2.908,-1.955138,6.400718,205.4835,180.2915,21667.7,327043.4,7060.393,12652.62,99.04626,99.04626,59.66036,78.54546,10.00018,20.00016,13798.08,12652.62
0.9481522,-2.91211,77.80495,-0.1775751,12652.64,12.25,9.897999,8222.766,1716.538,0,0.9528749,2.91211,-1.959235,6.453073,205.5359,181.2297,22611.61,325973.1,7060.23,12652.64,99.04626,99.04626,59.66036,78.54546,10.00018,20.00016,13798.08,12652.64
0.94745,-2.915908,77.79549,-0.1770583,12652.65,12.25,9.896691,8222.768,1717.005,0,0.9528348,2.915908,-1.963073,6.507063,205.5898,182.6229,23734.45,324988.5,7060.007,12652.65,99.04626,99.04626,59.66036,78.54546,10.00018,20.00016,13798.08,12652.65
0.9467196,-2.919462,77.78513,-0.1699284,12652.67,12.25,9.895263,8222.769,1717.595,0,0.9528202,2.919462,-1.966642,6.565962,205.6487,184.6596,24806.19,323917.5,7059.733,12652.67,99.04626,99.04626,59.66036,78.54546,10.00018,20.00016,13798.08,12652.67
0.9461015,-2.922128,77.77591,-0.1756527,12652.69,12.25,9.893991,8222.771,1718.184,0,0.9528084,2.922128,-1.96932,6.618316,205.7011,186.9537,25676.47,323057.2,7059.46,12652.69,99.04626,99.04626,59.66036,78.54546,10.00018,20.00016,13798.08,12652.69
0.9455239,-2.924873,77.76553,-0.1750016,12652.71,12.25,9.892557,8222.772,1718.907,0,0.9527959,2.924873,-1.972077,6.677215,205.76,189.9026,26642.38,322097.9,7059.127,12652.71,99.04626,99.04626,59.66036,78.54546,10.00018,20.00016,13798.08,12652.71
0.9450508,-2.92715,77.756,-0.1494444,12652.73,12.25,9.891241,8222.774,1719.622,0,0.9527864,2.92715,-1.974363,6.731206,205.814,192.9813,27428.71,321299.9,7058.798,12652.73,99.04626,99.04626,59.66036,78.54546,10.00018,20.00016,13798.08,12652.73
0.9446099,-2.929224,77.74587,-0.1438327,12652.75,12.25,9.889844,8222.776,1720.429,0,0.9527774,2.929224,-1.976447,6.788468,205.8712,196.6665,28260.74,320471.6,7058.434,12652.75,99.04626,99.04626,59.66036,78.54546,10.00018,20.00016,13798.08,12652.75
0.9442735,-2.930988,77.73632,0,12652.77,12.25,9.888526,8222.778,1721.227,0,0.9527706,2.930988,-1.978217,6.842459,205.9252,200.3085,28861.13,319613.6,7058.077,12652.77,99.04626,99.04626,59.66036,78.54546,10.00018,20.00016,13798.08,12652.77
0.9444292,-2.932568,77.72676,0,12652.78,12.25,9.887206,8222.78,1722.048,0,0.9527708,2.932568,-1.979797,6.89645,205.9792,204.11,28496.37,320146.9,7057.712,12652.78,99.04626,99.04626,59.66036,78.54546,10.00018,20.00016,13798.08,12652.78
0.9450425,-2.934287,77.71748,0,12652.8,12.25,9.885925,8222.782,1722.816,0,0.9527822,2.934287,-1.981505,6.948804,206.0316,208.6039,27972.1,320552.9,7057.361,12652.8,99.04626,99.04626,59.66036,78.54546,10.00018,20.00016,13798.08,12652.8
0.9458376,-2.936257,77.70704,0,12652.82,12.25,9.884484,8222.784,1723.609,0,0.9527975,2.936257,-1.983459,7.007703,206.0905,213.8701,27462.76,321067.3,7056.974,12652.82,99.04626,99.04626,59.66036,78.54546,10.00018,20.00016,13798.08,12652.82
0.9466656,-2.938251,77.69659,0,12652.85,12.25,9.883042,8222.786,1724.318,0,0.9528139,2.938251,-1.985437,7.066602,206.1494,219.0189,26940.69,321594.3,7056.588,12652.85,99.04626,99.04626,59.66036,78.54546,10.00018,20.00016,13798.08,12652.85
0.9474136,-2.940013,77.68729,0,12652.86,12.25,9.88176,8222.788,1724.875,0,0.9528288,2.940013,-1.987184,7.118956,206.2017,223.3509,26511.15,322163.1,7056.243,12652.86,99.04626,99.04626,59.66036,78.54546,10.00018,20.00016,13798.08,12652.86
0.9482756,-2.942019,77.67596,0,12652.89,12.25,9.880196,8222.791,1725.464,0,0.9528459,2.942019,-1.989173,7.182763,206.2655,227.7719,25968.08,322715.1,7055.821,12652.89,99.04626,99.04626,59.66036,78.54546,10.00018,20.00016,13798.08,12652.89
0.9490187,-2.943892,77.66666,0,12652.91,12.25,9.878912,8222.793,1725.879,0,0.9528614,2.943892,-1.99103,7.235118,206.3179,230.8487,25430.97,323259.8,7055.465,12652.91,99.04626,99.04626,59.66036,78.54546,10.00018,20.00016,13798.08,12652.91
0.9497569,-2.945443,77.65619,0,12652.93,12.25,9.877467,8222.795,1726.26,0,0.9528754,2.945443,-1.992567,7.294016,206.3768,233.4919,24870.95,323828.3,7055.061,12652.93,99.04626,99.04626,59.66036,78.54546,10.00018,20.00016,13798.08,12652.93
0.9505018,-2.947078,77.64571,0,12652.95,12.25,9.876022,8222.798,1726.567,0,0.9528902,2.947078,-1.994187,7.352915,206.4357,235.3746,24305.21,324402.7,7054.65,12652.95,99.04626,99.04626,59.66036,78.54546,10.00018,20.00017,13798.08,12652.95
0.9511821,-2.948446,77.6364,0,12652.98,12.25,9.874737,8222.8,1726.775,0,0.9529039,2.948446,-1.995542,7.40527,206.4881,236.4763,23751.31,324821.5,7054.28,12652.98,99.04626,99.04626,59.66036,78.54546,10.00018,20.00017,13798.08,12652.98
0.9518744,-2.949918,77.62592,0,12653,12.25,9.87329,8222.802,1726.936,0,0.9529175,2.949918,-1.997,7.464168,206.547,237.0178,23179.41,325401.9,7053.856,12653,99.04626,99.04626,59.66036,78.54546,10.00018,20.00017,13798.08,12653
0.9525638,-2.951287,77.61543,0,12653.02,12.25,9.871843,8222.805,1727.025,0,0.9529312,2.951287,-1.998356,7.523067,206.6059,236.901,22606.93,325983.5,7053.426,12653.02,99.04626,99.04626,59.66036,78.54546,10.00018,20.00017,13798.08,12653.02
0.9531817,-2.952371,77.60611,0,12653.04,12.25,9.870558,8222.807,1727.043,0,0.9529435,2.952371,-1.999427,7.575421,206.6582,236.2691,22194.14,326547.8,7053.041,12653.04,99.04626,99.04626,59.66036,78.54546,10.00018,20.00017,13798.08,12653.04
0.9538221,-2.953595,77.59563,0,12653.07,12.25,9.86911,8222.809,1726.999,0,0.9529562,2.953595,-2.000639,7.63432,206.7171,235.0395,21624.18,327126.9,7052.6,12653.07,99.04626,99.04626,59.66036,78.54546,10.00018,20.00017,13798.08,12653.07
0.9543981,-2.954714,77.58601,0,12653.09,12.25,9.867783,8222.812,1726.901,0,0.9529677,2.954714,-2.001746,7.68831,206.7711,233.4459,21057.46,327702.3,7052.188,12653.09,99.04626,99.04626,59.66036,78.54546,10.00018,20.00017,13798.08,12653.09
0.9550982,-2.955951,77.57405,0,12653.12,12.25,9.866134,8222.813,1726.701,0,0.9529817,2.955951,-2.00297,7.755389,206.8382,230.8555,20371.29,328259.4,7051.676,12653.12,99.04626,99.04626,59.66036,78.54546,10.00018,20.00017,13798.08,12653.12
0.9556748,-2.956966,77.56356,0,12653.14,12.25,9.864686,8222.816,1726.461,0,0.9529932,2.956966,-2.003973,7.814288,206.8971,228.1422,19816.47,328825.4,7051.22,12653.14,99.04626,99.04626,59.66036,78.54546,10.00018,20.00017,13798.08,12653.14
0.9562403,-2.957887,77.55335,0,12653.16,12.25,9.863277,8222.818,1726.169,0,0.9530045,2.957887,-2.004883,7.871551,206.9543,225.031,19283.85,329369.3,7050.773,12653.16,99.04626,99.04626,59.66036,78.54546,10.00018,20.00017,13798.08,12653.16
0.9567192,-2.958666,77.54372,0,12653.18,12.25,9.861949,8222.82,1725.845,0,0.953014,2.958666,-2.005652,7.925541,207.0083,221.8603,18878.25,329920.2,7050.349,12653.18,99.04626,99.04626,59.66036,78.54546,10.00018,20.00017,13798.08,12653.18
0.9572299,-2.959522,77.53323,0,12653.2,12.25,9.8605,8222.822,1725.439,0,0.9530241,2.959522,-2.006498,7.984439,207.0672,218.0801,18344.79,330463.5,7049.881,12653.2,99.04626,99.04626,59.66036,78.54546,10.00018,20.00017,13798.08,12653.2
0.9576738,-2.96036,77.52389,0,12653.22,12.25,9.859213,8222.824,1725.033,0,0.9530331,2.96036,-2.007327,8.036794,207.1196,214.3732,17791.79,330894.8,7049.477,12653.22,99.04626,99.04626,59.66036,78.54546,10.00018,20.00017,13798.08,12653.22
0.9581262,-2.961479,77.51339,0,12653.25,12.25,9.857763,8222.827,1724.53,0,0.9530421,2.961479,-2.008436,8.095693,207.1785,210.0611,17278.41,331419.6,7049.054,12653.25,99.04626,99.04626,59.66036,78.54546,10.00018,20.00017,13798.08,12653.25
0.9585251,-2.962174,77.50376,0,12653.26,12.25,9.856436,8222.828,1724.028,0,0.95305,2.962174,-2.009124,8.149682,207.2325,205.8921,16900.49,331933.4,7048.658,12653.26,99.04626,99.04626,59.66036,78.54546,10.00018,20.00017,13798.08,12653.26
0.9589325,-2.963073,77.49355,0,12653.28,12.25,9.855026,8222.83,1723.454,0,0.9530582,2.963073,-2.010014,8.206944,207.2897,201.1706,16379.22,332463.9,7048.218,12653.28,99.04626,99.04626,59.66036,78.54546,10.00018,20.00017,13798.08,12653.28
0.9591817,-2.963693,77.48392,-0.0651699,12653.3,12.25,9.853698,8222.832,1722.878,0,0.9530641,2.963693,-2.010628,8.260935,207.3437,196.8666,16334.99,332564.2,7047.8,12653.3,99.04626,99.04626,59.66036,78.54546,10.00018,20.00017,13798.08,12653.3
0.9591126,-2.964241,77.4737,-0.07775073,12653.32,12.25,9.852288,8222.834,1722.242,0,0.9530294,2.964241,-2.011212,8.318197,207.401,192.5385,16486.06,332431.3,7047.366,12653.32,99.04626,99.04626,59.66036,78.54546,10.00018,20.00017,13798.08,12653.32
0.9589804,-2.964623,77.46407,-0.08974046,12653.34,12.25,9.850959,8222.836,1721.666,0,0.9530614,2.964623,-2.011562,8.372188,207.455,188.9605,16697.66,332084.8,7046.916,12653.34,99.04626,99.04626,59.66036,78.54546,10.00018,20.00017,13798.08,12653.34
0.9586784,-2.964835,77.45355,-0.1029516,12653.36,12.25,9.849508,8222.838,1721.05,0,0.9530558,2.964835,-2.011779,8.431087,207.5139,185.612,17089.3,331715.7,7046.428,12653.36,99.04626,99.04626,59.66036,78.54546,10.00018,20.00017,13798.08,12653.36
0.9582638,-2.964868,77.44334,-0.1159212,12653.38,12.25,9.848099,8222.84,1720.483,0,0.9530478,2.964868,-2.01182,8.488349,207.5711,182.9365,17588.16,331238.7,7045.941,12653.38,99.04626,99.04626,59.66036,78.54546,10.00018,20.00017,13798.08,12653.38
0.9577754,-2.9648,77.43282,-0.1294069,12653.39,12.25,9.846648,8222.842,1719.947,0,0.9530386,2.9648,-2.011761,8.547248,207.63,181.0057,18222.46,330626.5,7045.432,12653.39,99.04626,99.04626,59.66036,78.54546,10.00018,20.00017,13798.08,12653.39
0.9571823,-2.964599,77.4223,-0.14302,12653.41,12.25,9.845198,8222.844,1719.464,0,0.9530272,2.964599,-2.011572,8.606146,207.6889,179.8579,18978.8,329891.9,7044.914,12653.41,99.04626,99.04626,59.66036,78.54546,10.00018,20.00017,13798.08,12653.41
0.9564992,-2.964279,77.41207,-0.1563614,12653.43,12.25,9.843786,8222.846,1719.058,0,0.9530138,2.964279,-2.011266,8.663408,207.7462,179.4675,19830.29,329061.2,7044.402,12653.43,99.04626,99.04626,59.66036,78.54546,10.00019,20.00017,13798.08,12653.43
0.9556771,-2.963791,77.40068,-0.1713377,12653.45,12.25,9.842215,8222.847,1718.686,0,0.9529979,2.963791,-2.010793,8.727215,207.81,179.8885,20949.4,328109.9,7043.82,12653.45,99.04626,99.04626,59.66036,78.54546,10.00019,20.00017,13798.08,12653.45
0.9547864,-2.963297,77.39045,-0.1775051,12653.46,12.25,9.840804,8222.849,1718.432,0,0.9529699,2.963297,-2.010327,8.784478,207.8673,180.9985,22020.7,327053.6,7043.313,12653.46,99.04626,99.04626,59.66036,78.54546,10.00019,20.00017,13798.08,12653.46
0.953949,-2.96267,77.37993,-0.176891,12653.48,12.25,9.839353,8222.851,1718.267,0,0.9529639,2.96267,-2.009706,8.843376,207.9262,182.6851,23126.13,325959.5,7042.748,12653.48,99.04626,99.04626,59.66036,78.54546,10.00019,20.00017,13798.08,12653.48
0.9530233,-2.96185,77.36853,-0.1763108,12653.5,12.25,9.83778,8222.853,1718.186,0,0.9529454,2.96185,-2.008904,8.907184,207.99,185.1366,24350.28,324747.2,7042.162,12653.5,99.04626,99.04626,59.66036,78.54546,10.00019,20.00017,13798.08,12653.5
0.9522012,-2.961161,77.3583,-0.175651,12653.52,12.25,9.83637,8222.854,1718.202,0,0.9529288,2.961161,-2.008232,8.964446,208.0472,187.9046,25378.02,323730.1,7041.624,12653.52,99.04626,99.04626,59.66036,78.54546,10.00019,20.00017,13798.08,12653.52
0.9515283,-2.960647,77.34865,-0.1613852,12653.54,12.25,9.835038,8222.856,1718.29,0,0.9529155,2.960647,-2.007731,9.018436,208.1012,190.837,26247.23,322861.2,7041.108,12653.54,99.04626,99.04626,59.66036,78.54546,10.00019,20.00017,13798.08,12653.54
0.9508491,-2.959985,77.33813,-0.1547784,12653.56,12.25,9.833587,8222.858,1718.457,0,0.9529018,2.959985,-2.007083,9.077335,208.1601,194.4275,27196.37,321918.7,7040.559,12653.56,99.04626,99.04626,59.66036,78.54546,10.00019,20.00017,13798.08,12653.56
0.950194,-2.959199,77.32701,-0.171738,12653.58,12.25,9.832055,8222.86,1718.708,0,0.9528884,2.959199,-2.006311,9.139505,208.2223,198.6799,28193.6,320945.7,7039.991,12653.58,99.04626,99.04626,59.66036,78.54546,10.00019,20.00017,13798.08,12653.58
0.9499265,-2.958847,77.31649,0,12653.6,12.25,9.830603,8222.862,1719.006,0,0.9528808,2.958847,-2.005966,9.198404,208.2812,202.823,27950.92,320952.5,7039.446,12653.6,99.04626,99.04626,59.66036,78.54546,10.00019,20.00017,13798.08,12653.6
0.9503632,-2.958418,77.30714,0,12653.62,12.25,9.829313,8222.864,1719.279,0,0.9529025,2.958418,-2.005515,9.250759,208.3335,207.248,27580.8,321454.2,7039.003,12653.62,99.04626,99.04626,59.66036,78.54546,10.00019,20.00017,13798.08,12653.62
0.9509634,-2.95849,77.29662,0,12653.64,12.25,9.827862,8222.866,1719.526,0,0.9528996,2.95849,-2.00559,9.309658,208.3924,212.6437,27047.45,321998.6,7038.473,12653.64,99.04626,99.04626,59.66036,78.54546,10.00019,20.00017,13798.08,12653.64
0.9516459,-2.958721,77.28609,0,12653.66,12.25,9.826411,8222.868,1719.71,0,0.952913,2.958721,-2.005808,9.368556,208.4513,218.0187,26528.59,322527.6,7037.987,12653.66,99.04626,99.04626,59.66036,78.54546,10.00019,20.00017,13798.08,12653.66
0.9523309,-2.959158,77.27587,0,12653.68,12.25,9.825001,8222.871,1719.82,0,0.9529268,2.959158,-2.006232,9.425819,208.5086,223.0001,25966.8,322964.4,7037.53,12653.68,99.04626,99.04626,59.66036,78.54546,10.00019,20.00017,13798.08,12653.68
0.9530423,-2.959675,77.26447,0,12653.7,12.25,9.823429,8222.873,1719.864,0,0.9529408,2.959675,-2.006734,9.489626,208.5724,227.651,25422.8,323653.6,7037.023,12653.7,99.04626,99.04626,59.66036,78.54546,10.00019,20.00017,13798.08,12653.7
0.9537475,-2.96021,77.25308,0,12653.73,12.25,9.821857,8222.875,1719.829,0,0.9529547,2.96021,-2.007255,9.553432,208.6362,231.4163,24869.05,324217.7,7036.533,12653.73,99.04626,99.04626,59.66036,78.54546,10.00019,20.00017,13798.08,12653.73
0.9543772,-2.960825,77.24286,0,12653.75,12.25,9.820447,8222.878,1719.728,0,0.9529673,2.960825,-2.007858,9.610695,208.6935,234.0788,24322.93,324773.1,7036.089,12653.75,99.04626,99.04626,59.66036,78.54546,10.00019,20.00017,13798.08,12653.75
0.9549372,-2.961535,77.23322,0,12653.77,12.25,9.819118,8222.88,1719.578,0,0.9529784,2.961535,-2.008557,9.664685,208.7475,235.8174,23755.26,325349.7,7035.664,12653.77,99.04626,99.04626,59.66036,78.54546,10.00019,20.00017,13798.08,12653.77
0.9555529,-2.962525,77.22299,0,12653.8,12.25,9.817707,8222.882,1719.359,0,0.9529904,2.962525,-2.009535,9.721949,208.8047,236.9834,23199.54,325914.7,7035.223,12653.8,99.04626,99.04626,59.66036,78.54546,10.00019,20.00017,13798.08,12653.8
0.9560677,-2.962838,77.21335,0,12653.82,12.25,9.816377,8222.885,1719.1,0,0.953001,2.962838,-2.009837,9.775939,208.8587,237.4347,22625.62,326353.4,7034.809,12653.82,99.04626,99.04626,59.66036,78.54546,10.00019,20.00017,13798.08,12653.82
0.9566305,-2.963491,77.20283,0,12653.84,12.25,9.814926,8222.887,1718.759,0,0.9530121,2.963491,-2.010479,9.834837,208.9176,237.2566,22051.26,326937.4,7034.354,12653.84,99.04626,99.04626,59.66036,78.54546,10.00019,20.00017,13798.08,12653.84
0.9572301,-2.9641,77.19173,0,12653.87,12.25,9.813396,8222.89,1718.336,0,0.9530241,2.9641,-2.011075,9.897008,208.9798,236.348,21494.03,327648.6,7033.869,12653.87,99.04626,99.04626,59.66036,78.54546,10.00019,20.00017,13798.08,12653.87
0.9577008,-2.964738,77.18208,0,12653.89,12.25,9.812065,8222.892,1717.918,0,0.9530335,2.964738,-2.011705,9.950998,209.0338,235.0537,20923.27,328085.5,7033.454,12653.89,99.04626,99.04626,59.66036,78.54546,10.00019,20.00017,13798.08,12653.89
0.9581684,-2.965135,77.17244,0,12653.91,12.25,9.810736,8222.894,1717.455,0,0.9530427,2.965135,-2.012092,10.00499,209.0878,233.2815,20497.94,328662.2,7033.037,12653.91,99.04626,99.04626,59.66036,78.54546,10.00019,20.00017,13798.08,12653.91
0.9586946,-2.965916,77.16134,0,12653.94,12.25,9.809204,8222.896,1716.866,0,0.9530533,2.965916,-2.012862,10.06716,209.1499,230.6695,19810.72,329219.6,7032.548,12653.94,99.04626,99.04626,59.66036,78.54546,10.00019,20.00017,13798.08,12653.94
0.9591573,-2.966487,77.15082,0,12653.96,12.25,9.807753,8222.898,1716.257,0,0.9530625,2.966487,-2.013425,10.12606,209.2088,227.7713,19255.62,329786.1,7032.086,12653.96,99.04626,99.04626,59.66036,78.54546,10.00019,20.00017,13798.08,12653.96
0.959578,-2.967003,77.14059,0,12653.98,12.25,9.806342,8222.901,1715.61,0,0.9530344,2.967003,-2.013968,10.18332,209.2661,224.4505,18723.08,330344.7,7031.657,12653.98,99.04626,99.04626,59.66036,78.54546,10.00019,20.00017,13798.08,12653.98
0.9600272,-2.967543,77.13007,0,12654,12.25,9.804891,8222.903,1714.917,0,0.9530799,2.967543,-2.014463,10.24222,209.325,220.7719,18183.89,330881.2,7031.171,12654,99.04626,99.04626,59.66036,78.54546,10.00019,20.00017,13798.08,12654
0.9604298,-2.968048,77.11954,0,12654.03,12.25,9.80344,8222.905,1714.172,0,0.9530879,2.968048,-2.01496,10.30112,209.3839,216.7439,17653.95,331423.3,7030.705,12654.03,99.04626,99.04626,59.66036,78.54546,10.00019,20.00017,13798.08,12654.03
0.9608148,-2.968317,77.10931,0,12654.04,12.25,9.802029,8222.907,1713.407,0,0.9530956,2.968317,-2.015222,10.35838,209.4412,212.4202,17234.55,331983.9,7030.252,12654.04,99.04626,99.04626,59.66036,78.54546,10.00019,20.00017,13798.08,12654.04
0.9611433,-2.968891,77.09966,0,12654.06,12.25,9.800698,8222.909,1712.653,0,0.9531022,2.968891,-2.015789,10.41237,209.4951,208.2265,16723.5,332504.1,7029.815,12654.06,99.04626,99.04626,59.66036,78.54546,10.00019,20.00017,13798.08,12654.06
0.9615156,-2.969276,77.08826,0,12654.08,12.25,9.799127,8222.911,1711.722,0,0.9531096,2.969276,-2.016167,10.47618,209.559,203.0163,16223.82,333014.4,7029.31,12654.08,99.04626,99.04626,59.66036,78.54546,10.00019,20.00017,13798.08,12654.08
0.9618008,-2.969769,77.07803,-0.06080366,12654.11,12.25,9.797715,8222.914,1710.85,0,0.9531158,2.969769,-2.016653,10.53344,209.6162,198.0867,15882.54,333248.7,7028.843,12654.11,99.04626,99.04626,59.66036,78.54546,10.00019,20.00017,13798.08,12654.11
0.9617538,-2.970029,77.06575,-0.07586868,12654.13,12.25,9.796021,8222.916,1709.781,0,0.9531159,2.970029,-2.016913,10.60215,209.6849,192.752,16109.63,333205.1,7028.289,12654.13,99.04626,99.04626,59.66036,78.54546,10.00019,20.00017,13798.08,12654.13
0.9614936,-2.970197,77.05551,-0.08854697,12654.15,12.25,9.79461,8222.917,1708.898,0,0.9531102,2.970197,-2.017087,10.65942,209.7422,188.6563,16360.95,332973,7027.812,12654.15,99.04626,99.04626,59.66036,78.54546,10.00019,20.00017,13798.08,12654.15
0.9610984,-2.970443,77.04411,-0.1028519,12654.16,12.25,9.793037,8222.919,1707.956,0,0.9531039,2.970443,-2.017339,10.72322,209.806,184.8994,16817.11,332538.6,7027.266,12654.16,99.04626,99.04626,59.66036,78.54546,10.00019,20.00017,13798.08,12654.16
0.9606162,-2.97036,77.03358,-0.1162071,12654.18,12.25,9.791585,8222.921,1707.126,0,0.9530947,2.97036,-2.017265,10.78212,209.8649,182.1662,17332.06,332044,7026.755,12654.18,99.04626,99.04626,59.66036,78.54546,10.00019,20.00017,13798.08,12654.18
0.9599848,-2.970088,77.02245,-0.1304508,12654.21,12.25,9.790051,8222.924,1706.31,0,0.9530826,2.970088,-2.017006,10.84429,209.9271,180.0706,17900.26,331351.8,7026.205,12654.21,99.04626,99.04626,59.66036,78.54546,10.00019,20.00017,13798.08,12654.21
0.9592593,-2.969717,77.01105,-0.1452274,12654.22,12.25,9.788479,8222.926,1705.545,0,0.9530686,2.969717,-2.016648,10.9081,209.9909,178.9157,18775.06,330645.5,7025.63,12654.22,99.04626,99.04626,59.66036,78.54546,10.00019,20.00017,13798.08,12654.22
0.9584692,-2.96971,77.0008,-0.1586034,12654.24,12.25,9.787066,8222.927,1704.926,0,0.9530522,2.96971,-2.016658,10.96536,210.0481,178.683,19648.84,329792.3,7025.111,12654.24,99.04626,99.04626,59.66036,78.54546,10.00019,20.00017,13798.08,12654.24
0.9576479,-2.968776,76.99026,-0.1724575,12654.26,12.25,9.785613,8222.929,1704.382,0,0.9530371,2.968776,-2.015739,11.02426,210.107,179.2062,20666.59,328795.9,7024.568,12654.26,99.04626,99.04626,59.66036,78.54546,10.00019,20.00017,13798.08,12654.26
0.9566476,-2.968022,76.97884,-0.1771165,12654.28,12.25,9.784039,8222.931,1703.889,0,0.9530175,2.968022,-2.015004,11.08807,210.1709,180.573,21903.9,327574.2,7023.983,12654.28,99.04626,99.04626,59.66036,78.54546,10.00019,20.00017,13798.08,12654.28
0.9556226,-2.967443,76.96772,-0.1764731,12654.29,12.25,9.782505,8222.933,1703.52,0,0.9529971,2.967443,-2.014446,11.15024,210.233,182.6254,23107,326382.8,7023.396,12654.29,99.04626,99.04626,59.66036,78.54546,10.00019,20.00017,13798.08,12654.29
0.9547201,-2.966709,76.95718,-0.176009,12654.31,12.25,9.781053,8222.935,1703.269,0,0.9529792,2.966709,-2.013729,11.20914,210.2919,185.0986,24203.18,325297.8,7022.839,12654.31,99.04626,99.04626,59.66036,78.54546,10.00019,20.00017,13798.08,12654.31
0.9538225,-2.965948,76.94693,-0.1728875,12654.33,12.25,9.779639,8222.937,1703.112,0,0.9529709,2.965948,-2.012977,11.2664,210.3492,188.0742,25241.12,324268.9,7022.283,12654.33,99.04626,99.04626,59.66036,78.54546,10.00019,20.00017,13798.08,12654.33
0.9530895,-2.965084,76.93726,-0.1751472,12654.35,12.25,9.778307,8222.938,1703.05,0,0.9529465,2.965084,-2.012138,11.32039,210.4032,191.1612,26167.72,323354.6,7021.787,12654.35,99.04626,99.04626,59.66036,78.54546,10.00019,20.00017,13798.08,12654.35
0.9522789,-2.96445,76.92584,-0.1599935,12654.37,12.25,9.776732,8222.94,1703.062,0,0.9529303,2.96445,-2.01152,11.3842,210.467,195.2356,27265.58,322258.3,7021.181,12654.37,99.04626,99.04626,59.66036,78.54546,10.00019,20.00018,13798.08,12654.37
0.951646,-2.963616,76.91647,-0.1737996,12654.39,12.25,9.775441,8222.942,1703.138,0,0.9529175,2.963616,-2.010699,11.43655,210.5193,198.9756,28051.17,321492.9,7020.69,12654.39,99.04626,99.04626,59.66036,78.54546,10.00019,20.00018,13798.08,12654.39
0.9513863,-2.963112,76.90593,0,12654.41,12.25,9.773988,8222.944,1703.286,0,0.9529097,2.963112,-2.010202,11.49545,210.5782,203.2412,27747.61,321681.5,7020.135,12654.41,99.04626,99.04626,59.66036,78.54546,10.00019,20.00018,13798.08,12654.41
0.9518651,-2.962607,76.89452,0,12654.43,12.25,9.772414,8222.946,1703.446,0,0.9529177,2.962607,-2.009689,11.55926,210.642,208.755,27251.48,322189.5,7019.567,12654.43,99.04626,99.04626,59.66036,78.54546,10.00019,20.00018,13798.08,12654.43
0.9524819,-2.962608,76.88427,0,12654.45,12.25,9.771002,8222.948,1703.536,0,0.9529297,2.962608,-2.009678,11.61652,210.6993,214.3418,26713.24,322738.1,7019.066,12654.45,99.04626,99.04626,59.66036,78.54546,10.00019,20.00018,13798.08,12654.45
0.9531245,-2.962743,76.87383,0,12654.47,12.25,9.769562,8222.95,1703.564,0,0.9529424,2.962743,-2.009801,11.67493,210.7577,219.7888,26193.7,323267.9,7018.578,12654.47,99.04626,99.04626,59.66036,78.54546,10.00019,20.00018,13798.08,12654.47
0.9537902,-2.963051,76.86358,0,12654.5,12.25,9.768149,8222.953,1703.526,0,0.9529613,2.963051,-2.010089,11.73219,210.815,224.7435,25656.84,323814.5,7018.096,12654.5,99.04626,99.04626,59.66036,78.54546,10.00019,20.00018,13798.08,12654.5
0.9544349,-2.963488,76.85217,0,12654.52,12.25,9.766577,8222.955,1703.412,0,0.9529685,2.963488,-2.01052,11.79599,210.8788,229.3292,25077.48,324404.6,7017.597,12654.52,99.04626,99.04626,59.66036,78.54546,10.00019,20.00018,13798.08,12654.52
0.9550962,-2.963931,76.84077,0,12654.54,12.25,9.765003,8222.958,1703.223,0,0.9529815,2.963931,-2.010949,11.8598,210.9426,232.9716,24518.84,324973.8,7017.098,12654.54,99.04626,99.04626,59.66036,78.54546,10.00019,20.00018,13798.08,12654.54
0.9557915,-2.964654,76.82877,0,12654.57,12.25,9.76335,8222.96,1702.942,0,0.9529955,2.964654,-2.011658,11.92688,211.0097,235.8297,23825.71,325678.1,7016.564,12654.57,99.04626,99.04626,59.66036,78.54546,10.00019,20.00018,13798.08,12654.57
0.9563602,-2.965241,76.81824,0,12654.6,12.25,9.761898,8222.963,1702.63,0,0.9530067,2.965241,-2.012234,11.98578,211.0686,237.4066,23252.75,326260.7,7016.103,12654.6,99.04626,99.04626,59.66036,78.54546,10.00019,20.00018,13798.08,12654.6
0.9569703,-2.965842,76.808,0,12654.62,12.25,9.760487,8222.965,1702.26,0,0.953052,2.965842,-2.01279,12.04304,211.1258,238.2119,22676.6,326846.2,7015.642,12654.62,99.04626,99.04626,59.66036,78.54546,10.00019,20.00018,13798.08,12654.62
0.9575467,-2.966556,76.7958,0,12654.65,12.25,9.758805,8222.968,1701.769,0,0.9530304,2.966556,-2.013526,12.11127,211.194,238.2736,21975.52,327413.8,7015.127,12654.65,99.04626,99.04626,59.66036,78.54546,10.00019,20.00018,13798.08,12654.65
0.9581087,-2.96716,76.78439,0,12654.67,12.25,9.757233,8222.971,1701.234,0,0.9530416,2.96716,-2.014119,12.17507,211.2579,237.4916,21398.79,328145.7,7014.625,12654.67,99.04626,99.04626,59.66036,78.54546,10.00019,20.00018,13798.08,12654.67
0.9586522,-2.967674,76.77328,0,12654.7,12.25,9.755699,8222.973,1700.651,0,0.9530523,2.967674,-2.014622,12.23724,211.32,236.004,20840.35,328714.2,7014.146,12654.7,99.04626,99.04626,59.66036,78.54546,10.00019,20.00018,13798.08,12654.7
0.9591285,-2.968254,76.76275,0,12654.72,12.25,9.754248,8222.976,1700.047,0,0.9530618,2.968254,-2.015192,12.29614,211.3789,234.0396,20269.62,329294.6,7013.685,12654.72,99.04626,99.04626,59.66036,78.54546,10.00019,20.00018,13798.08,12654.72
0.959601,-2.968969,76.75163,0,12654.75,12.25,9.752715,8222.979,1699.346,0,0.9530346,2.968969,-2.015935,12.35831,211.4411,231.3268,19578.94,329870,7013.218,12654.75,99.04626,99.04626,59.66036,78.54546,10.00019,20.00018,13798.08,12654.75
0.960065,-2.969524,76.74109,0,12654.77,12.25,9.751263,8222.98,1698.65,0,0.9530806,2.969524,-2.016443,12.41721,211.5,228.3455,19021.45,330423.9,7012.729,12654.77,99.04626,99.04626,59.66036,78.54546,10.00019,20.00018,13798.08,12654.77
0.9604515,-2.969869,76.73144,0,12654.79,12.25,9.749931,8222.982,1697.965,0,0.9530882,2.969869,-2.016781,12.4712,211.554,225.2197,18608.43,330984.8,7012.305,12654.79,99.04626,99.04626,59.66036,78.54546,10.00019,20.00018,13798.08,12654.79
0.9608541,-2.970419,76.7212,0,12654.81,12.25,9.74852,8222.984,1697.197,0,0.9530963,2.970419,-2.017323,12.52846,211.6112,221.4541,18035.12,331567.7,7011.842,12654.81,99.04626,99.04626,59.66036,78.54546,10.00019,20.00018,13798.08,12654.81
0.9612612,-2.970888,76.70978,0,12654.83,12.25,9.746946,8222.986,1696.298,0,0.9531044,2.970888,-2.017784,12.59227,211.675,216.981,17501.94,332111.4,7011.343,12654.83,99.04626,99.04626,59.66036,78.54546,10.00019,20.00018,13798.08,12654.83
0.9616213,-2.971355,76.69924,0,12654.86,12.25,9.745494,8222.989,1695.427,0,0.9531116,2.971355,-2.018243,12.65117,211.7339,212.5278,16978.95,332644.3,7010.872,12654.86,99.04626,99.04626,59.66036,78.54546,10.00019,20.00018,13798.08,12654.86
0.9620084,-2.971979,76.68724,0,12654.88,12.25,9.743839,8222.991,1694.39,0,0.9531194,2.971979,-2.018859,12.71825,211.801,207.0204,16312.91,333195.4,7010.331,12654.88,99.04626,99.04626,59.66036,78.54546,10.00019,20.00018,13798.08,12654.88
0.9623501,-2.972397,76.67583,0,12654.9,12.25,9.742267,8222.994,1693.362,0,0.9531263,2.972397,-2.019271,12.78205,211.8648,201.6098,15816.5,333828.8,7009.814,12654.9,99.04626,99.04626,59.66036,78.54546,10.00019,20.00018,13798.08,12654.9
0.962543,-2.972797,76.66558,-0.06472452,12654.92,12.25,9.740853,8222.995,1692.407,0,0.9531308,2.972797,-2.019666,12.83932,211.9221,196.6113,15808.41,333893.7,7009.354,12654.92,99.04626,99.04626,59.66036,78.54546,10.0002,20.00018,13798.08,12654.92
0.9624186,-2.973112,76.65504,-0.07765593,12654.94,12.25,9.739401,8222.997,1691.419,0,0.9531293,2.973112,-2.019982,12.89822,211.981,192.0374,15961.12,333760.5,7008.87,12654.94,99.04626,99.04626,59.66036,78.54546,10.0002,20.00018,13798.08,12654.94
0.9621538,-2.973119,76.64538,-0.08962889,12654.96,12.25,9.738069,8222.999,1690.527,0,0.9531245,2.973119,-2.019994,12.95221,212.035,188.257,16172.28,333567.5,7008.421,12654.96,99.04626,99.04626,59.66036,78.54546,10.0002,20.00018,13798.08,12654.96
0.9617131,-2.973318,76.63425,-0.1035587,12654.98,12.25,9.736535,8223.001,1689.536,0,0.9531161,2.973318,-2.020202,13.01438,212.0972,184.4669,16627.54,333133.4,7007.889,12654.98,99.04626,99.04626,59.66036,78.54546,10.0002,20.00018,13798.08,12654.98
0.9612098,-2.973248,76.6237,-0.116921,12654.99,12.25,9.735082,8223.003,1688.643,0,0.9531065,2.973248,-2.020142,13.07327,212.1561,181.7307,17150.6,332630.8,7007.378,12654.99,99.04626,99.04626,59.66036,78.54546,10.0002,20.00018,13798.08,12654.99
0.9604847,-2.973019,76.61266,-0.1310607,12655.02,12.25,9.733559,8223.005,1687.757,0,0.9530506,2.973019,-2.019968,13.13495,212.2177,179.6643,17721.64,331947.2,7006.86,12655.02,99.04626,99.04626,59.66036,78.54546,10.0002,20.00018,13798.08,12655.02
0.9598576,-2.972703,76.6021,-0.1447072,12655.04,12.25,9.732105,8223.007,1687.002,0,0.9530804,2.972703,-2.019623,13.19385,212.2766,178.6005,18498.34,331180.8,7006.305,12655.04,99.04626,99.04626,59.66036,78.54546,10.0002,20.00018,13798.08,12655.04
0.9590756,-2.972307,76.59155,-0.1584715,12655.05,12.25,9.730651,8223.009,1686.31,0,0.9530653,2.972307,-2.019242,13.25275,212.3355,178.3642,19396.65,330304,7005.771,12655.05,99.04626,99.04626,59.66036,78.54546,10.0002,20.00018,13798.08,12655.05
0.9581254,-2.971741,76.58041,-0.1731072,12655.07,12.25,9.729116,8223.011,1685.671,0,0.9530466,2.971741,-2.018694,13.31492,212.3977,178.9701,20511.88,329355.8,7005.197,12655.07,99.04626,99.04626,59.66036,78.54546,10.0002,20.00018,13798.08,12655.07
0.9571947,-2.971161,76.56986,-0.1770845,12655.09,12.25,9.727662,8223.013,1685.162,0,0.9530285,2.971161,-2.018133,13.37382,212.4566,180.2842,21623.57,328258.4,7004.65,12655.09,99.04626,99.04626,59.66036,78.54546,10.0002,20.00018,13798.08,12655.09
0.9560661,-2.970433,76.55784,-0.1762916,12655.11,12.25,9.726005,8223.015,1684.693,0,0.9530351,2.970433,-2.017398,13.4409,212.5237,182.5933,22944.23,326950.1,7004.012,12655.11,99.04626,99.04626,59.66036,78.54546,10.0002,20.00018,13798.08,12655.11
0.9550702,-2.969621,76.54639,-0.1758019,12655.13,12.25,9.724429,8223.017,1684.387,0,0.9529862,2.969621,-2.016635,13.50471,212.5875,185.3989,24032.08,325724.8,7003.419,12655.13,99.04626,99.04626,59.66036,78.54546,10.0002,20.00018,13798.08,12655.13
0.9542615,-2.968966,76.53672,-0.1755686,12655.14,12.25,9.723095,8223.018,1684.206,0,0.9529701,2.968966,-2.015996,13.5587,212.6415,188.2379,25140.66,324776.4,7002.91,12655.14,99.04626,99.04626,59.66036,78.54546,10.0002,20.00018,13798.08,12655.14
0.9533316,-2.968105,76.52557,-0.1686187,12655.17,12.25,9.72156,8223.021,1684.093,0,0.9529514,2.968105,-2.015154,13.62087,212.7036,192.0542,26141.49,323627.8,7002.317,12655.17,99.04626,99.04626,59.66036,78.54546,10.0002,20.00018,13798.08,12655.17
0.9525087,-2.967282,76.51414,-0.1612086,12655.19,12.25,9.719984,8223.022,1684.077,0,0.952935,2.967282,-2.014347,13.68467,212.7675,196.2804,27255.57,322675.9,7001.709,12655.19,99.04626,99.04626,59.66036,78.54546,10.0002,20.00018,13798.08,12655.19
0.951863,-2.966641,76.50446,0,12655.21,12.25,9.71865,8223.024,1684.135,0,0.952922,2.966641,-2.013719,13.73866,212.8214,200.1551,27967.63,321695.5,7001.203,12655.21,99.04626,99.04626,59.66036,78.54546,10.0002,20.00018,13798.08,12655.21
0.9517946,-2.965995,76.49331,0,12655.23,12.25,9.717114,8223.026,1684.263,0,0.9529172,2.965995,-2.013078,13.80084,212.8836,204.9904,27450,322262.5,7000.625,12655.23,99.04626,99.04626,59.66036,78.54546,10.0002,20.00018,13798.08,12655.23
0.952357,-2.965586,76.48188,0,12655.25,12.25,9.715539,8223.028,1684.373,0,0.9529274,2.965586,-2.012659,13.86464,212.9474,210.8462,26947.37,322901.1,7000.05,12655.25,99.04626,99.04626,59.66036,78.54546,10.0002,20.00018,13798.08,12655.25
0.9530479,-2.965471,76.47074,0,12655.27,12.25,9.714005,8223.031,1684.415,0,0.9529411,2.965471,-2.01253,13.92681,213.0096,217.0219,26401.74,323458,6999.511,12655.27,99.04626,99.04626,59.66036,78.54546,10.0002,20.00018,13798.08,12655.27
0.9536746,-2.96563,76.4602,0,12655.29,12.25,9.712551,8223.033,1684.385,0,0.9529533,2.96563,-2.012677,13.98571,213.0685,222.4097,25870.42,323999.6,6999.019,12655.29,99.04626,99.04626,59.66036,78.54546,10.0002,20.00018,13798.08,12655.29
0.9544086,-2.965996,76.44788,0,12655.32,12.25,9.710855,8223.036,1684.268,0,0.9529679,2.965996,-2.013028,14.05443,213.1372,227.9278,25188.55,324555.2,6998.458,12655.32,99.04626,99.04626,59.66036,78.54546,10.0002,20.00018,13798.08,12655.32
0.9550737,-2.966376,76.43676,0,12655.34,12.25,9.709321,8223.038,1684.084,0,0.9529812,2.966376,-2.013394,14.1166,213.1994,232.1153,24646.56,325245.8,6997.953,12655.34,99.04626,99.04626,59.66036,78.54546,10.0002,20.00018,13798.08,12655.34
0.9557172,-2.966792,76.42533,0,12655.37,12.25,9.707747,8223.04,1683.823,0,0.9529939,2.966792,-2.013798,14.1804,213.2632,235.319,24080.55,325822.3,6997.45,12655.37,99.04626,99.04626,59.66036,78.54546,10.0002,20.00018,13798.08,12655.37
0.9563102,-2.967294,76.41508,0,12655.39,12.25,9.706334,8223.043,1683.527,0,0.9530057,2.967294,-2.014289,14.23767,213.3204,237.4121,23523.84,326388.6,6996.997,12655.39,99.04626,99.04626,59.66036,78.54546,10.0002,20.00018,13798.08,12655.39
0.9568604,-2.96784,76.40454,0,12655.41,12.25,9.704882,8223.045,1683.163,0,0.9530166,2.96784,-2.014824,14.29657,213.3793,238.7095,22946.6,326975.6,6996.533,12655.41,99.04626,99.04626,59.66036,78.54546,10.0002,20.00018,13798.08,12655.41
0.9574082,-2.968406,76.394,0,12655.44,12.25,9.703428,8223.048,1682.741,0,0.9530275,2.968406,-2.015379,14.35546,213.4382,239.2295,22366.72,327565.2,6996.07,12655.44,99.04626,99.04626,59.66036,78.54546,10.0002,20.00018,13798.08,12655.44
0.95798,-2.969139,76.38287,0,12655.47,12.25,9.701895,8223.051,1682.234,0,0.9530391,2.969139,-2.0161,14.41763,213.5004,239.0032,21656.91,328139.9,6995.58,12655.47,99.04626,99.04626,59.66036,78.54546,10.0002,20.00018,13798.08,12655.47
0.9585303,-2.969728,76.37144,0,12655.49,12.25,9.70032,8223.053,1681.651,0,0.9530499,2.969728,-2.016678,14.48144,213.5642,237.9788,21077.68,328875,6995.076,12655.49,99.04626,99.04626,59.66036,78.54546,10.0002,20.00018,13798.08,12655.49
0.9590714,-2.970217,76.36031,0,12655.51,12.25,9.698787,8223.056,1681.021,0,0.95306,2.970217,-2.017157,14.54361,213.6264,236.2391,20517.29,329445.6,6994.594,12655.51,99.04626,99.04626,59.66036,78.54546,10.0002,20.00018,13798.08,12655.51
0.9596056,-2.970978,76.34801,0,12655.54,12.25,9.697091,8223.059,1680.263,0,0.9530714,2.970978,-2.017907,14.61233,213.6951,233.6443,19802.89,330171.4,6994.047,12655.54,99.04626,99.04626,59.66036,78.54546,10.0002,20.00018,13798.08,12655.54
0.9600905,-2.971477,76.33659,0,12655.57,12.25,9.695517,8223.061,1679.5,0,0.953081,2.971477,-2.018396,14.67613,213.7589,230.6039,19238.08,330746.7,6993.549,12655.57,99.04626,99.04626,59.66036,78.54546,10.0002,20.00018,13798.08,12655.57
0.960583,-2.972165,76.32457,0,12655.59,12.25,9.693862,8223.063,1678.638,0,0.9530909,2.972165,-2.019074,14.74321,213.826,226.7481,18557.65,331438.3,6993.013,12655.59,99.04626,99.04626,59.66036,78.54546,10.0002,20.00018,13798.08,12655.59
0.9609826,-2.972676,76.31403,0,12655.62,12.25,9.692409,8223.065,1677.836,0,0.9530988,2.972676,-2.019578,14.80211,213.8849,222.9922,18010.35,331995.4,6992.545,12655.62,99.04626,99.04626,59.66036,78.54546,10.0002,20.00018,13798.08,12655.62
0.9613603,-2.973173,76.30376,0,12655.64,12.25,9.690995,8223.068,1677.015,0,0.9531063,2.973173,-2.020066,14.85937,213.9422,218.8875,17442.92,332438.8,6992.092,12655.64,99.04626,99.04626,59.66036,78.54546,10.0002,20.00018,13798.08,12655.64
0.9617496,-2.97366,76.29234,0,12655.66,12.25,9.689421,8223.07,1676.06,0,0.9531142,2.97366,-2.020546,14.92318,214.006,214.0614,16916.28,333109.7,6991.58,12655.66,99.04626,99.04626,59.66036,78.54546,10.0002,20.00018,13798.08,12655.66
0.9620897,-2.974112,76.28179,0,12655.68,12.25,9.687967,8223.072,1675.139,0,0.953121,2.974112,-2.020991,14.98208,214.0649,209.314,16400.64,333635.3,6991.107,12655.68,99.04626,99.04626,59.66036,78.54546,10.0002,20.00018,13798.08,12655.68
0.9624298,-2.97456,76.27065,0,12655.71,12.25,9.686433,8223.074,1674.129,0,0.9531278,2.97456,-2.021432,15.04425,214.127,203.9148,15869.36,334177,6990.606,12655.71,99.04626,99.04626,59.66036,78.54546,10.0002,20.00018,13798.08,12655.71
0.9627191,-2.97497,76.2601,-0.05865615,12655.73,12.25,9.684978,8223.076,1673.139,0,0.9531337,2.97497,-2.021837,15.10315,214.1859,198.7256,15504.86,334594.3,6990.13,12655.73,99.04626,99.04626,59.66036,78.54546,10.0002,20.00018,13798.08,12655.73
0.9627144,-2.975838,76.24984,-0.07113983,12655.75,12.25,9.683565,8223.078,1672.147,0,0.9531335,2.975838,-2.022704,15.16041,214.2432,193.8474,15596.87,334521.2,6989.663,12655.75,99.04626,99.04626,59.66036,78.54546,10.0002,20.00018,13798.08,12655.75
0.9624956,-2.975544,76.23929,-0.08413573,12655.76,12.25,9.682111,8223.08,1671.149,0,0.9531311,2.975544,-2.022413,15.21931,214.3021,189.4126,15814.83,334322.9,6989.173,12655.76,99.04626,99.04626,59.66036,78.54546,10.0002,20.00018,13798.08,12655.76
0.9620625,-2.975733,76.22697,-0.09948359,12655.78,12.25,9.680414,8223.082,1670.012,0,0.953123,2.975733,-2.02261,15.28802,214.3708,184.9842,16302.19,333858.8,6988.598,12655.78,99.04626,99.04626,59.66036,78.54546,10.0002,20.00018,13798.08,12655.78
0.9615281,-2.975679,76.21582,-0.1135389,12655.81,12.25,9.678879,8223.085,1669.034,0,0.9531128,2.975679,-2.022566,15.35019,214.433,181.7426,16708.91,333325.7,6988.06,12655.81,99.04626,99.04626,59.66036,78.54546,10.0002,20.00018,13798.08,12655.81
0.9608931,-2.975521,76.20438,-0.1281467,12655.83,12.25,9.677302,8223.087,1668.093,0,0.9531006,2.975521,-2.02242,15.414,214.4968,179.4365,17422.23,332782.5,6987.499,12655.83,99.04626,99.04626,59.66036,78.54546,10.0002,20.00018,13798.08,12655.83
0.9601275,-2.975148,76.19323,-0.1425322,12655.84,12.25,9.675766,8223.088,1667.246,0,0.9530846,2.975148,-2.022063,15.47617,214.5589,178.1153,18256.48,331970.2,6986.953,12655.84,99.04626,99.04626,59.66036,78.54546,10.0002,20.00018,13798.08,12655.84
0.9593696,-2.974813,76.18266,-0.1562913,12655.86,12.25,9.674311,8223.09,1666.528,0,0.9530709,2.974813,-2.021742,15.53507,214.6178,177.7672,19138.3,331109.5,6986.42,12655.86,99.04626,99.04626,59.66036,78.54546,10.0002,20.00018,13798.08,12655.86
0.9585065,-2.97437,76.1721,-0.1701547,12655.88,12.25,9.672855,8223.092,1665.888,0,0.9530542,2.97437,-2.021315,15.59397,214.6767,178.2363,20141.54,330127.6,6985.882,12655.88,99.04626,99.04626,59.66036,78.54546,10.0002,20.00018,13798.08,12655.88
0.9573991,-2.973841,76.16006,-0.1768466,12655.9,12.25,9.671197,8223.095,1665.275,0,0.9530325,2.973841,-2.020808,15.66105,214.7438,179.7089,21329.49,328812,6985.257,12655.9,99.04626,99.04626,59.66036,78.54546,10.0002,20.00018,13798.08,12655.9
0.956359,-2.973142,76.14861,-0.1763396,12655.92,12.25,9.66962,8223.096,1664.811,0,0.9530119,2.973142,-2.02013,15.72485,214.8076,181.8495,22567.33,327731.7,6984.657,12655.92,99.04626,99.04626,59.66036,78.54546,10.0002,20.00019,13798.08,12655.92
0.9553216,-2.972297,76.13744,-0.175829,12655.94,12.25,9.668082,8223.098,1664.471,0,0.9529907,2.972297,-2.019306,15.78702,214.8698,184.6583,23763.14,326547.6,6984.078,12655.94,99.04626,99.04626,59.66036,78.54546,10.0002,20.00019,13798.08,12655.94
0.9544479,-2.971581,76.12687,-0.1754918,12655.96,12.25,9.666626,8223.1,1664.251,0,0.9529737,2.971581,-2.018607,15.84592,214.9287,187.7847,24851.64,325470.5,6983.519,12655.96,99.04626,99.04626,59.66036,78.54546,10.0002,20.00019,13798.08,12655.96
0.9534464,-2.970828,76.11452,-0.1731056,12655.98,12.25,9.664927,8223.103,1664.109,0,0.9529539,2.970828,-2.017874,15.91464,214.9974,192.0049,26028.44,324150.4,6982.864,12655.98,99.04626,99.04626,59.66036,78.54546,10.0002,20.00019,13798.08,12655.98
0.9525827,-2.97001,76.10337,-0.1653171,12656,12.25,9.663389,8223.104,1664.084,0,0.9529365,2.97001,-2.017074,15.97681,215.0596,196.3245,27147.68,323192.9,6982.271,12656,99.04626,99.04626,59.66036,78.54546,10.0002,20.00019,13798.08,12656
0.9518265,-2.969129,76.09191,0,12656.02,12.25,9.661812,8223.106,1664.151,0,0.9529208,2.969129,-2.016208,16.04062,215.1234,200.9824,27881.69,322350.6,6981.674,12656.02,99.04626,99.04626,59.66036,78.54546,10.0002,20.00019,13798.08,12656.02
0.9519182,-2.968479,76.08075,0,12656.04,12.25,9.660275,8223.108,1664.275,0,0.9529195,2.968479,-2.015559,16.10279,215.1856,206.0681,27362.99,322881.3,6981.096,12656.04,99.04626,99.04626,59.66036,78.54546,10.0002,20.00019,13798.08,12656.04
0.95245,-2.968165,76.07018,0,12656.06,12.25,9.658819,8223.11,1664.366,0,0.9529291,2.968165,-2.015236,16.16169,215.2445,211.6543,26858.76,323396.6,6980.566,12656.06,99.04626,99.04626,59.66036,78.54546,10.0002,20.00019,13798.08,12656.06
0.9531348,-2.968157,76.05873,0,12656.09,12.25,9.657242,8223.113,1664.398,0,0.9529426,2.968157,-2.015214,16.22549,215.3083,217.9241,26208.61,323926.3,6980.01,12656.09,99.04626,99.04626,59.66036,78.54546,10.0002,20.00019,13798.08,12656.09
0.9538258,-2.968246,76.04758,0,12656.11,12.25,9.655706,8223.115,1664.352,0,0.9529564,2.968246,-2.01529,16.28766,215.3704,223.8029,25642.58,324499.7,6979.484,12656.11,99.04626,99.04626,59.66036,78.54546,10.0002,20.00019,13798.08,12656.11
0.9545597,-2.968413,76.03526,0,12656.13,12.25,9.654009,8223.118,1664.217,0,0.9529709,2.968413,-2.015443,16.35638,215.4392,229.2664,25093.54,325196.3,6978.918,12656.13,99.04626,99.04626,59.66036,78.54546,10.0002,20.00019,13798.08,12656.13
0.9551869,-2.96875,76.02499,0,12656.16,12.25,9.652595,8223.12,1664.036,0,0.9529834,2.96875,-2.015767,16.41364,215.4964,233.0903,24549.18,325750.4,6978.453,12656.16,99.04626,99.04626,59.66036,78.54546,10.0002,20.00019,13798.08,12656.16
0.9558171,-2.969328,76.01355,0,12656.19,12.25,9.651019,8223.123,1663.764,0,0.952996,2.969328,-2.016332,16.47745,215.5602,236.2848,23836.89,326329.8,6977.937,12656.19,99.04626,99.04626,59.66036,78.54546,10.0002,20.00019,13798.08,12656.19
0.9564486,-2.969819,76.00212,0,12656.21,12.25,9.649445,8223.125,1663.42,0,0.9530085,2.969819,-2.01681,16.54125,215.624,238.463,23260.17,327060.9,6977.426,12656.21,99.04626,99.04626,59.66036,78.54546,10.0002,20.00019,13798.08,12656.21
0.9570603,-2.970269,75.99097,0,12656.23,12.25,9.647909,8223.128,1663.016,0,0.9530206,2.970269,-2.017248,16.60342,215.6862,239.7074,22695.42,327635.9,6976.938,12656.23,99.04626,99.04626,59.66036,78.54546,10.0002,20.00019,13798.08,12656.23
0.9576896,-2.970994,75.97866,0,12656.26,12.25,9.646213,8223.131,1662.495,0,0.9530331,2.970994,-2.017961,16.67214,215.7549,240.0314,21966.25,328376.5,6976.39,12656.26,99.04626,99.04626,59.66036,78.54546,10.0002,20.00019,13798.08,12656.26
0.9582213,-2.971518,75.96839,0,12656.29,12.25,9.644799,8223.133,1662.001,0,0.9530438,2.971518,-2.018474,16.7294,215.8122,239.5387,21399.12,328953.1,6975.939,12656.29,99.04626,99.04626,59.66036,78.54546,10.0002,20.00019,13798.08,12656.29
0.9587175,-2.972086,75.95783,0,12656.31,12.25,9.643345,8223.136,1661.441,0,0.9530537,2.972086,-2.019032,16.7883,215.8711,238.3919,20817.54,329544.4,6975.475,12656.31,99.04626,99.04626,59.66036,78.54546,10.0002,20.00019,13798.08,12656.31
0.959246,-2.972599,75.9464,0,12656.33,12.25,9.641769,8223.138,1660.776,0,0.9530641,2.972599,-2.019535,16.85211,215.9349,236.451,20239.36,330133.1,6974.977,12656.33,99.04626,99.04626,59.66036,78.54546,10.00021,20.00019,13798.08,12656.33
0.9597477,-2.973293,75.93525,0,12656.36,12.25,9.640234,8223.141,1660.07,0,0.9530742,2.973293,-2.020218,16.91428,215.9971,233.8752,19539.21,330700.9,6974.483,12656.36,99.04626,99.04626,59.66036,78.54546,10.00021,20.00019,13798.08,12656.36
0.9602267,-2.973849,75.92381,0,12656.39,12.25,9.638659,8223.143,1659.291,0,0.9530838,2.973849,-2.020765,16.97808,216.0609,230.6852,18973.6,331419.8,6973.976,12656.39,99.04626,99.04626,59.66036,78.54546,10.00021,20.00019,13798.08,12656.39
0.9606572,-2.974334,75.91354,0,12656.41,12.25,9.637244,8223.146,1658.544,0,0.9530914,2.974334,-2.021243,17.03535,216.1181,227.2655,18430.95,331972,6973.524,12656.41,99.04626,99.04626,59.66036,78.54546,10.00021,20.00019,13798.08,12656.41
0.9610825,-2.974823,75.90211,0,12656.43,12.25,9.635669,8223.147,1657.668,0,0.9531008,2.974823,-2.021722,17.09915,216.1819,223.1134,17881.59,332531.9,6973.02,12656.43,99.04626,99.04626,59.66036,78.54546,10.00021,20.00019,13798.08,12656.43
0.9614908,-2.975468,75.89066,0,12656.46,12.25,9.634092,8223.15,1656.742,0,0.953109,2.975468,-2.022359,17.16296,216.2457,218.5238,17208.29,333082.4,6972.509,12656.46,99.04626,99.04626,59.66036,78.54546,10.00021,20.00019,13798.08,12656.46
0.961845,-2.975813,75.88039,0,12656.48,12.25,9.632678,8223.152,1655.872,0,0.9531161,2.975813,-2.022697,17.22022,216.303,213.9585,16783.55,333650.3,6972.052,12656.48,99.04626,99.04626,59.66036,78.54546,10.00021,20.00019,13798.08,12656.48
0.9622356,-2.976425,75.86807,0,12656.5,12.25,9.630981,8223.155,1654.783,0,0.9531239,2.976425,-2.023301,17.28894,216.3717,208.2765,16138.91,334306.5,6971.496,12656.5,99.04626,99.04626,59.66036,78.54546,10.00021,20.00019,13798.08,12656.5
0.9625469,-2.976819,75.8578,0,12656.52,12.25,9.629566,8223.157,1653.836,0,0.9531291,2.976819,-2.02369,17.3462,216.429,203.1612,15609.31,334693.7,6971.036,12656.52,99.04626,99.04626,59.66036,78.54546,10.00021,20.00019,13798.08,12656.52
0.9628096,-2.977276,75.84723,-0.0608069,12656.54,12.25,9.628112,8223.158,1652.837,0,0.9531358,2.977276,-2.024141,17.4051,216.4879,197.8975,15456.47,335053,6970.56,12656.54,99.04626,99.04626,59.66036,78.54546,10.00021,20.00019,13798.08,12656.54
0.9627376,-2.977631,75.83578,-0.07476018,12656.57,12.25,9.626534,8223.161,1651.732,0,0.9531356,2.977631,-2.024495,17.46891,216.5517,192.6448,15469.48,334903.8,6970.036,12656.57,99.04626,99.04626,59.66036,78.54546,10.00021,20.00019,13798.08,12656.57
0.9624653,-2.977848,75.82551,-0.08740871,12656.58,12.25,9.62512,8223.163,1650.755,0,0.9531307,2.977848,-2.024717,17.52617,216.6089,188.2779,15714.75,334681.4,6969.559,12656.58,99.04626,99.04626,59.66036,78.54546,10.00021,20.00019,13798.08,12656.58
0.9620407,-2.977965,75.81406,-0.1016901,12656.6,12.25,9.623543,8223.165,1649.701,0,0.9531227,2.977965,-2.024843,17.58998,216.6728,184.2647,16164.87,334406.7,6969.017,12656.6,99.04626,99.04626,59.66036,78.54546,10.00021,20.00019,13798.08,12656.6
0.9614666,-2.977974,75.80378,-0.1146521,12656.62,12.25,9.622128,8223.167,1648.787,0,0.9530643,2.977974,-2.02491,17.64724,216.73,181.3412,16658.99,333931.5,6968.56,12656.62,99.04626,99.04626,59.66036,78.54546,10.00021,20.00019,13798.08,12656.62
0.9608843,-2.977756,75.79232,-0.129275,12656.64,12.25,9.620549,8223.169,1647.86,0,0.9531004,2.977756,-2.024656,17.71104,216.7938,179.0981,17384.68,333228.8,6967.972,12656.64,99.04626,99.04626,59.66036,78.54546,10.00021,20.00019,13798.08,12656.64
0.960124,-2.977643,75.78085,-0.1440616,12656.66,12.25,9.618971,8223.17,1646.995,0,0.9530857,2.977643,-2.024558,17.77485,216.8576,177.8735,18254.61,332381.5,6967.403,12656.66,99.04626,99.04626,59.66036,78.54546,10.00021,20.00019,13798.08,12656.66
0.959188,-2.977216,75.76881,-0.1597581,12656.68,12.25,9.617312,8223.173,1646.185,0,0.9530675,2.977216,-2.024148,17.84193,216.9247,177.651,19213.86,331446.4,6966.794,12656.68,99.04626,99.04626,59.66036,78.54546,10.00021,20.00019,13798.08,12656.68
0.9582334,-2.976662,75.75734,-0.1748124,12656.7,12.25,9.615733,8223.175,1645.517,0,0.9530489,2.976662,-2.023613,17.90574,216.9885,178.4396,20377.29,330306,6966.217,12656.7,99.04626,99.04626,59.66036,78.54546,10.00021,20.00019,13798.08,12656.7
0.9570839,-2.976131,75.74528,-0.1765648,12656.72,12.25,9.614074,8223.177,1644.935,0,0.9530261,2.976131,-2.023105,17.97281,217.0556,180.2446,21576.03,328975.4,6965.592,12656.72,99.04626,99.04626,59.66036,78.54546,10.00021,20.00019,13798.08,12656.72
0.9561414,-2.975524,75.73469,-0.1759755,12656.74,12.25,9.612616,8223.179,1644.535,0,0.9530076,2.975524,-2.022516,18.03171,217.1145,182.4517,22682.9,327877.8,6965.041,12656.74,99.04626,99.04626,59.66036,78.54546,10.00021,20.00019,13798.08,12656.74
0.9551324,-2.974787,75.72322,-0.1756489,12656.76,12.25,9.611037,8223.181,1644.211,0,0.9529875,2.974787,-2.0218,18.09552,217.1783,185.4897,23907.95,326812.9,6964.438,12656.76,99.04626,99.04626,59.66036,78.54546,10.00021,20.00019,13798.08,12656.76
0.9542399,-2.974087,75.71292,-0.1754038,12656.78,12.25,9.609619,8223.183,1644.018,0,0.9529696,2.974087,-2.021118,18.15278,217.2356,188.8037,24962.79,325769.2,6963.895,12656.78,99.04626,99.04626,59.66036,78.54546,10.00021,20.00019,13798.08,12656.78
0.9533311,-2.97322,75.70145,-0.1752346,12656.79,12.25,9.60804,8223.185,1643.904,0,0.9529515,2.97322,-2.020268,18.21659,217.2994,192.886,26167.14,324577.2,6963.297,12656.79,99.04626,99.04626,59.66036,78.54546,10.00021,20.00019,13798.08,12656.79
0.9525054,-2.97321,75.69115,-0.175315,12656.81,12.25,9.606623,8223.187,1643.888,0,0.9529349,2.97321,-2.020275,18.27385,217.3566,197.0092,27186.22,323569.5,6962.756,12656.81,99.04626,99.04626,59.66036,78.54546,10.00021,20.00019,13798.08,12656.81
0.9517901,-2.97178,75.67879,0,12656.84,12.25,9.604921,8223.188,1643.972,0,0.9529191,2.97178,-2.018861,18.34257,217.4253,202.0861,27569.65,323071.4,6962.1,12656.84,99.04626,99.04626,59.66036,78.54546,10.00021,20.00019,13798.08,12656.84
0.9520698,-2.971103,75.66732,0,12656.86,12.25,9.603342,8223.19,1644.096,0,0.952922,2.971103,-2.018181,18.40637,217.4892,207.4757,27073.97,323579.3,6961.514,12656.86,99.04626,99.04626,59.66036,78.54546,10.00021,20.00019,13798.08,12656.86
0.9527424,-2.970939,75.65527,0,12656.89,12.25,9.601683,8223.193,1644.173,0,0.9529349,2.970939,-2.018004,18.47345,217.5562,214.2343,26406.4,324129.4,6960.91,12656.89,99.04626,99.04626,59.66036,78.54546,10.00021,20.00019,13798.08,12656.89
0.9534423,-2.970586,75.6438,0,12656.91,12.25,9.600104,8223.195,1644.171,0,0.9529487,2.970586,-2.017637,18.53726,217.62,220.4599,25878.85,324799.1,6960.327,12656.91,99.04626,99.04626,59.66036,78.54546,10.00021,20.00019,13798.08,12656.91
0.954146,-2.970452,75.63263,0,12656.93,12.25,9.598566,8223.198,1644.093,0,0.9529628,2.970452,-2.01749,18.59943,217.6822,226.1266,25306.91,325382.5,6959.776,12656.93,99.04626,99.04626,59.66036,78.54546,10.00021,20.00019,13798.08,12656.93
0.9548234,-2.970471,75.62117,0,12656.95,12.25,9.596989,8223.2,1643.935,0,0.952976,2.970471,-2.017495,18.66324,217.746,230.9261,24752.44,325948.6,6959.226,12656.95,99.04626,99.04626,59.66036,78.54546,10.00021,20.00019,13798.08,12656.95
0.9555304,-2.966928,75.60963,0,12656.98,12.25,9.595403,8223.203,1643.701,0,0.9529901,2.966928,-2.013938,18.72705,217.8098,234.7472,24045.34,326527.9,6958.487,12656.98,99.04626,99.04626,59.66036,78.54546,10.00021,20.00019,13798.08,12656.98
0.9561766,-2.96762,75.5985,0,12657.01,12.25,9.593868,8223.205,1643.394,0,0.9530031,2.96762,-2.014617,18.78922,217.872,237.5596,23486.4,327238.1,6958.086,12657.01,99.04626,99.04626,59.66036,78.54546,10.00021,20.00019,13798.08,12657.01
0.9567699,-2.968314,75.58706,0,12657.03,12.25,9.592294,8223.208,1643.012,0,0.9530149,2.968314,-2.015299,18.85302,217.9358,239.364,22906.07,327826.9,6957.684,12657.03,99.04626,99.04626,59.66036,78.54546,10.00021,20.00019,13798.08,12657.03
0.9573431,-2.969088,75.57591,0,12657.06,12.25,9.590759,8223.211,1642.574,0,0.9530264,2.969088,-2.016061,18.91519,217.998,240.2296,22192.08,328402.8,6957.287,12657.06,99.04626,99.04626,59.66036,78.54546,10.00021,20.00019,13798.08,12657.06
0.9578886,-2.969802,75.56448,0,12657.08,12.25,9.589184,8223.213,1642.063,0,0.9530372,2.969802,-2.016765,18.979,218.0618,240.1929,21606.73,329143.3,6956.877,12657.08,99.04626,99.04626,59.66036,78.54546,10.00021,20.00019,13798.08,12657.08
0.9584806,-2.970428,75.55334,0,12657.11,12.25,9.587649,8223.216,1641.491,0,0.9530951,2.970428,-2.017333,19.04117,218.1239,239.325,21022.13,329736.3,6956.469,12657.11,99.04626,99.04626,59.66036,78.54546,10.00021,20.00019,13798.08,12657.11
0.9589695,-2.971184,75.54102,0,12657.14,12.25,9.585954,8223.219,1640.823,0,0.9530588,2.971184,-2.018126,19.10988,218.1927,237.5589,20311.1,330456.7,6956.035,12657.14,99.04626,99.04626,59.66036,78.54546,10.00021,20.00019,13798.08,12657.14
0.9594584,-2.971762,75.52958,0,12657.16,12.25,9.584378,8223.221,1640.131,0,0.9530684,2.971762,-2.018694,19.17369,218.2565,235.1838,19734.16,331042.3,6955.625,12657.16,99.04626,99.04626,59.66036,78.54546,10.00021,20.00019,13798.08,12657.16
0.9599609,-2.972472,75.51756,0,12657.19,12.25,9.582722,8223.224,1639.344,0,0.9530786,2.972472,-2.019394,19.24077,218.3235,231.9341,19036.96,331748.7,6955.186,12657.19,99.04626,99.04626,59.66036,78.54546,10.00021,20.00019,13798.08,12657.19
0.9604304,-2.973119,75.50523,0,12657.22,12.25,9.581025,8223.227,1638.479,0,0.9530879,2.973119,-2.02003,19.30948,218.3923,228.0317,18335.32,332320.3,6954.739,12657.22,99.04626,99.04626,59.66036,78.54546,10.00021,20.00019,13798.08,12657.22
0.96082,-2.97361,75.49496,0,12657.24,12.25,9.579611,8223.229,1637.712,0,0.9530948,2.97361,-2.020516,19.36675,218.4495,224.2146,17799.04,332866.8,6954.364,12657.24,99.04626,99.04626,59.66036,78.54546,10.00021,20.00019,13798.08,12657.24
0.9612402,-2.974162,75.48264,0,12657.26,12.25,9.577914,8223.231,1636.748,0,0.953104,2.974162,-2.021058,19.43546,218.5182,219.2864,17257.32,333555.2,6953.912,12657.26,99.04626,99.04626,59.66036,78.54546,10.00021,20.00019,13798.08,12657.26
0.961638,-2.974791,75.47031,0,12657.29,12.25,9.576218,8223.234,1635.731,0,0.953112,2.974791,-2.021679,19.50418,218.587,213.8998,16594.94,334227.2,6953.455,12657.29,99.04626,99.04626,59.66036,78.54546,10.00021,20.00019,13798.08,12657.29
0.9619777,-2.975277,75.45916,0,12657.31,12.25,9.574682,8223.236,1634.77,0,0.9531189,2.975277,-2.022158,19.56635,218.6491,208.5719,16049.95,334780.8,6953.041,12657.31,99.04626,99.04626,59.66036,78.54546,10.00021,20.00019,13798.08,12657.31
0.962275,-2.975724,75.44859,0,12657.33,12.25,9.573227,8223.238,1633.827,0,0.9531248,2.975724,-2.022599,19.62525,218.708,203.3903,15546.24,335292.8,6952.648,12657.33,99.04626,99.04626,59.66036,78.54546,10.00021,20.00019,13798.08,12657.33
0.9625239,-2.976156,75.43744,-0.06189829,12657.36,12.25,9.571691,8223.24,1632.797,0,0.9531304,2.976156,-2.023025,19.68742,218.7702,197.6601,15248.53,335482.9,6952.231,12657.36,99.04626,99.04626,59.66036,78.54546,10.00021,20.00019,13798.08,12657.36
0.9623966,-2.97651,75.42511,-0.07693271,12657.38,12.25,9.569994,8223.242,1631.644,0,0.9531289,2.97651,-2.023381,19.75613,218.8389,191.9948,15489.35,335424.6,6951.765,12657.38,99.04626,99.04626,59.66036,78.54546,10.00021,20.00019,13798.08,12657.38
0.9621091,-2.97684,75.41395,-0.09069254,12657.39,12.25,9.568457,8223.244,1630.597,0,0.9532031,2.97684,-2.023637,19.8183,218.9011,187.3658,15806.83,335126.3,6951.32,12657.39,99.04626,99.04626,59.66036,78.54546,10.00021,20.00019,13798.08,12657.39
0.9616172,-2.976946,75.40337,-0.1039033,12657.41,12.25,9.567001,8223.246,1629.693,0,0.9531143,2.976946,-2.023832,19.8772,218.96,183.785,16224.52,334727,6950.914,12657.41,99.04626,99.04626,59.66036,78.54546,10.00021,20.00019,13798.08,12657.41
0.9609806,-2.976956,75.39104,-0.1195126,12657.44,12.25,9.565303,8223.249,1628.67,0,0.9531022,2.976956,-2.023854,19.94592,219.0287,180.6024,16781.55,334191.8,6950.415,12657.44,99.04626,99.04626,59.66036,78.54546,10.00021,20.00019,13798.08,12657.44
0.9602717,-2.976758,75.37987,-0.1338032,12657.45,12.25,9.563766,8223.251,1627.816,0,0.9530883,2.976758,-2.02367,20.00809,219.0909,178.6627,17535.43,333457.9,6949.958,12657.45,99.04626,99.04626,59.66036,78.54546,10.00021,20.00019,13798.08,12657.45
0.9594733,-2.976592,75.3684,-0.1486357,12657.47,12.25,9.562187,8223.252,1627.022,0,0.953073,2.976592,-2.023519,20.07189,219.1547,177.7529,18450.76,332563.5,6949.478,12657.47,99.04626,99.04626,59.66036,78.54546,10.00021,20.00019,13798.08,12657.47
0.9584637,-2.976846,75.35635,-0.1643768,12657.5,12.25,9.560528,8223.255,1626.283,0,0.9530524,2.976846,-2.023793,20.13897,219.2218,177.8863,19336.97,331579.1,6948.965,12657.5,99.04626,99.04626,59.66036,78.54546,10.00021,20.00019,13798.08,12657.5
0.9574084,-2.975694,75.34399,-0.1770691,12657.51,12.25,9.558827,8223.257,1625.66,0,0.9530327,2.975694,-2.022661,20.20769,219.2905,179.0979,20793.14,330263.8,6948.43,12657.51,99.04626,99.04626,59.66036,78.54546,10.00021,20.00019,13798.08,12657.51
0.9562506,-2.975062,75.33163,-0.176396,12657.54,12.25,9.557127,8223.259,1625.166,0,0.9530099,2.975062,-2.022052,20.2764,219.3592,181.2601,22020.76,329047,6947.885,12657.54,99.04626,99.04626,59.66036,78.54546,10.00021,20.00019,13798.08,12657.54
0.9550502,-2.974278,75.31869,-0.1756375,12657.56,12.25,9.555345,8223.262,1624.8,0,0.9529859,2.974278,-2.021292,20.34839,219.4312,184.4582,23329.94,327599.6,6947.31,12657.56,99.04626,99.04626,59.66036,78.54546,10.00021,20.00019,13798.08,12657.56
0.9540607,-2.973548,75.30721,-0.1754162,12657.58,12.25,9.553765,8223.263,1624.598,0,0.9529662,2.973548,-2.020581,20.4122,219.495,187.9197,24548.63,326541.1,6946.794,12657.58,99.04626,99.04626,59.66036,78.54546,10.00021,20.00019,13798.08,12657.58
0.9530426,-2.972724,75.29514,-0.1751746,12657.6,12.25,9.552105,8223.265,1624.505,0,0.9529458,2.972724,-2.019778,20.47927,219.5621,192.2334,25854.07,325246.8,6946.252,12657.6,99.04626,99.04626,59.66036,78.54546,10.00021,20.00019,13798.08,12657.6
0.9521544,-2.971935,75.28366,-0.1735542,12657.62,12.25,9.550525,8223.268,1624.525,0,0.9529282,2.971935,-2.019007,20.54308,219.6259,196.6961,26891.27,324059.8,6945.734,12657.62,99.04626,99.04626,59.66036,78.54546,10.00021,20.00019,13798.08,12657.62
0.9513385,-2.971837,75.27248,0,12657.64,12.25,9.548985,8223.27,1624.639,0,0.9529113,2.971837,-2.018926,20.60525,219.688,201.4424,27551.24,323442.7,6945.23,12657.64,99.04626,99.04626,59.66036,78.54546,10.00021,20.00019,13798.08,12657.64
0.9515154,-2.97044,75.26012,0,12657.67,12.25,9.547284,8223.272,1624.831,0,0.9529113,2.97044,-2.017529,20.67397,219.7567,207.0878,26930.65,323948.7,6944.683,12657.67,99.04626,99.04626,59.66036,78.54546,10.00021,20.00019,13798.08,12657.67
0.9521815,-2.969953,75.24776,0,12657.69,12.25,9.545585,8223.274,1624.978,0,0.9529238,2.969953,-2.01703,20.74268,219.8255,213.8298,26419.87,324596.4,6944.157,12657.69,99.04626,99.04626,59.66036,78.54546,10.00021,20.00019,13798.08,12657.69
0.952915,-2.969841,75.2357,0,12657.72,12.25,9.543925,8223.277,1625.039,0,0.9529383,2.969841,-2.016903,20.80976,219.8925,220.6037,25730.52,325162,6943.661,12657.72,99.04626,99.04626,59.66036,78.54546,10.00021,20.00019,13798.08,12657.72
0.9536015,-2.969861,75.22424,0,12657.74,12.25,9.542347,8223.279,1625.018,0,0.9529519,2.969861,-2.016909,20.87357,219.9563,226.2919,25186.77,325849.4,6943.201,12657.74,99.04626,99.04626,59.66036,78.54546,10.00021,20.00019,13798.08,12657.74
0.9543293,-2.970029,75.21219,0,12657.77,12.25,9.540689,8223.282,1624.912,0,0.9529665,2.970029,-2.017062,20.94065,220.0234,231.4615,24505.46,326399.7,6942.731,12657.77,99.04626,99.04626,59.66036,78.54546,10.00021,20.00019,13798.08,12657.77
0.9550281,-2.970266,75.19994,0,12657.79,12.25,9.539002,8223.284,1624.72,0,0.9529802,2.970266,-2.017286,21.00887,220.0916,235.4586,23941.84,327114.1,6942.262,12657.79,99.04626,99.04626,59.66036,78.54546,10.00021,20.00019,13798.08,12657.79
0.9557192,-2.970692,75.1879,0,12657.82,12.25,9.537345,8223.287,1624.448,0,0.9529938,2.970692,-2.017698,21.07595,220.1587,238.2706,23236.71,327828.8,6941.806,12657.82,99.04626,99.04626,59.66036,78.54546,10.00021,20.00019,13798.08,12657.82
0.95627,-2.971099,75.17732,0,12657.84,12.25,9.53589,8223.29,1624.145,0,0.953005,2.971099,-2.018094,21.13485,220.2176,239.7701,22653.98,328419.9,6941.408,12657.84,99.04626,99.04626,59.66036,78.54546,10.00021,20.00019,13798.08,12657.84
0.9569091,-2.97161,75.16499,0,12657.87,12.25,9.534191,8223.293,1623.719,0,0.9530177,2.97161,-2.018592,21.20356,220.2863,240.4869,21921.59,329015.1,6940.951,12657.87,99.04626,99.04626,59.66036,78.54546,10.00021,20.00019,13798.08,12657.87
0.9574832,-2.972095,75.15383,0,12657.9,12.25,9.532656,8223.295,1623.266,0,0.9530292,2.972095,-2.019065,21.26574,220.3485,240.2359,21351.34,329740.9,6940.538,12657.9,99.04626,99.04626,59.66036,78.54546,10.00021,20.0002,13798.08,12657.9
0.9580725,-2.972667,75.14149,0,12657.93,12.25,9.530957,8223.298,1622.695,0,0.9530409,2.972667,-2.019626,21.33445,220.4172,239.0535,20619.94,330335.7,6940.085,12657.93,99.04626,99.04626,59.66036,78.54546,10.00021,20.0002,13798.08,12657.93
0.9586084,-2.973176,75.13033,0,12657.95,12.25,9.529422,8223.301,1622.117,0,0.9530516,2.973176,-2.020124,21.39662,220.4794,237.1668,20054.66,331055.8,6939.674,12657.95,99.04626,99.04626,59.66036,78.54546,10.00021,20.0002,13798.08,12657.95
0.9591402,-2.973781,75.118,0,12657.98,12.25,9.527723,8223.304,1621.413,0,0.9530622,2.973781,-2.020719,21.46534,220.5481,234.3898,19334.64,331641.9,6939.222,12657.98,99.04626,99.04626,59.66036,78.54546,10.00021,20.0002,13798.08,12657.98
0.9596873,-2.974332,75.10683,0,12658,12.25,9.526188,8223.306,1620.703,0,0.9531297,2.974332,-2.021202,21.52751,220.6103,231.1461,18765.92,332362.7,6938.799,12658,99.04626,99.04626,59.66036,78.54546,10.00022,20.0002,13798.08,12658
0.960107,-2.974899,75.09451,0,12658.03,12.25,9.524489,8223.309,1619.895,0,0.9530815,2.974899,-2.021818,21.59622,220.679,227.0668,18081.64,332917.4,6938.359,12658.03,99.04626,99.04626,59.66036,78.54546,10.00022,20.0002,13798.08,12658.03
0.9605023,-2.975395,75.08393,0,12658.05,12.25,9.523034,8223.311,1619.142,0,0.9530894,2.975395,-2.022306,21.65512,220.7379,223.0966,17531.84,333477.8,6937.97,12658.05,99.04626,99.04626,59.66036,78.54546,10.00022,20.0002,13798.08,12658.05
0.9609355,-2.975938,75.07188,0,12658.08,12.25,9.521377,8223.313,1618.235,0,0.953098,2.975938,-2.02284,21.7222,220.805,218.0039,16962.7,334193,6937.523,12658.08,99.04626,99.04626,59.66036,78.54546,10.00022,20.0002,13798.08,12658.08
0.9613152,-2.976394,75.06042,0,12658.1,12.25,9.519799,8223.315,1617.327,0,0.9531056,2.976394,-2.023288,21.78601,220.8688,212.8799,16434.91,334729.7,6937.102,12658.1,99.04626,99.04626,59.66036,78.54546,10.00022,20.0002,13798.08,12658.1
0.9616736,-2.97756,75.04935,0,12658.12,12.25,9.518274,8223.317,1616.402,0,0.9531116,2.97756,-2.024448,21.84768,220.9305,207.4342,15923.15,335250.1,6936.691,12658.12,99.04626,99.04626,59.66036,78.54546,10.00022,20.0002,13798.08,12658.12
0.9620184,-2.977443,75.03701,0,12658.15,12.25,9.516577,8223.32,1615.342,0,0.9531197,2.977443,-2.024323,21.9164,220.9992,201.2789,15268.48,335914.5,6936.228,12658.15,99.04626,99.04626,59.66036,78.54546,10.00022,20.0002,13798.08,12658.15
0.9621636,-2.977896,75.02555,-0.06726263,12658.16,12.25,9.514998,8223.322,1614.317,0,0.9531236,2.977896,-2.024773,21.98021,221.063,195.6248,15321.66,335919.6,6935.799,12658.16,99.04626,99.04626,59.66036,78.54546,10.00022,20.0002,13798.08,12658.16
0.9619449,-2.978259,75.0135,-0.08198499,12658.19,12.25,9.513341,8223.324,1613.238,0,0.9531202,2.978259,-2.025138,22.04729,221.1301,190.1421,15456.87,335804.8,6935.337,12658.19,99.04626,99.04626,59.66036,78.54546,10.00022,20.0002,13798.08,12658.19
0.9615624,-2.978422,75.00203,-0.09618773,12658.21,12.25,9.511763,8223.326,1612.241,0,0.953113,2.978422,-2.025309,22.11109,221.1939,185.762,15851,335430.5,6934.895,12658.21,99.04626,99.04626,59.66036,78.54546,10.00022,20.0002,13798.08,12658.21
0.960997,-2.978586,74.98997,-0.111309,12658.23,12.25,9.510102,8223.329,1611.246,0,0.9531022,2.978586,-2.025484,22.17817,221.261,182.0068,16308.92,334844.9,6934.414,12658.23,99.04626,99.04626,59.66036,78.54546,10.00022,20.0002,13798.08,12658.23
0.9603204,-2.978509,74.97762,-0.1270181,12658.25,12.25,9.508403,8223.331,1610.299,0,0.9530892,2.978509,-2.02542,22.24689,221.3297,179.3615,17096.7,334227.8,6933.916,12658.25,99.04626,99.04626,59.66036,78.54546,10.00022,20.0002,13798.08,12658.25
0.9595059,-2.978444,74.96643,-0.1413976,12658.27,12.25,9.506864,8223.333,1609.508,0,0.9530368,2.978444,-2.025407,22.30906,221.3918,177.9786,17911.86,333432,6933.492,12658.27,99.04626,99.04626,59.66036,78.54546,10.00022,20.0002,13798.08,12658.27
0.9587169,-2.978173,74.95495,-0.156308,12658.29,12.25,9.505284,8223.335,1608.805,0,0.9530582,2.978173,-2.025115,22.37286,221.4556,177.6127,18769.94,332451,6932.971,12658.29,99.04626,99.04626,59.66036,78.54546,10.00022,20.0002,13798.08,12658.29
0.9576926,-2.977714,74.94258,-0.172504,12658.31,12.25,9.503583,8223.337,1608.146,0,0.9530382,2.977714,-2.024676,22.44158,221.5244,178.3213,20030.31,331358.3,6932.445,12658.31,99.04626,99.04626,59.66036,78.54546,10.00022,20.0002,13798.08,12658.31
0.9565654,-2.977254,74.9305,-0.1765605,12658.33,12.25,9.501921,8223.339,1607.63,0,0.953016,2.977254,-2.024237,22.50866,221.5914,180.0588,21228.99,330027,6931.92,12658.33,99.04626,99.04626,59.66036,78.54546,10.00022,20.0002,13798.08,12658.33
0.9554379,-2.97656,74.91813,-0.1759761,12658.35,12.25,9.500219,8223.341,1607.236,0,0.9529936,2.97656,-2.023566,22.57737,221.6602,182.674,22597.67,328815.7,6931.377,12658.35,99.04626,99.04626,59.66036,78.54546,10.00022,20.0002,13798.08,12658.35
0.9543341,-2.97591,74.90605,-0.175408,12658.38,12.25,9.498557,8223.344,1606.984,0,0.9529716,2.97591,-2.022938,22.64445,221.7272,186.0752,23771.86,327501.2,6930.84,12658.38,99.04626,99.04626,59.66036,78.54546,10.00022,20.0002,13798.08,12658.38
0.9533156,-2.975085,74.89367,-0.1752097,12658.39,12.25,9.496855,8223.345,1606.855,0,0.9529513,2.975085,-2.022133,22.71317,221.7959,190.1562,25114.83,326320.7,6930.288,12658.39,99.04626,99.04626,59.66036,78.54546,10.00022,20.0002,13798.08,12658.39
0.9523808,-2.974448,74.88247,-0.1751487,12658.41,12.25,9.495314,8223.347,1606.844,0,0.9529353,2.974448,-2.021513,22.77534,221.8581,194.4604,26274.26,325170.8,6929.826,12658.41,99.04626,99.04626,59.66036,78.54546,10.00022,20.0002,13798.08,12658.41
0.9514111,-2.973476,74.86921,-0.1751596,12658.44,12.25,9.493489,8223.35,1606.958,0,0.9529132,2.973476,-2.020563,22.84896,221.9317,199.8805,27573.74,323884.6,6929.189,12658.44,99.04626,99.04626,59.66036,78.54546,10.00022,20.0002,13798.08,12658.44
0.9512132,-2.972784,74.85771,0,12658.46,12.25,9.491908,8223.352,1607.145,0,0.9529059,2.972784,-2.019878,22.91277,221.9955,204.8526,27041.57,324298.9,6928.678,12658.46,99.04626,99.04626,59.66036,78.54546,10.00022,20.0002,13798.08,12658.46
0.9517276,-2.972296,74.84652,0,12658.48,12.25,9.490368,8223.354,1607.318,0,0.952915,2.972296,-2.019381,22.97494,222.0577,210.8759,26509.25,324841.3,6928.194,12658.48,99.04626,99.04626,59.66036,78.54546,10.00022,20.0002,13798.08,12658.48
0.9524547,-2.972065,74.83414,0,12658.51,12.25,9.488667,8223.356,1607.437,0,0.9529291,2.972065,-2.019136,23.04365,222.1264,217.76,25858.3,325503.1,6927.675,12658.51,99.04626,99.04626,59.66036,78.54546,10.00022,20.0002,13798.08,12658.51
0.9531544,-2.971974,74.82296,0,12658.53,12.25,9.487128,8223.359,1607.466,0,0.9529431,2.971974,-2.019031,23.10582,222.1886,223.7836,25291.17,326079.8,6927.221,12658.53,99.04626,99.04626,59.66036,78.54546,10.00022,20.0002,13798.08,12658.53
0.9538323,-2.971994,74.81149,0,12658.55,12.25,9.485549,8223.361,1607.419,0,0.9529564,2.971994,-2.019037,23.16963,222.2524,229.0267,24740.28,326640.2,6926.767,12658.55,99.04626,99.04626,59.66036,78.54546,10.00022,20.0002,13798.08,12658.55
0.9545882,-2.972265,74.79942,0,12658.58,12.25,9.48389,8223.364,1607.284,0,0.9529841,2.972265,-2.019281,23.23671,222.3195,233.5899,24035.88,327354.4,6926.283,12658.58,99.04626,99.04626,59.66036,78.54546,10.00022,20.0002,13798.08,12658.58
0.9552041,-2.972478,74.78795,0,12658.61,12.25,9.482311,8223.366,1607.084,0,0.9529837,2.972478,-2.019494,23.30052,222.3833,236.7704,23478.44,327921.1,6925.858,12658.61,99.04626,99.04626,59.66036,78.54546,10.00022,20.0002,13798.08,12658.61
0.9559299,-2.972899,74.77472,0,12658.64,12.25,9.480491,8223.369,1606.761,0,0.9529982,2.972899,-2.019901,23.37414,222.4569,239.1438,22752.84,328657.3,6925.357,12658.64,99.04626,99.04626,59.66036,78.54546,10.00022,20.0002,13798.08,12658.64
0.9565371,-2.973376,74.76354,0,12658.67,12.25,9.478952,8223.372,1606.414,0,0.9530103,2.973376,-2.020366,23.43631,222.5191,240.1607,22037.36,329234.8,6924.938,12658.67,99.04626,99.04626,59.66036,78.54546,10.00022,20.0002,13798.08,12658.67
0.9571226,-2.973838,74.75208,0,12658.69,12.25,9.477375,8223.375,1605.991,0,0.9530219,2.973838,-2.020817,23.50012,222.5829,240.2381,21450.46,329977.5,6924.509,12658.69,99.04626,99.04626,59.66036,78.54546,10.00022,20.0002,13798.08,12658.69
0.9576595,-2.974956,74.74179,0,12658.71,12.25,9.475959,8223.377,1605.552,0,0.953032,2.974956,-2.021924,23.55738,222.6402,239.5493,20880.28,330555.7,6924.131,12658.71,99.04626,99.04626,59.66036,78.54546,10.00022,20.0002,13798.08,12658.71
0.95823,-2.974837,74.72944,0,12658.74,12.25,9.47426,8223.38,1604.964,0,0.9530441,2.974837,-2.021793,23.62609,222.7089,237.9165,20150.53,331149.3,6923.674,12658.74,99.04626,99.04626,59.66036,78.54546,10.00022,20.0002,13798.08,12658.74
0.9587927,-2.975341,74.71709,0,12658.77,12.25,9.472561,8223.383,1604.305,0,0.9530551,2.975341,-2.022285,23.69481,222.7776,235.4171,19571.54,331883.6,6923.22,12658.77,99.04626,99.04626,59.66036,78.54546,10.00022,20.0002,13798.08,12658.77
0.9592851,-2.975927,74.70592,0,12658.79,12.25,9.471024,8223.386,1603.648,0,0.9530651,2.975927,-2.022862,23.75698,222.8398,232.445,18871.66,332449.6,6922.808,12658.79,99.04626,99.04626,59.66036,78.54546,10.00022,20.0002,13798.08,12658.79
0.9597903,-2.976441,74.69357,0,12658.82,12.25,9.469325,8223.388,1602.864,0,0.9530751,2.976441,-2.023366,23.8257,222.9085,228.563,18307.33,333166,6922.354,12658.82,99.04626,99.04626,59.66036,78.54546,10.00022,20.0002,13798.08,12658.82
0.9602678,-2.977058,74.68151,0,12658.85,12.25,9.467666,8223.391,1602.038,0,0.9530847,2.977058,-2.023973,23.89277,222.9756,224.0865,17629.19,333853.5,6921.908,12658.85,99.04626,99.04626,59.66036,78.54546,10.00022,20.0002,13798.08,12658.85
0.9607108,-2.977631,74.66916,0,12658.87,12.25,9.465966,8223.394,1601.138,0,0.9530935,2.977631,-2.024538,23.96149,223.0443,219.084,16950.98,334406.8,6921.453,12658.87,99.04626,99.04626,59.66036,78.54546,10.00022,20.0002,13798.08,12658.87
0.9611311,-2.978159,74.6571,0,12658.9,12.25,9.464308,8223.396,1600.204,0,0.953101,2.978159,-2.025058,24.02857,223.1113,213.6108,16391.68,335110,6921.006,12658.9,99.04626,99.04626,59.66036,78.54546,10.00022,20.0002,13798.08,12658.9
0.961517,-2.978708,74.64474,0,12658.92,12.25,9.462607,8223.398,1599.204,0,0.9531097,2.978708,-2.025598,24.09728,223.1801,207.7564,15746.56,335637.1,6920.548,12658.92,99.04626,99.04626,59.66036,78.54546,10.00022,20.0002,13798.08,12658.92
0.9618819,-2.979173,74.63239,0,12658.94,12.25,9.460908,8223.4,1598.155,0,0.9531169,2.979173,-2.026056,24.166,223.2488,201.5555,15244.73,336276.3,6920.088,12658.94,99.04626,99.04626,59.66036,78.54546,10.00022,20.0002,13798.08,12658.94
0.9620529,-2.97967,74.62121,-0.06615514,12658.97,12.25,9.45937,8223.403,1597.17,0,0.9531215,2.97967,-2.026548,24.22817,223.3109,195.8494,15099.76,336317.9,6919.668,12658.97,99.04626,99.04626,59.66036,78.54546,10.00022,20.0002,13798.08,12658.97
0.9618328,-2.980098,74.60797,-0.08232419,12658.99,12.25,9.457548,8223.405,1595.999,0,0.9531179,2.980098,-2.026981,24.30179,223.3846,189.9231,15450.12,336150.7,6919.165,12658.99,99.04626,99.04626,59.66036,78.54546,10.00022,20.0002,13798.08,12658.99
0.9614419,-2.980326,74.59679,-0.09615227,12659.01,12.25,9.45601,8223.407,1595.041,0,0.9531106,2.980326,-2.027215,24.36396,223.4467,185.5354,15683.75,335784.3,6918.729,12659.01,99.04626,99.04626,59.66036,78.54546,10.00022,20.0002,13798.08,12659.01
0.9608505,-2.980479,74.58353,-0.1127736,12659.03,12.25,9.454186,8223.409,1593.966,0,0.9530994,2.980479,-2.02738,24.43758,223.5204,181.55,16390.88,335252.3,6918.206,12659.03,99.04626,99.04626,59.66036,78.54546,10.00022,20.0002,13798.08,12659.03
0.9601406,-2.980457,74.57146,-0.1281224,12659.05,12.25,9.452526,8223.412,1593.06,0,0.9530855,2.980457,-2.027372,24.50466,223.5874,179.0125,17028.52,334636.2,6917.716,12659.05,99.04626,99.04626,59.66036,78.54546,10.00022,20.0002,13798.08,12659.05
0.9593995,-2.980286,74.55997,-0.1429038,12659.07,12.25,9.450945,8223.413,1592.278,0,0.9530713,2.980286,-2.027215,24.56847,223.6512,177.7305,17891.5,333793.9,6917.246,12659.07,99.04626,99.04626,59.66036,78.54546,10.00022,20.0002,13798.08,12659.07
0.9584776,-2.980098,74.54787,-0.1586051,12659.09,12.25,9.449283,8223.416,1591.535,0,0.953103,2.980098,-2.026995,24.63555,223.7183,177.5239,18843.6,332731.1,6916.729,12659.09,99.04626,99.04626,59.66036,78.54546,10.00022,20.0002,13798.08,12659.09
0.9575056,-2.979755,74.53638,-0.1736632,12659.11,12.25,9.447702,8223.418,1590.965,0,0.9530345,2.979755,-2.02672,24.69936,223.7821,178.324,20001.03,331727.7,6916.25,12659.11,99.04626,99.04626,59.66036,78.54546,10.00022,20.0002,13798.08,12659.11
0.9563802,-2.979267,74.52399,-0.176457,12659.13,12.25,9.445998,8223.419,1590.457,0,0.9530124,2.979267,-2.026254,24.76807,223.8508,180.2084,21380.37,330361.6,6915.717,12659.13,99.04626,99.04626,59.66036,78.54546,10.00022,20.0002,13798.08,12659.13
0.955319,-2.978712,74.51278,-0.1758117,12659.15,12.25,9.444457,8223.422,1590.119,0,0.9529912,2.978712,-2.025721,24.83024,223.913,182.7271,22440.92,329162.1,6915.225,12659.15,99.04626,99.04626,59.66036,78.54546,10.00022,20.0002,13798.08,12659.15
0.9541692,-2.977998,74.4995,-0.1753239,12659.17,12.25,9.442631,8223.424,1589.86,0,0.9529684,2.977998,-2.025029,24.90386,223.9866,186.4801,23926.34,327837.2,6914.639,12659.17,99.04626,99.04626,59.66036,78.54546,10.00022,20.0002,13798.08,12659.17
0.9531249,-2.977261,74.48741,-0.1751987,12659.2,12.25,9.440968,8223.426,1589.755,0,0.9529474,2.977261,-2.024313,24.97094,224.0537,190.6883,25085.09,326689.6,6914.099,12659.2,99.04626,99.04626,59.66036,78.54546,10.00022,20.0002,13798.08,12659.2
0.9521706,-2.976508,74.47501,-0.1750426,12659.22,12.25,9.439263,8223.428,1589.77,0,0.9529285,2.976508,-2.023579,25.03966,224.1224,195.4521,26416.49,325369.6,6913.547,12659.22,99.04626,99.04626,59.66036,78.54546,10.00022,20.0002,13798.08,12659.22
0.951239,-2.97576,74.46291,0,12659.24,12.25,9.437599,8223.431,1589.896,0,0.9529189,2.97576,-2.022841,25.10674,224.1895,200.6376,27285.1,324382.6,6913.049,12659.24,99.04626,99.04626,59.66036,78.54546,10.00022,20.0002,13798.08,12659.24
0.9512746,-2.975026,74.45052,0,12659.27,12.25,9.435895,8223.434,1590.107,0,0.9529067,2.975026,-2.02212,25.17545,224.2582,206.2042,26665.44,324889.1,6912.457,12659.27,99.04626,99.04626,59.66036,78.54546,10.00022,20.0002,13798.08,12659.27
0.9518688,-2.974592,74.43901,0,12659.29,12.25,9.434314,8223.436,1590.274,0,0.9529176,2.974592,-2.021674,25.23926,224.322,212.4311,26155.35,325535.2,6911.963,12659.29,99.04626,99.04626,59.66036,78.54546,10.00022,20.0002,13798.08,12659.29
0.952609,-2.974288,74.42692,0,12659.31,12.25,9.432651,8223.438,1590.372,0,0.9529322,2.974288,-2.021356,25.30634,224.3891,219.3044,25600.92,326100.1,6911.462,12659.31,99.04626,99.04626,59.66036,78.54546,10.00022,20.0002,13798.08,12659.31
0.9534093,-2.97423,74.41366,0,12659.34,12.25,9.430827,8223.44,1590.381,0,0.952948,2.97423,-2.021282,25.37996,224.4627,225.9964,24923.75,326788.5,6910.926,12659.34,99.04626,99.04626,59.66036,78.54546,10.00022,20.0002,13798.08,12659.34
0.9541466,-2.974385,74.40158,0,12659.37,12.25,9.429166,8223.443,1590.298,0,0.9529628,2.974385,-2.021422,25.44704,224.5298,231.2028,24242.54,327479.7,6910.446,12659.37,99.04626,99.04626,59.66036,78.54546,10.00022,20.0002,13798.08,12659.37
0.9548027,-2.974528,74.39009,0,12659.39,12.25,9.427587,8223.445,1590.14,0,0.9529757,2.974528,-2.021552,25.51085,224.5936,234.9743,23673.84,328057.8,6910.002,12659.39,99.04626,99.04626,59.66036,78.54546,10.00022,20.0002,13798.08,12659.39
0.9555125,-2.975641,74.37802,0,12659.42,12.25,9.425926,8223.448,1589.894,0,0.9529896,2.975641,-2.022651,25.57793,224.6607,237.8577,22968.13,328773.3,6909.54,12659.42,99.04626,99.04626,59.66036,78.54546,10.00022,20.0002,13798.08,12659.42
0.9561645,-2.975282,74.36565,0,12659.45,12.25,9.424225,8223.451,1589.561,0,0.9530029,2.975282,-2.022279,25.64664,224.7294,239.5766,22238.29,329366.3,6909.069,12659.45,99.04626,99.04626,59.66036,78.54546,10.00022,20.0002,13798.08,12659.45
0.9568156,-2.97566,74.35329,0,12659.47,12.25,9.422524,8223.454,1589.146,0,0.9530157,2.97566,-2.022644,25.71536,224.7981,240.1481,21651.59,330109.4,6908.606,12659.47,99.04626,99.04626,59.66036,78.54546,10.00022,20.0002,13798.08,12659.47
0.9574805,-2.976172,74.34033,0,12659.5,12.25,9.420743,8223.457,1588.628,0,0.953029,2.976172,-2.023143,25.78734,224.8701,239.632,20933.8,330837.4,6908.124,12659.5,99.04626,99.04626,59.66036,78.54546,10.00022,20.0002,13798.08,12659.5
0.9580737,-2.97676,74.32797,0,12659.53,12.25,9.419043,8223.46,1588.057,0,0.9530409,2.97676,-2.02372,25.85606,224.9388,238.1493,20202.29,331578.5,6907.663,12659.53,99.04626,99.04626,59.66036,78.54546,10.00022,20.0002,13798.08,12659.53
0.9586403,-2.977292,74.3159,0,12659.56,12.25,9.417382,8223.463,1587.431,0,0.9530522,2.977292,-2.02424,25.92314,225.0059,235.8187,19492.85,332152.7,6907.217,12659.56,99.04626,99.04626,59.66036,78.54546,10.00022,20.0002,13798.08,12659.56
0.9592153,-2.97789,74.30266,0,12659.59,12.25,9.415561,8223.466,1586.669,0,0.9530637,2.97789,-2.024827,25.99676,225.0795,232.4425,18776.15,332881.7,6906.728,12659.59,99.04626,99.04626,59.66036,78.54546,10.00022,20.0002,13798.08,12659.59
0.9597315,-2.978366,74.29059,0,12659.61,12.25,9.413901,8223.468,1585.91,0,0.9530739,2.978366,-2.025292,26.06384,225.1466,228.5644,18226.72,333583.2,6906.284,12659.61,99.04626,99.04626,59.66036,78.54546,10.00023,20.0002,13798.08,12659.61
0.9602393,-2.978977,74.27734,0,12659.64,12.25,9.412079,8223.471,1585.011,0,0.9530841,2.978977,-2.025893,26.13746,225.2202,223.7359,17532.29,334287.9,6905.794,12659.64,99.04626,99.04626,59.66036,78.54546,10.00023,20.0002,13798.08,12659.64
0.9606637,-2.980293,74.26615,0,12659.66,12.25,9.410541,8223.473,1584.195,0,0.9530915,2.980293,-2.027201,26.19963,225.2824,219.0451,16987.77,334841.2,6905.383,12659.66,99.04626,99.04626,59.66036,78.54546,10.00023,20.00021,13798.08,12659.66
0.9610763,-2.980089,74.25379,0,12659.69,12.25,9.40884,8223.476,1583.254,0,0.9531009,2.980089,-2.026989,26.26835,225.3511,213.5546,16293.5,335545.1,6904.92,12659.69,99.04626,99.04626,59.66036,78.54546,10.00023,20.00021,13798.08,12659.69
0.9614699,-2.98063,74.24142,0,12659.72,12.25,9.407139,8223.479,1582.257,0,0.9531087,2.98063,-2.027521,26.33706,225.4198,207.6577,15647.71,336072.7,6904.461,12659.72,99.04626,99.04626,59.66036,78.54546,10.00023,20.00021,13798.08,12659.72
0.9618309,-2.981132,74.22935,0,12659.74,12.25,9.405478,8223.48,1581.238,0,0.9531159,2.981132,-2.028016,26.40414,225.4869,201.4361,15118.21,336739.4,6904.01,12659.74,99.04626,99.04626,59.66036,78.54546,10.00023,20.00021,13798.08,12659.74
0.9620035,-2.981589,74.21609,-0.06827731,12659.76,12.25,9.403656,8223.483,1580.077,0,0.9531205,2.981589,-2.028469,26.47777,225.5605,194.828,15100.69,336817.6,6903.515,12659.76,99.04626,99.04626,59.66036,78.54546,10.00023,20.00021,13798.08,12659.76
0.9617926,-2.982012,74.2049,-0.08192779,12659.78,12.25,9.402116,8223.485,1579.094,0,0.9531171,2.982012,-2.028895,26.53994,225.6227,189.7049,15344.72,336592.5,6903.088,12659.78,99.04626,99.04626,59.66036,78.54546,10.00023,20.00021,13798.08,12659.78
0.9613789,-2.982292,74.19252,-0.09723504,12659.81,12.25,9.400414,8223.487,1578.041,0,0.9531094,2.982292,-2.029182,26.60865,225.6914,184.9848,15658.29,336300.3,6902.606,12659.81,99.04626,99.04626,59.66036,78.54546,10.00023,20.00021,13798.08,12659.81
0.9608051,-2.982434,74.18043,-0.1123782,12659.82,12.25,9.398752,8223.489,1577.066,0,0.9530982,2.982434,-2.029336,26.67573,225.7585,181.2875,16279.8,335699.9,6902.131,12659.82,99.04626,99.04626,59.66036,78.54546,10.00023,20.00021,13798.08,12659.82
0.9601229,-2.982461,74.16805,-0.1281142,12659.85,12.25,9.397049,8223.491,1576.144,0,0.9530854,2.982461,-2.029376,26.74444,225.8272,178.7468,16934.62,335067.1,6901.63,12659.85,99.04626,99.04626,59.66036,78.54546,10.00023,20.00021,13798.08,12659.85
0.9593645,-2.982307,74.15654,-0.142519,12659.87,12.25,9.395468,8223.493,1575.364,0,0.9530706,2.982307,-2.029237,26.80825,225.891,177.4834,17764.16,334223,6901.162,12659.87,99.04626,99.04626,59.66036,78.54546,10.00023,20.00021,13798.08,12659.87
0.9583676,-2.982131,74.14355,-0.1597636,12659.89,12.25,9.393682,8223.496,1574.595,0,0.9530513,2.982131,-2.02908,26.88024,225.963,177.302,18871.17,333174.9,6900.618,12659.89,99.04626,99.04626,59.66036,78.54546,10.00023,20.00021,13798.08,12659.89
0.957319,-2.981785,74.13115,-0.1760058,12659.91,12.25,9.391977,8223.497,1573.98,0,0.9530308,2.981785,-2.028754,26.94895,226.0317,178.3455,20171.46,331897.5,6900.094,12659.91,99.04626,99.04626,59.66036,78.54546,10.00023,20.00021,13798.08,12659.91
0.9561814,-2.981317,74.11905,-0.1763989,12659.93,12.25,9.390314,8223.5,1573.509,0,0.9530084,2.981317,-2.028308,27.01603,226.0988,180.3911,21375.38,330704.8,6899.571,12659.93,99.04626,99.04626,59.66036,78.54546,10.00023,20.00021,13798.08,12659.93
0.9549801,-2.9807,74.10575,-0.1755402,12659.95,12.25,9.388486,8223.502,1573.141,0,0.9529846,2.9807,-2.027715,27.08965,226.1724,183.5656,22723.63,329218.4,6898.992,12659.95,99.04626,99.04626,59.66036,78.54546,10.00023,20.00021,13798.08,12659.95
0.9539728,-2.980099,74.09453,-0.1753145,12659.97,12.25,9.386944,8223.504,1572.953,0,0.9529644,2.980099,-2.027135,27.15183,226.2346,187.0173,23917.1,328184.7,6898.496,12659.97,99.04626,99.04626,59.66036,78.54546,10.00023,20.00021,13798.08,12659.97
0.952894,-2.979349,74.08122,-0.1749214,12660,12.25,9.385116,8223.507,1572.866,0,0.952943,2.979349,-2.026406,27.22545,226.3082,191.7285,25232.44,326725.3,6897.907,12660,99.04626,99.04626,59.66036,78.54546,10.00023,20.00021,13798.08,12660
0.9517872,-2.978498,74.06733,-0.1749844,12660.02,12.25,9.383206,8223.509,1572.923,0,0.9529208,2.978498,-2.025577,27.30235,226.3851,197.4107,26627.29,325338.8,6897.289,12660.02,99.04626,99.04626,59.66036,78.54546,10.00023,20.00021,13798.08,12660.02
0.95114,-2.977762,74.05492,0,12660.05,12.25,9.3815,8223.512,1573.094,0,0.9529057,2.977762,-2.024856,27.37106,226.4538,202.6939,26829.82,325055.9,6896.736,12660.05,99.04626,99.04626,59.66036,78.54546,10.00023,20.00021,13798.08,12660.05
0.9516042,-2.978026,74.04192,0,12660.07,12.25,9.379714,8223.514,1573.309,0,0.952913,2.978026,-2.025113,27.44305,226.5258,209.364,26328.51,325692.8,6896.175,12660.07,99.04626,99.04626,59.66036,78.54546,10.00023,20.00021,13798.08,12660.07
0.952242,-2.976823,74.0304,0,12660.09,12.25,9.378131,8223.517,1573.437,0,0.952925,2.976823,-2.023898,27.50686,226.5896,215.8163,25651.96,326247.8,6895.684,12660.09,99.04626,99.04626,59.66036,78.54546,10.00023,20.00021,13798.08,12660.09
0.9530483,-2.976654,74.01712,0,12660.12,12.25,9.376305,8223.52,1573.493,0,0.9529409,2.976654,-2.023713,27.58048,226.6633,222.9284,24981.29,326925.4,6895.139,12660.12,99.04626,99.04626,59.66036,78.54546,10.00023,20.00021,13798.08,12660.12
0.9538404,-2.976598,74.00414,0,12660.15,12.25,9.37452,8223.521,1573.445,0,0.9529566,2.976598,-2.023642,27.65247,226.7352,229.0482,24398.6,327655.2,6894.619,12660.15,99.04626,99.04626,59.66036,78.54546,10.00023,20.00021,13798.08,12660.15
0.9545637,-2.976803,73.99175,0,12660.17,12.25,9.372818,8223.524,1573.308,0,0.952971,2.976803,-2.023832,27.72118,226.804,233.5706,23692.25,328371.8,6894.13,12660.17,99.04626,99.04626,59.66036,78.54546,10.00023,20.00021,13798.08,12660.17
0.9552662,-2.977044,73.97966,0,12660.2,12.25,9.371155,8223.527,1573.09,0,0.952985,2.977044,-2.024059,27.78826,226.871,236.8849,22988.5,328940.3,6893.663,12660.2,99.04626,99.04626,59.66036,78.54546,10.00023,20.00021,13798.08,12660.2
0.9559924,-2.977401,73.96648,0,12660.23,12.25,9.369344,8223.53,1572.76,0,0.9529994,2.977401,-2.024402,27.86139,226.9442,239.0782,22264.65,329673.3,6893.16,12660.23,99.04626,99.04626,59.66036,78.54546,10.00023,20.00021,13798.08,12660.23
0.9566516,-2.977707,73.9544,0,12660.26,12.25,9.367682,8223.533,1572.376,0,0.9530126,2.977707,-2.024694,27.92847,227.0112,239.9341,21694.42,330399.6,6892.704,12660.26,99.04626,99.04626,59.66036,78.54546,10.00023,20.00021,13798.08,12660.26
0.9572723,-2.978225,73.94202,0,12660.29,12.25,9.365981,8223.536,1571.905,0,0.9530249,2.978225,-2.0252,27.99718,227.08,239.7212,20959.64,331144.2,6892.236,12660.29,99.04626,99.04626,59.66036,78.54546,10.00023,20.00021,13798.08,12660.29
0.9578242,-2.978586,73.93082,0,12660.31,12.25,9.364441,8223.538,1571.407,0,0.9530091,2.978586,-2.025577,28.05936,227.1421,238.6257,20373.06,331738.6,6891.866,12660.31,99.04626,99.04626,59.66036,78.54546,10.00023,20.00021,13798.08,12660.31
0.9584553,-2.979147,73.91756,0,12660.34,12.25,9.362617,8223.541,1570.754,0,0.9530485,2.979147,-2.026099,28.13298,227.2158,236.4141,19660.63,332462.4,6891.327,12660.34,99.04626,99.04626,59.66036,78.54546,10.00023,20.00021,13798.08,12660.34
0.959045,-2.97972,73.9043,0,12660.37,12.25,9.360794,8223.544,1570.016,0,0.9530602,2.97972,-2.02666,28.2066,227.2894,233.2441,18939.55,333193.8,6890.835,12660.37,99.04626,99.04626,59.66036,78.54546,10.00023,20.00021,13798.08,12660.37
0.959524,-2.980276,73.8931,0,12660.4,12.25,9.359255,8223.547,1569.333,0,0.9530699,2.980276,-2.027206,28.26877,227.3515,229.8415,18244.75,333756,6890.419,12660.4,99.04626,99.04626,59.66036,78.54546,10.00023,20.00021,13798.08,12660.4
0.960051,-2.980864,73.87983,0,12660.42,12.25,9.357431,8223.55,1568.459,0,0.9530804,2.980864,-2.027784,28.3424,227.4252,225.1969,17547.15,334466.7,6889.928,12660.42,99.04626,99.04626,59.66036,78.54546,10.00023,20.00021,13798.08,12660.42
0.9605108,-2.981392,73.86775,0,12660.45,12.25,9.35577,8223.552,1567.604,0,0.9530895,2.981392,-2.028303,28.40948,227.4922,220.2771,16970.04,335191.8,6889.479,12660.45,99.04626,99.04626,59.66036,78.54546,10.00023,20.00021,13798.08,12660.45
0.9609418,-2.981939,73.85537,0,12660.48,12.25,9.354068,8223.555,1566.674,0,0.9530982,2.981939,-2.028841,28.47819,227.561,214.8656,16302.15,335737.1,6889.021,12660.48,99.04626,99.04626,59.66036,78.54546,10.00023,20.00021,13798.08,12660.48
0.9613708,-2.982429,73.8424,0,12660.5,12.25,9.352285,8223.558,1565.644,0,0.9531067,2.982429,-2.029322,28.55018,227.6329,208.5975,15752.72,336428.9,6888.54,12660.5,99.04626,99.04626,59.66036,78.54546,10.00023,20.00021,13798.08,12660.5
0.9617417,-2.983012,73.83002,0,12660.52,12.25,9.350583,8223.56,1564.613,0,0.9531142,2.983012,-2.029898,28.61889,227.7017,202.3859,15120.28,337071.1,6888.075,12660.52,99.04626,99.04626,59.66036,78.54546,10.00023,20.00021,13798.08,12660.52
0.9619751,-2.984324,73.81792,-0.06465971,12660.55,12.25,9.348921,8223.563,1563.558,0,0.9531184,2.984324,-2.031205,28.68597,227.7688,196.0945,14948.64,337299.8,6887.626,12660.55,99.04626,99.04626,59.66036,78.54546,10.00023,20.00021,13798.08,12660.55
0.9618104,-2.983922,73.80553,-0.07972595,12660.57,12.25,9.347219,8223.564,1562.479,0,0.9531174,2.983922,-2.030804,28.75468,227.8375,190.4301,15222.25,337047.2,6887.154,12660.57,99.04626,99.04626,59.66036,78.54546,10.00023,20.00021,13798.08,12660.57
0.961385,-2.984176,73.79226,-0.09571861,12660.59,12.25,9.345393,8223.566,1561.35,0,0.9531094,2.984176,-2.031067,28.82831,227.9111,185.2417,15558.19,336710.2,6886.642,12660.59,99.04626,99.04626,59.66036,78.54546,10.00023,20.00021,13798.08,12660.59
0.9608328,-2.984409,73.78016,-0.1112281,12660.62,12.25,9.34373,8223.569,1560.376,0,0.953099,2.984409,-2.03131,28.89539,227.9782,181.4542,16042.71,336121.7,6886.164,12660.62,99.04626,99.04626,59.66036,78.54546,10.00023,20.00021,13798.08,12660.62
0.960158,-2.984406,73.76776,-0.1269486,12660.63,12.25,9.342026,8223.57,1559.449,0,0.953086,2.984406,-2.03132,28.9641,228.0469,178.8112,16834.3,335501,6885.668,12660.63,99.04626,99.04626,59.66036,78.54546,10.00023,20.00021,13798.08,12660.63
0.9592776,-2.984393,73.75476,-0.1436299,12660.66,12.25,9.34024,8223.573,1558.574,0,0.9530689,2.984393,-2.031324,29.03609,228.1189,177.3485,17731.31,334627.3,6885.135,12660.66,99.04626,99.04626,59.66036,78.54546,10.00023,20.00021,13798.08,12660.66
0.9583457,-2.9842,73.74235,-0.1597361,12660.67,12.25,9.338534,8223.575,1557.845,0,0.9530509,2.9842,-2.031149,29.1048,228.1876,177.255,18866.91,333514.3,6884.622,12660.67,99.04626,99.04626,59.66036,78.54546,10.00023,20.00021,13798.08,12660.67
0.9572839,-2.983877,73.73023,-0.1755971,12660.7,12.25,9.336869,8223.577,1557.247,0,0.95303,2.983877,-2.030847,29.17188,228.2547,178.313,19992.16,332411.4,6884.108,12660.7,99.04626,99.04626,59.66036,78.54546,10.00023,20.00021,13798.08,12660.7
0.9561651,-2.983452,73.71781,-0.176219,12660.72,12.25,9.335162,8223.579,1556.766,0,0.9530081,2.983452,-2.030444,29.2406,228.3234,180.4153,21375.13,331040,6883.578,12660.72,99.04626,99.04626,59.66036,78.54546,10.00023,20.00021,13798.08,12660.72
0.9550086,-2.983846,73.70569,-0.1757211,12660.74,12.25,9.333496,8223.581,1556.426,0,0.9529847,2.983846,-2.030862,29.30768,228.3905,183.3938,22564.79,329861,6883.054,12660.74,99.04626,99.04626,59.66036,78.54546,10.00023,20.00021,13798.08,12660.74
0.9539623,-2.982312,73.69326,-0.1751355,12660.76,12.25,9.331789,8223.583,1556.219,0,0.9529642,2.982312,-2.029347,29.37639,228.4592,187.1498,23921.32,328515.4,6882.506,12660.76,99.04626,99.04626,59.66036,78.54546,10.00023,20.00021,13798.08,12660.76
0.9528678,-2.981526,73.67995,-0.1722683,12660.78,12.25,9.32996,8223.586,1556.134,0,0.9529424,2.981526,-2.028583,29.45002,228.5328,191.9345,25194.98,327209.6,6881.919,12660.78,99.04626,99.04626,59.66036,78.54546,10.00023,20.00021,13798.08,12660.78
0.9519759,-2.980947,73.6687,-0.1749308,12660.8,12.25,9.328415,8223.588,1556.174,0,0.9529245,2.980947,-2.028022,29.51219,228.595,196.5622,26410.34,326048.9,6881.419,12660.8,99.04626,99.04626,59.66036,78.54546,10.00023,20.00021,13798.08,12660.8
0.9511292,-2.980166,73.65538,0,12660.83,12.25,9.326586,8223.591,1556.34,0,0.9529061,2.980166,-2.02726,29.58581,228.6686,202.2781,26840.38,325378.6,6880.828,12660.83,99.04626,99.04626,59.66036,78.54546,10.00023,20.00021,13798.08,12660.83
0.9514159,-2.979571,73.64325,0,12660.85,12.25,9.324919,8223.593,1556.548,0,0.9529092,2.979571,-2.026661,29.65289,228.7357,208.3235,26310.92,326042.8,6880.297,12660.85,99.04626,99.04626,59.66036,78.54546,10.00023,20.00021,13798.08,12660.85
0.9521041,-2.979185,73.63083,0,12660.88,12.25,9.323213,8223.596,1556.706,0,0.9529222,2.979185,-2.026263,29.7216,228.8044,215.2763,25663.63,326569.5,6879.771,12660.88,99.04626,99.04626,59.66036,78.54546,10.00023,20.00021,13798.08,12660.88
0.9529154,-2.978912,73.61782,0,12660.9,12.25,9.321425,8223.598,1556.778,0,0.9529383,2.978912,-2.025973,29.79359,228.8764,222.5422,25099.25,327276.7,6879.235,12660.9,99.04626,99.04626,59.66036,78.54546,10.00023,20.00021,13798.08,12660.9
0.9537103,-2.978885,73.60452,0,12660.93,12.25,9.319598,8223.601,1556.748,0,0.952954,2.978885,-2.025931,29.86721,228.95,228.8616,24410.58,327976.6,6878.698,12660.93,99.04626,99.04626,59.66036,78.54546,10.00023,20.00021,13798.08,12660.93
0.9544061,-2.979926,73.5933,0,12660.96,12.25,9.318056,8223.604,1556.641,0,0.9529678,2.979926,-2.026958,29.92938,229.0122,233.2921,23719.37,328550.1,6878.258,12660.96,99.04626,99.04626,59.66036,78.54546,10.00023,20.00021,13798.08,12660.96
0.955198,-2.979269,73.57913,0,12660.99,12.25,9.316109,8223.606,1556.403,0,0.9529836,2.979269,-2.026285,30.00792,229.0907,237.2868,22998.54,329409.6,6877.7,12660.99,99.04626,99.04626,59.66036,78.54546,10.00023,20.00021,13798.08,12660.99
0.9558383,-2.979478,73.56762,0,12661.01,12.25,9.314527,8223.608,1556.128,0,0.9529963,2.979478,-2.026482,30.07172,229.1545,239.3345,22414.7,330002.7,6877.26,12661.01,99.04626,99.04626,59.66036,78.54546,10.00023,20.00021,13798.08,12661.01
0.9565456,-2.979853,73.55463,0,12661.04,12.25,9.312742,8223.611,1555.731,0,0.9530104,2.979853,-2.026843,30.14371,229.2265,240.4574,21695.76,330732,6876.765,12661.04,99.04626,99.04626,59.66036,78.54546,10.00023,20.00021,13798.08,12661.04
0.9571837,-2.980335,73.54224,0,12661.07,12.25,9.31104,8223.615,1555.271,0,0.9530231,2.980335,-2.027312,30.21243,229.2952,240.3523,20958.25,331479.4,6876.295,12661.07,99.04626,99.04626,59.66036,78.54546,10.00023,20.00021,13798.08,12661.07
0.9578807,-2.980783,73.52837,0,12661.1,12.25,9.309134,8223.618,1554.665,0,0.953037,2.980783,-2.027746,30.28932,229.3721,239.013,20238.85,332209.8,6875.777,12661.1,99.04626,99.04626,59.66036,78.54546,10.00023,20.00021,13798.08,12661.1
0.95846,-2.98134,73.51598,0,12661.13,12.25,9.30743,8223.621,1554.047,0,0.9530486,2.98134,-2.028291,30.35804,229.4408,236.849,19507.94,332950.4,6875.313,12661.13,99.04626,99.04626,59.66036,78.54546,10.00023,20.00021,13798.08,12661.13
0.9590148,-2.981843,73.50388,0,12661.16,12.25,9.305768,8223.624,1553.375,0,0.9530597,2.981843,-2.028783,30.42511,229.5079,233.8741,18801.26,333522.6,6874.864,12661.16,99.04626,99.04626,59.66036,78.54546,10.00023,20.00021,13798.08,12661.16
0.9595357,-2.982305,73.49149,0,12661.18,12.25,9.304065,8223.626,1552.622,0,0.95307,2.982305,-2.029235,30.49383,229.5766,230.1439,18230.94,334246.6,6874.405,12661.18,99.04626,99.04626,59.66036,78.54546,10.00023,20.00021,13798.08,12661.18
0.9600344,-2.982891,73.47939,0,12661.21,12.25,9.302402,8223.629,1551.826,0,0.9530799,2.982891,-2.029811,30.56091,229.6437,225.7585,17545.1,334941.8,6873.954,12661.21,99.04626,99.04626,59.66036,78.54546,10.00023,20.00021,13798.08,12661.21
0.960525,-2.983463,73.46611,0,12661.24,12.25,9.300578,8223.632,1550.889,0,0.9530898,2.983463,-2.030373,30.63453,229.7173,220.4278,16858.94,335638.4,6873.46,12661.24,99.04626,99.04626,59.66036,78.54546,10.00023,20.00021,13798.08,12661.24
0.9609208,-2.983971,73.45401,0,12661.26,12.25,9.298915,8223.634,1549.969,0,0.9530538,2.983971,-2.030917,30.70161,229.7844,214.9287,16322.22,336183.5,6873.061,12661.26,99.04626,99.04626,59.66036,78.54546,10.00023,20.00021,13798.08,12661.26
0.9613587,-2.984509,73.44162,0,12661.29,12.25,9.297212,8223.637,1548.998,0,0.9531065,2.984509,-2.031402,30.77032,229.8531,209.0179,15639.71,336876.8,6872.548,12661.29,99.04626,99.04626,59.66036,78.54546,10.00023,20.00021,13798.08,12661.29
0.9617599,-2.985063,73.42834,0,12661.31,12.25,9.295386,8223.64,1547.892,0,0.9531145,2.985063,-2.031949,30.84395,229.9267,202.2808,15006.6,337520.3,6872.053,12661.31,99.04626,99.04626,59.66036,78.54546,10.00023,20.00021,13798.08,12661.31
0.9619608,-2.98558,73.41534,-0.06725642,12661.34,12.25,9.293602,8223.642,1546.764,0,0.9531197,2.98558,-2.032461,30.91594,229.9987,195.5575,14910.36,337676.3,6871.564,12661.34,99.04626,99.04626,59.66036,78.54546,10.00023,20.00021,13798.08,12661.34
0.9617187,-2.986006,73.40205,-0.0834275,12661.36,12.25,9.291776,8223.645,1545.607,0,0.9531158,2.986006,-2.032891,30.98956,230.0723,189.5931,15118,337335.1,6871.06,12661.36,99.04626,99.04626,59.66036,78.54546,10.00023,20.00021,13798.08,12661.36
0.9612607,-2.986304,73.38905,-0.09946207,12661.38,12.25,9.289989,8223.646,1544.516,0,0.9531071,2.986304,-2.033197,31.06154,230.1443,184.581,15664.93,336966.7,6870.557,12661.38,99.04626,99.04626,59.66036,78.54546,10.00023,20.00021,13798.08,12661.38
0.9606305,-2.986469,73.37576,-0.1161307,12661.41,12.25,9.288163,8223.648,1543.466,0,0.9530951,2.986469,-2.033374,31.13517,230.2179,180.8214,16263.04,336391.8,6870.034,12661.41,99.04626,99.04626,59.66036,78.54546,10.00023,20.00021,13798.08,12661.41
0.9598454,-2.986579,73.36275,-0.1326595,12661.43,12.25,9.286376,8223.651,1542.527,0,0.9530799,2.986579,-2.033499,31.20716,230.2899,178.4275,17037.94,335640.1,6869.504,12661.43,99.04626,99.04626,59.66036,78.54546,10.00023,20.00021,13798.08,12661.43
0.9589303,-2.986488,73.34943,-0.149793,12661.45,12.25,9.284547,8223.653,1541.672,0,0.9530623,2.986488,-2.033426,31.28078,230.3636,177.4759,18024.14,334532.5,6868.957,12661.45,99.04626,99.04626,59.66036,78.54546,10.00023,20.00021,13798.08,12661.45
0.9578703,-2.986263,73.33642,-0.1667252,12661.47,12.25,9.282759,8223.655,1540.959,0,0.9530414,2.986263,-2.033222,31.35277,230.4355,177.8985,19318.71,333407.3,6868.412,12661.47,99.04626,99.04626,59.66036,78.54546,10.00024,20.00021,13798.08,12661.47
0.9567063,-2.985839,73.3231,-0.1766608,12661.5,12.25,9.28093,8223.657,1540.37,0,0.9530188,2.985839,-2.032821,31.42639,230.5092,179.6289,20662.7,332082.5,6867.844,12661.5,99.04626,99.04626,59.66036,78.54546,10.00024,20.00021,13798.08,12661.5
0.9555412,-2.98546,73.31095,-0.1758408,12661.52,12.25,9.279262,8223.66,1539.969,0,0.9529956,2.98546,-2.032465,31.49347,230.5762,182.2394,21859.62,330747,6867.318,12661.52,99.04626,99.04626,59.66036,78.54546,10.00024,20.00022,13798.08,12661.52
0.9543886,-2.98488,73.29762,-0.1752798,12661.54,12.25,9.277431,8223.662,1539.683,0,0.9529727,2.98488,-2.031908,31.56709,230.6499,185.9459,23352.24,329415.1,6866.733,12661.54,99.04626,99.04626,59.66036,78.54546,10.00024,20.00022,13798.08,12661.54
0.9532468,-2.985172,73.28458,-0.1750495,12661.56,12.25,9.27564,8223.664,1539.546,0,0.9529498,2.985172,-2.032222,31.63908,230.7219,190.4997,24645.77,328133.4,6866.164,12661.56,99.04626,99.04626,59.66036,78.54546,10.00024,20.00022,13798.08,12661.56
0.9521559,-2.983402,73.27036,-0.174954,12661.59,12.25,9.273687,8223.667,1539.555,0,0.9529281,2.983402,-2.030474,31.71761,230.8004,196.0937,26081.39,326710.8,6865.527,12661.59,99.04626,99.04626,59.66036,78.54546,10.00024,20.00022,13798.08,12661.59
0.9512458,-2.98271,73.25732,0,12661.61,12.25,9.271897,8223.669,1539.697,0,0.9529181,2.98271,-2.029792,31.7896,230.8724,201.8138,26764.84,325909.2,6865.002,12661.61,99.04626,99.04626,59.66036,78.54546,10.00024,20.00022,13798.08,12661.61
0.9515058,-2.982107,73.24399,0,12661.64,12.25,9.270066,8223.672,1539.911,0,0.9529109,2.982107,-2.029196,31.86322,230.946,208.2183,26111.14,326576.4,6864.357,12661.64,99.04626,99.04626,59.66036,78.54546,10.00024,20.00022,13798.08,12661.64
0.9522518,-2.981711,73.23066,0,12661.67,12.25,9.268236,8223.675,1540.066,0,0.9529251,2.981711,-2.028786,31.93684,231.0196,215.6632,25463.39,327236,6863.789,12661.67,99.04626,99.04626,59.66036,78.54546,10.00024,20.00022,13798.08,12661.67
0.952999,-2.981464,73.21852,0,12661.69,12.25,9.266569,8223.677,1540.118,0,0.9529399,2.981464,-2.028524,32.00392,231.0867,222.4147,24898.21,327811.8,6863.287,12661.69,99.04626,99.04626,59.66036,78.54546,10.00024,20.00022,13798.08,12661.69
0.9537997,-2.981419,73.20521,0,12661.72,12.25,9.26474,8223.68,1540.076,0,0.9529557,2.981419,-2.028463,32.07755,231.1603,228.7007,24209.02,328512.3,6862.744,12661.72,99.04626,99.04626,59.66036,78.54546,10.00024,20.00022,13798.08,12661.72
0.9545277,-2.981562,73.19308,0,12661.74,12.25,9.263075,8223.683,1539.947,0,0.9529703,2.981562,-2.028592,32.14463,231.2274,233.3924,23517.31,329214.2,6862.257,12661.74,99.04626,99.04626,59.66036,78.54546,10.00024,20.00022,13798.08,12661.74
0.9552831,-2.981761,73.17978,0,12661.77,12.25,9.261248,8223.686,1539.709,0,0.9529853,2.981761,-2.028775,32.21825,231.301,237.0228,22796.1,329946.4,6861.732,12661.77,99.04626,99.04626,59.66036,78.54546,10.00024,20.00022,13798.08,12661.77
0.9560674,-2.982005,73.16589,0,12661.8,12.25,9.259339,8223.688,1539.356,0,0.9530009,2.982005,-2.029004,32.29514,231.3779,239.3378,22081.72,330672.1,6861.195,12661.8,99.04626,99.04626,59.66036,78.54546,10.00024,20.00022,13798.08,12661.8
0.9567204,-2.982414,73.15347,0,12661.83,12.25,9.257634,8223.691,1538.954,0,0.9530139,2.982414,-2.0294,32.36386,231.4466,240.0984,21345.74,331418.2,6860.714,12661.83,99.04626,99.04626,59.66036,78.54546,10.00024,20.00022,13798.08,12661.83
0.9573613,-2.982793,73.14136,0,12661.86,12.25,9.25597,8223.694,1538.484,0,0.9530267,2.982793,-2.029766,32.43094,231.5137,239.7739,20625.01,332001.1,6860.254,12661.86,99.04626,99.04626,59.66036,78.54546,10.00024,20.00022,13798.08,12661.86
0.9579595,-2.983174,73.12895,0,12661.89,12.25,9.254266,8223.697,1537.928,0,0.9530385,2.983174,-2.030136,32.49965,231.5824,238.4401,20037.18,332746.3,6859.783,12661.89,99.04626,99.04626,59.66036,78.54546,10.00024,20.00022,13798.08,12661.89
0.9585886,-2.984603,73.11595,0,12661.92,12.25,9.25248,8223.7,1537.265,0,0.9530504,2.984603,-2.031553,32.57164,231.6544,235.9921,19323.34,333470.5,6859.297,12661.92,99.04626,99.04626,59.66036,78.54546,10.00024,20.00022,13798.08,12661.92
0.9591259,-2.984225,73.10355,0,12661.94,12.25,9.250775,8223.703,1536.567,0,0.9530619,2.984225,-2.031163,32.64035,231.7231,232.8695,18601.75,334201.9,6858.822,12661.94,99.04626,99.04626,59.66036,78.54546,10.00024,20.00022,13798.08,12661.94
0.959684,-2.984772,73.09025,0,12661.97,12.25,9.24895,8223.706,1535.744,0,0.953073,2.984772,-2.031699,32.71398,231.7968,228.6931,17891.43,334922.8,6858.323,12661.97,99.04626,99.04626,59.66036,78.54546,10.00024,20.00022,13798.08,12661.97
0.9602375,-2.98529,73.07636,0,12662,12.25,9.247042,8223.708,1534.806,0,0.953084,2.98529,-2.032206,32.79087,231.8737,223.4416,17210.47,335614.7,6857.803,12662,99.04626,99.04626,59.66036,78.54546,10.00024,20.00022,13798.08,12662
0.9607239,-2.985853,73.06306,0,12662.03,12.25,9.245215,8223.711,1533.842,0,0.9530937,2.985853,-2.032759,32.86449,231.9473,217.8417,16529.69,336306,6857.304,12662.03,99.04626,99.04626,59.66036,78.54546,10.00024,20.00022,13798.08,12662.03
0.9611399,-2.986421,73.05095,0,12662.06,12.25,9.243551,8223.714,1532.909,0,0.9531021,2.986421,-2.033319,32.93158,232.0144,212.1499,15837.84,336876.4,6856.847,12662.06,99.04626,99.04626,59.66036,78.54546,10.00024,20.00022,13798.08,12662.06
0.9615601,-2.986972,73.03765,0,12662.08,12.25,9.241724,8223.717,1531.831,0,0.9531105,2.986972,-2.033861,33.0052,232.088,205.5883,15195.4,337533.3,6856.346,12662.08,99.04626,99.04626,59.66036,78.54546,10.00024,20.00022,13798.08,12662.08
0.9619157,-2.987459,73.02554,-0.05760761,12662.1,12.25,9.240061,8223.719,1530.802,0,0.9531177,2.987459,-2.034342,33.07228,232.1551,199.1424,14753.54,338154.3,6855.888,12662.1,99.04626,99.04626,59.66036,78.54546,10.00024,20.00022,13798.08,12662.1
0.9618983,-2.987986,73.01134,-0.07471822,12662.13,12.25,9.238111,8223.722,1529.561,0,0.9531189,2.987986,-2.034867,33.15081,232.2336,192.2655,14897.94,338033.9,6855.347,12662.13,99.04626,99.04626,59.66036,78.54546,10.00024,20.00022,13798.08,12662.13
0.9615692,-2.988326,72.99922,-0.08953471,12662.15,12.25,9.236445,8223.724,1528.517,0,0.9531128,2.988326,-2.035213,33.21789,232.3007,187.0235,15276.66,337676,6854.88,12662.15,99.04626,99.04626,59.66036,78.54546,10.00024,20.00022,13798.08,12662.15
0.9610436,-2.988521,72.98591,-0.1060593,12662.17,12.25,9.234617,8223.726,1527.423,0,0.9531029,2.988521,-2.035418,33.29151,232.3743,182.4909,15757.47,337218.3,6854.356,12662.17,99.04626,99.04626,59.66036,78.54546,10.00024,20.00022,13798.08,12662.17
0.960385,-2.988715,72.97377,-0.1213297,12662.2,12.25,9.232951,8223.729,1526.491,0,0.9530902,2.988715,-2.035625,33.35859,232.4414,179.4501,16328.59,336521,6853.871,12662.2,99.04626,99.04626,59.66036,78.54546,10.00024,20.00022,13798.08,12662.2
0.9595767,-2.988728,72.96045,-0.1383285,12662.21,12.25,9.231121,8223.73,1525.563,0,0.9530748,2.988728,-2.035653,33.43221,232.515,177.5461,17333.97,335687.1,6853.328,12662.21,99.04626,99.04626,59.66036,78.54546,10.00024,20.00022,13798.08,12662.21
0.9585819,-2.989558,72.94742,-0.1551556,12662.24,12.25,9.229332,8223.732,1524.758,0,0.9530544,2.989558,-2.036503,33.5042,232.587,177.093,18360.31,334684.4,6852.795,12662.24,99.04626,99.04626,59.66036,78.54546,10.00024,20.00022,13798.08,12662.24
0.957512,-2.98836,72.93408,-0.1725395,12662.26,12.25,9.227502,8223.734,1524.078,0,0.9530346,2.98836,-2.035326,33.57782,232.6606,178.0208,19600.59,333468.7,6852.226,12662.26,99.04626,99.04626,59.66036,78.54546,10.00024,20.00022,13798.08,12662.26
0.9561672,-2.987977,72.92015,-0.1763072,12662.29,12.25,9.225589,8223.737,1523.513,0,0.9529899,2.987977,-2.034987,33.65472,232.7375,180.3967,21065.13,332018.1,6851.688,12662.29,99.04626,99.04626,59.66036,78.54546,10.00024,20.00022,13798.08,12662.29
0.9550115,-2.98745,72.9068,-0.1754012,12662.31,12.25,9.223756,8223.739,1523.147,0,0.9529852,2.98745,-2.034465,33.72834,232.8111,183.6844,22417.52,330528.2,6851.052,12662.31,99.04626,99.04626,59.66036,78.54546,10.00024,20.00022,13798.08,12662.31
0.9539351,-2.98684,72.89434,-0.1750579,12662.33,12.25,9.222046,8223.741,1522.939,0,0.9529637,2.98684,-2.033876,33.79705,232.8798,187.5898,23774.82,329332.2,6850.508,12662.33,99.04626,99.04626,59.66036,78.54546,10.00024,20.00022,13798.08,12662.33
0.9528447,-2.986264,72.88129,-0.1749077,12662.35,12.25,9.220254,8223.744,1522.862,0,0.952942,2.986264,-2.033323,33.86904,232.9518,192.5105,25061.14,328057.8,6849.928,12662.35,99.04626,99.04626,59.66036,78.54546,10.00024,20.00022,13798.08,12662.35
0.9518162,-2.985564,72.86793,-0.1747972,12662.38,12.25,9.218421,8223.746,1522.919,0,0.9529215,2.985564,-2.032642,33.94267,233.0255,198.0716,26359.91,326609.6,6849.337,12662.38,99.04626,99.04626,59.66036,78.54546,10.00024,20.00022,13798.08,12662.38
0.9513089,-2.984817,72.85487,0,12662.4,12.25,9.216629,8223.749,1523.097,0,0.9529081,2.984817,-2.031909,34.01465,233.0974,203.9422,26312.54,326701.7,6848.76,12662.4,99.04626,99.04626,59.66036,78.54546,10.00024,20.00022,13798.08,12662.4
0.9518805,-2.984301,72.84152,0,12662.43,12.25,9.214796,8223.751,1523.287,0,0.9529179,2.984301,-2.031383,34.08828,233.1711,210.9848,25679.25,327347,6848.182,12662.43,99.04626,99.04626,59.66036,78.54546,10.00024,20.00022,13798.08,12662.43
0.9526613,-2.984057,72.82848,0,12662.45,12.25,9.213006,8223.754,1523.388,0,0.9529333,2.984057,-2.031124,34.16026,233.243,218.4724,24993.35,328044.4,6847.629,12662.45,99.04626,99.04626,59.66036,78.54546,10.00024,20.00022,13798.08,12662.45
0.9534617,-2.983921,72.81514,0,12662.48,12.25,9.211175,8223.757,1523.39,0,0.9529491,2.983921,-2.030972,34.23389,233.3167,225.3086,24313.45,328735.8,6847.079,12662.48,99.04626,99.04626,59.66036,78.54546,10.00024,20.00022,13798.08,12662.48
0.9542546,-2.983929,72.80211,0,12662.51,12.25,9.209386,8223.76,1523.29,0,0.9529649,2.983929,-2.030964,34.30587,233.3887,230.9602,23629.38,329430.9,6846.552,12662.51,99.04626,99.04626,59.66036,78.54546,10.00024,20.00022,13798.08,12662.51
0.9550143,-2.984059,72.78879,0,12662.54,12.25,9.207557,8223.763,1523.088,0,0.9529799,2.984059,-2.031079,34.3795,233.4623,235.1921,22913.96,330157.5,6846.021,12662.54,99.04626,99.04626,59.66036,78.54546,10.00024,20.00022,13798.08,12662.54
0.955766,-2.984272,72.77576,0,12662.57,12.25,9.205769,8223.766,1522.795,0,0.952995,2.984272,-2.031276,34.45148,233.5343,237.9739,22203.42,330878.7,6845.511,12662.57,99.04626,99.04626,59.66036,78.54546,10.00024,20.00022,13798.08,12662.57
0.9564713,-2.984592,72.76244,0,12662.6,12.25,9.20394,8223.769,1522.4,0,0.9530089,2.984592,-2.031583,34.52511,233.6079,239.3609,21469.78,331623.3,6844.993,12662.6,99.04626,99.04626,59.66036,78.54546,10.00024,20.00022,13798.08,12662.6
0.9571728,-2.984975,72.74943,0,12662.63,12.25,9.202152,8223.771,1521.924,0,0.9530225,2.984975,-2.031952,34.5971,233.6799,239.4305,20749.8,332353.7,6844.496,12662.63,99.04626,99.04626,59.66036,78.54546,10.00024,20.00022,13798.08,12662.63
0.9578604,-2.985353,72.73522,0,12662.66,12.25,9.200202,8223.774,1521.309,0,0.9530365,2.985353,-2.032316,34.67562,233.7584,238.2007,20014.73,333100.3,6843.952,12662.66,99.04626,99.04626,59.66036,78.54546,10.00024,20.00022,13798.08,12662.66
0.9584951,-2.98681,72.72221,0,12662.69,12.25,9.198415,8223.777,1520.658,0,0.9530485,2.98681,-2.033762,34.74761,233.8304,235.9118,19300.49,333824.9,6843.463,12662.69,99.04626,99.04626,59.66036,78.54546,10.00024,20.00022,13798.08,12662.69
0.9590374,-2.986344,72.70979,0,12662.71,12.25,9.19671,8223.78,1519.971,0,0.9530601,2.986344,-2.033284,34.81633,233.8991,232.9111,18578.03,334557.2,6842.985,12662.71,99.04626,99.04626,59.66036,78.54546,10.00024,20.00022,13798.08,12662.71
0.9596011,-2.986866,72.69647,0,12662.74,12.25,9.194882,8223.783,1519.159,0,0.9530713,2.986866,-2.033795,34.88995,233.9727,228.8394,17866.49,335279.3,6842.483,12662.74,99.04626,99.04626,59.66036,78.54546,10.00024,20.00022,13798.08,12662.74
0.9601261,-2.987388,72.68346,0,12662.77,12.25,9.193095,8223.786,1518.294,0,0.9530818,2.987388,-2.034307,34.96194,234.0447,224.0195,17184.02,335972.1,6841.993,12662.77,99.04626,99.04626,59.66036,78.54546,10.00024,20.00022,13798.08,12662.77
0.9606198,-2.987931,72.67014,0,12662.8,12.25,9.191267,8223.789,1517.344,0,0.9530917,2.987931,-2.034839,35.03556,234.1183,218.5186,16501.54,336665.1,6841.491,12662.8,99.04626,99.04626,59.66036,78.54546,10.00024,20.00022,13798.08,12662.8
0.9610454,-2.988368,72.65801,0,12662.82,12.25,9.189601,8223.791,1516.423,0,0.9531001,2.988368,-2.035268,35.10264,234.1854,212.8879,15939.18,337237.1,6841.037,12662.82,99.04626,99.04626,59.66036,78.54546,10.00024,20.00022,13798.08,12662.82
0.9614727,-2.988909,72.6447,0,12662.85,12.25,9.187773,8223.794,1515.357,0,0.9531087,2.988909,-2.0358,35.17627,234.259,206.3782,15290.85,337896,6840.534,12662.85,99.04626,99.04626,59.66036,78.54546,10.00024,20.00022,13798.08,12662.85
0.9618583,-2.989486,72.63168,-0.05761196,12662.88,12.25,9.185986,8223.797,1514.262,0,0.9531165,2.989486,-2.036369,35.24825,234.331,199.497,14720.14,338519.6,6840.04,12662.88,99.04626,99.04626,59.66036,78.54546,10.00024,20.00022,13798.08,12662.88
0.9618585,-2.989973,72.61836,-0.07363903,12662.9,12.25,9.184156,8223.799,1513.105,0,0.9531181,2.989973,-2.036855,35.32187,234.4046,193.0358,14808.26,338294.6,6839.533,12662.9,99.04626,99.04626,59.66036,78.54546,10.00024,20.00022,13798.08,12662.9
0.9615471,-2.990252,72.60622,-0.08843182,12662.92,12.25,9.18249,8223.801,1512.065,0,0.9531123,2.990252,-2.03714,35.38895,234.4717,187.7245,15175.61,338107.4,6839.065,12662.92,99.04626,99.04626,59.66036,78.54546,10.00024,20.00022,13798.08,12662.92
0.9609963,-2.99055,72.592,-0.1060416,12662.94,12.25,9.180538,8223.804,1510.903,0,0.953102,2.99055,-2.037448,35.46748,234.5503,182.855,15721.96,337585.8,6838.506,12662.94,99.04626,99.04626,59.66036,78.54546,10.00024,20.00022,13798.08,12662.94
0.9602936,-2.990749,72.57897,-0.1224306,12662.97,12.25,9.178749,8223.806,1509.912,0,0.9530885,2.990749,-2.037661,35.53947,234.6223,179.6447,16383.05,336947.7,6837.983,12662.97,99.04626,99.04626,59.66036,78.54546,10.00024,20.00022,13798.08,12662.97
0.9594709,-2.99078,72.56562,-0.1394404,12662.99,12.25,9.176917,8223.809,1508.996,0,0.9530727,2.99078,-2.037707,35.61309,234.6959,177.8682,17254.83,335953.5,6837.441,12662.99,99.04626,99.04626,59.66036,78.54546,10.00024,20.00022,13798.08,12662.99
0.9584756,-2.9907,72.55257,-0.1562741,12663.01,12.25,9.175126,8223.81,1508.208,0,0.9530525,2.9907,-2.037647,35.68508,234.7679,177.5272,18439.68,334938.6,6836.906,12663.01,99.04626,99.04626,59.66036,78.54546,10.00024,20.00022,13798.08,12663.01
0.9573966,-2.990382,72.53922,-0.1736626,12663.03,12.25,9.173294,8223.813,1507.539,0,0.9530323,2.990382,-2.03735,35.75871,234.8415,178.5733,19692.69,333710.2,6836.343,12663.03,99.04626,99.04626,59.66036,78.54546,10.00024,20.00022,13798.08,12663.03
0.9560714,-2.991102,72.52527,-0.1762101,12663.06,12.25,9.171379,8223.814,1506.993,0,0.9530056,2.991102,-2.038097,35.8356,234.9184,181.0692,21159.7,332257.5,6835.754,12663.06,99.04626,99.04626,59.66036,78.54546,10.00024,20.00022,13798.08,12663.06
0.9549738,-2.989621,72.51279,-0.1754088,12663.08,12.25,9.169668,8223.817,1506.66,0,0.9529845,2.989621,-2.036637,35.90432,234.9871,184.2144,22381.85,330895.2,6835.207,12663.08,99.04626,99.04626,59.66036,78.54546,10.00024,20.00022,13798.08,12663.08
0.9537221,-2.989024,72.49883,-0.1748585,12663.1,12.25,9.167752,8223.819,1506.438,0,0.9529685,2.989024,-2.036056,35.98121,235.064,188.7942,23812.65,329485.8,6834.586,12663.1,99.04626,99.04626,59.66036,78.54546,10.00024,20.00022,13798.08,12663.1
0.952671,-2.988412,72.48547,-0.1748089,12663.12,12.25,9.165918,8223.821,1506.384,0,0.9529384,2.988412,-2.035474,36.05483,235.1376,193.8564,25284.78,328167.6,6834.009,12663.12,99.04626,99.04626,59.66036,78.54546,10.00024,20.00022,13798.08,12663.12
0.9515849,-2.987696,72.47121,-0.1717364,12663.15,12.25,9.163961,8223.824,1506.473,0,0.9529168,2.987696,-2.034779,36.13337,235.2161,199.9371,26668.26,326752.7,6833.378,12663.15,99.04626,99.04626,59.66036,78.54546,10.00024,20.00022,13798.08,12663.15
0.9514386,-2.987003,72.45813,0,12663.18,12.25,9.162168,8223.827,1506.666,0,0.95291,2.987003,-2.034093,36.20535,235.2881,206.018,26020.31,327327.9,6832.803,12663.18,99.04626,99.04626,59.66036,78.54546,10.00024,20.00022,13798.08,12663.18
0.9521627,-2.986602,72.44387,0,12663.21,12.25,9.160211,8223.83,1506.841,0,0.9529235,2.986602,-2.033679,36.28388,235.3667,213.849,25248.23,327981.6,6832.191,12663.21,99.04626,99.04626,59.66036,78.54546,10.00024,20.00022,13798.08,12663.21
0.9530094,-2.986356,72.42992,0,12663.24,12.25,9.158297,8223.833,1506.906,0,0.9529402,2.986356,-2.033416,36.36078,235.4436,221.6807,24548.94,328688.2,6831.608,12663.24,99.04626,99.04626,59.66036,78.54546,10.00024,20.00022,13798.08,12663.24
0.9538651,-2.986274,72.41568,0,12663.26,12.25,9.156343,8223.836,1506.856,0,0.9529571,2.986274,-2.033317,36.43931,235.5221,228.4469,23857.46,329527.9,6831.024,12663.26,99.04626,99.04626,59.66036,78.54546,10.00024,20.00022,13798.08,12663.26
0.9546416,-2.98633,72.40263,0,12663.29,12.25,9.154552,8223.839,1506.705,0,0.9529726,2.98633,-2.033357,36.5113,235.5941,233.4277,23163.6,330232.8,6830.499,12663.29,99.04626,99.04626,59.66036,78.54546,10.00025,20.00022,13798.08,12663.29
0.9554489,-2.986442,72.3884,0,12663.32,12.25,9.152599,8223.842,1506.433,0,0.9529885,2.986442,-2.033453,36.58983,235.6726,237.1141,22440.54,330967.7,6829.938,12663.32,99.04626,99.04626,59.66036,78.54546,10.00025,20.00022,13798.08,12663.32
0.9561772,-2.986691,72.37537,0,12663.35,12.25,9.15081,8223.845,1506.084,0,0.953003,2.986691,-2.033688,36.66182,235.7446,239.094,21724.54,331694.4,6829.428,12663.35,99.04626,99.04626,59.66036,78.54546,10.00025,20.00022,13798.08,12663.35
0.9568787,-2.987017,72.36203,0,12663.38,12.25,9.14898,8223.848,1505.635,0,0.953017,2.987017,-2.034,36.73544,235.8182,239.6967,20987.55,332442.3,6828.911,12663.38,99.04626,99.04626,59.66036,78.54546,10.00025,20.00022,13798.08,12663.38
0.9575534,-2.987395,72.349,0,12663.41,12.25,9.147191,8223.851,1505.109,0,0.9530305,2.987395,-2.034365,36.80743,235.8902,239.051,20266.35,333174,6828.411,12663.41,99.04626,99.04626,59.66036,78.54546,10.00025,20.00022,13798.08,12663.41
0.9582323,-2.987923,72.33478,0,12663.45,12.25,9.14524,8223.854,1504.441,0,0.953044,2.987923,-2.034879,36.88596,235.9687,237.0949,19385.53,333919.8,6827.866,12663.45,99.04626,99.04626,59.66036,78.54546,10.00025,20.00022,13798.08,12663.45
0.9588808,-2.988412,72.32086,0,12663.47,12.25,9.14333,8223.856,1503.695,0,0.953057,2.988412,-2.035355,36.96285,236.0456,233.9646,18675.57,334787.3,6827.336,12663.47,99.04626,99.04626,59.66036,78.54546,10.00025,20.00022,13798.08,12663.47
0.9595251,-2.988978,72.30576,0,12663.51,12.25,9.141255,8223.86,1502.792,0,0.9530698,2.988978,-2.035909,37.0463,236.1291,229.511,17817.81,335515.2,6826.765,12663.51,99.04626,99.04626,59.66036,78.54546,10.00025,20.00022,13798.08,12663.51
0.9601604,-2.989589,72.29005,0,12663.54,12.25,9.139101,8223.863,1501.753,0,0.9530825,2.989589,-2.036507,37.133,236.2158,223.6968,16995.01,336354,6826.172,12663.54,99.04626,99.04626,59.66036,78.54546,10.00025,20.00022,13798.08,12663.54
0.960653,-2.990116,72.27673,0,12663.57,12.25,9.137272,8223.866,1500.799,0,0.9530923,2.990116,-2.037024,37.20663,236.2894,218.1034,16313.89,337049.1,6825.668,12663.57,99.04626,99.04626,59.66036,78.54546,10.00025,20.00023,13798.08,12663.57
0.9611086,-2.990575,72.26369,0,12663.59,12.25,9.135484,8223.869,1499.804,0,0.9531014,2.990575,-2.037474,37.27861,236.3614,211.9532,15753.05,337755.3,6825.177,12663.59,99.04626,99.04626,59.66036,78.54546,10.00025,20.00023,13798.08,12663.59
0.9615576,-2.991199,72.24947,0,12663.63,12.25,9.133532,8223.872,1498.657,0,0.9531105,2.991199,-2.038089,37.35715,236.4399,204.8745,14979.96,338412.7,6824.638,12663.63,99.04626,99.04626,59.66036,78.54546,10.00025,20.00023,13798.08,12663.63
0.9619085,-2.991712,72.23644,-0.06081545,12663.65,12.25,9.131742,8223.874,1497.551,0,0.953118,2.991712,-2.038594,37.42913,236.5119,197.9217,14630.77,338944.2,6824.143,12663.65,99.04626,99.04626,59.66036,78.54546,10.00025,20.00023,13798.08,12663.65
0.9618148,-2.99217,72.2231,-0.07688904,12663.67,12.25,9.129912,8223.877,1496.393,0,0.9531174,2.99217,-2.039053,37.50276,236.5855,191.5634,14759.91,338679.3,6823.634,12663.67,99.04626,99.04626,59.66036,78.54546,10.00025,20.00023,13798.08,12663.67
0.9614326,-2.992527,72.21006,-0.09282515,12663.69,12.25,9.128122,8223.879,1495.286,0,0.9531103,2.992527,-2.039417,37.57475,236.6575,186.0756,15233.08,338386.9,6823.128,12663.69,99.04626,99.04626,59.66036,78.54546,10.00025,20.00023,13798.08,12663.69
0.9608729,-2.992708,72.19672,-0.1093985,12663.72,12.25,9.126291,8223.881,1494.211,0,0.9530997,2.992708,-2.039608,37.64837,236.7311,181.7826,15754.91,337888.3,6822.603,12663.72,99.04626,99.04626,59.66036,78.54546,10.00025,20.00023,13798.08,12663.72
0.9600391,-2.992914,72.18188,-0.1281052,12663.74,12.25,9.124255,8223.884,1493.112,0,0.9530836,2.992914,-2.039831,37.73017,236.8129,178.5685,16645.79,337023.8,6822.007,12663.74,99.04626,99.04626,59.66036,78.54546,10.00025,20.00023,13798.08,12663.74
0.9591613,-2.992844,72.16852,-0.145197,12663.76,12.25,9.122422,8223.886,1492.231,0,0.9530666,2.992844,-2.039777,37.80379,236.8866,177.2919,17584.48,336109.1,6821.462,12663.76,99.04626,99.04626,59.66036,78.54546,10.00025,20.00023,13798.08,12663.76
0.9581265,-2.992777,72.15545,-0.1621035,12663.79,12.25,9.120629,8223.889,1491.487,0,0.9530464,2.992777,-2.039731,37.87578,236.9586,177.4641,18688.92,335028.5,6820.919,12663.79,99.04626,99.04626,59.66036,78.54546,10.00025,20.00023,13798.08,12663.79
0.9569892,-2.992527,72.14207,-0.1766172,12663.81,12.25,9.118794,8223.891,1490.865,0,0.9530244,2.992527,-2.039503,37.9494,237.0322,179.0157,20004.24,333588.7,6820.356,12663.81,99.04626,99.04626,59.66036,78.54546,10.00025,20.00023,13798.08,12663.81
0.9557513,-2.992176,72.129,-0.1758214,12663.83,12.25,9.117001,8223.893,1490.402,0,0.9529997,2.992176,-2.039176,38.02139,237.1042,181.7388,21486.96,332264,6819.799,12663.83,99.04626,99.04626,59.66036,78.54546,10.00025,20.00023,13798.08,12663.83
0.9545763,-2.991621,72.11562,-0.1752438,12663.85,12.25,9.115166,8223.895,1490.09,0,0.9529765,2.991621,-2.038645,38.09501,237.1778,185.4668,22836.03,330926.6,6819.22,12663.85,99.04626,99.04626,59.66036,78.54546,10.00025,20.00023,13798.08,12663.85
0.9534178,-2.992328,72.10253,-0.1749578,12663.88,12.25,9.113371,8223.897,1489.93,0,0.9529532,2.992328,-2.039375,38.167,237.2498,190.0836,24133.9,329640.4,6818.653,12663.88,99.04626,99.04626,59.66036,78.54546,10.00025,20.00023,13798.08,12663.88
0.952378,-2.990528,72.08913,-0.1746728,12663.9,12.25,9.111534,8223.9,1489.913,0,0.9529327,2.990528,-2.037596,38.24062,237.3234,195.4216,25443.87,328182.5,6818.059,12663.9,99.04626,99.04626,59.66036,78.54546,10.00025,20.00023,13798.08,12663.9
0.9513937,-2.989878,72.07604,0,12663.92,12.25,9.109738,8223.902,1490.029,0,0.9529002,2.989878,-2.036977,38.31261,237.3954,201.2777,26381.64,327287.4,6817.47,12663.92,99.04626,99.04626,59.66036,78.54546,10.00025,20.00023,13798.08,12663.92
0.9516011,-2.989254,72.06265,0,12663.95,12.25,9.107903,8223.904,1490.223,0,0.9529128,2.989254,-2.036341,38.38623,237.469,207.7027,25728.23,327953,6816.897,12663.95,99.04626,99.04626,59.66036,78.54546,10.00025,20.00023,13798.08,12663.95
0.9523317,-2.988876,72.04927,0,12663.98,12.25,9.106067,8223.907,1490.367,0,0.9529267,2.988876,-2.035949,38.45986,237.5426,215.2103,25080.9,328612.3,6816.328,12663.98,99.04626,99.04626,59.66036,78.54546,10.00025,20.00023,13798.08,12663.98
0.9531284,-2.98873,72.03619,0,12664,12.25,9.104274,8223.91,1490.409,0,0.9529425,2.98873,-2.035788,38.53185,237.6146,222.4944,24379.47,329325.1,6815.78,12664,99.04626,99.04626,59.66036,78.54546,10.00025,20.00023,13798.08,12664
0.9539272,-2.988661,72.02283,0,12664.03,12.25,9.10244,8223.913,1490.351,0,0.9529583,2.988661,-2.035702,38.60547,237.6882,228.7562,23685.92,330030.1,6815.233,12664.03,99.04626,99.04626,59.66036,78.54546,10.00025,20.00023,13798.08,12664.03
0.9547058,-2.988713,72.00977,0,12664.06,12.25,9.100648,8223.916,1490.192,0,0.9529738,2.988713,-2.035739,38.67746,237.7602,233.6609,22990.32,330736.7,6814.708,12664.06,99.04626,99.04626,59.66036,78.54546,10.00025,20.00023,13798.08,12664.06
0.9555099,-2.98881,71.99551,0,12664.09,12.25,9.098693,8223.919,1489.911,0,0.9529898,2.98881,-2.035821,38.75599,237.8388,237.2497,22265.67,331473.2,6814.145,12664.09,99.04626,99.04626,59.66036,78.54546,10.00025,20.00023,13798.08,12664.09
0.9562404,-2.989048,71.98246,0,12664.12,12.25,9.096902,8223.922,1489.555,0,0.9530044,2.989048,-2.036044,38.82798,237.9108,239.1245,21548.44,332201.2,6813.633,12664.12,99.04626,99.04626,59.66036,78.54546,10.00025,20.00023,13798.08,12664.12
0.956982,-2.989447,71.96822,0,12664.15,12.25,9.094949,8223.925,1489.065,0,0.9530191,2.989447,-2.036428,38.90651,237.9893,239.6112,20662.58,332950.8,6813.078,12664.15,99.04626,99.04626,59.66036,78.54546,10.00025,20.00023,13798.08,12664.15
0.9576969,-2.989835,71.95428,0,12664.18,12.25,9.093037,8223.929,1488.485,0,0.9530334,2.989835,-2.036802,38.9834,238.0662,238.6641,19941.23,333831.3,6812.54,12664.18,99.04626,99.04626,59.66036,78.54546,10.00025,20.00023,13798.08,12664.18
0.9584138,-2.990314,71.93915,0,12664.22,12.25,9.090961,8223.932,1487.751,0,0.9530476,2.990314,-2.037266,39.06684,238.1496,236.2482,19061.64,334577,6811.962,12664.22,99.04626,99.04626,59.66036,78.54546,10.00025,20.00023,13798.08,12664.22
0.9589781,-2.990666,71.92699,0,12664.24,12.25,9.089293,8223.935,1487.085,0,0.9530589,2.990666,-2.037607,39.13392,238.2167,233.2767,18497.8,335296.7,6811.5,12664.24,99.04626,99.04626,59.66036,78.54546,10.00025,20.00023,13798.08,12664.24
0.9595785,-2.991244,71.91276,0,12664.28,12.25,9.08734,8223.938,1486.224,0,0.9530709,2.991244,-2.038173,39.21245,238.2952,228.9296,17640.7,336023.4,6810.958,12664.28,99.04626,99.04626,59.66036,78.54546,10.00025,20.00023,13798.08,12664.28
0.9600815,-2.991637,71.9006,0,12664.3,12.25,9.085672,8223.939,1485.423,0,0.9530809,2.991637,-2.038556,39.27953,238.3623,224.3771,17095.84,336719.7,6810.5,12664.3,99.04626,99.04626,59.66036,78.54546,10.00025,20.00023,13798.08,12664.3
0.9606057,-2.992247,71.88637,0,12664.33,12.25,9.083719,8223.943,1484.414,0,0.9530914,2.992247,-2.039156,39.35806,238.4408,218.4605,16273.99,337417.5,6809.959,12664.33,99.04626,99.04626,59.66036,78.54546,10.00025,20.00023,13798.08,12664.33
0.9610931,-2.992788,71.87243,0,12664.36,12.25,9.081806,8223.946,1483.356,0,0.9531012,2.992788,-2.039687,39.43496,238.5177,211.8827,15580,338126.5,6809.432,12664.36,99.04626,99.04626,59.66036,78.54546,10.00025,20.00023,13798.08,12664.36
0.9615469,-2.993337,71.85819,0,12664.39,12.25,9.079854,8223.948,1482.21,0,0.9531102,2.993337,-2.040227,39.51349,238.5963,204.7493,14935.99,338913.3,6808.891,12664.39,99.04626,99.04626,59.66036,78.54546,10.00025,20.00023,13798.08,12664.39
0.9619044,-2.99384,71.84514,-0.06075931,12664.41,12.25,9.078063,8223.951,1481.106,0,0.9531178,2.99384,-2.040723,39.58548,238.6683,197.7478,14626.05,339278.6,6808.397,12664.41,99.04626,99.04626,59.66036,78.54546,10.00025,20.00023,13798.08,12664.41
0.9617904,-2.994331,71.83089,-0.07791135,12664.43,12.25,9.076109,8223.953,1479.872,0,0.9531169,2.994331,-2.041214,39.66401,238.7468,190.9491,14810.31,339118.5,6807.851,12664.43,99.04626,99.04626,59.66036,78.54546,10.00025,20.00023,13798.08,12664.43
0.961356,-2.99469,71.81694,-0.09496442,12664.46,12.25,9.074195,8223.956,1478.695,0,0.9531088,2.99469,-2.041582,39.7409,238.8237,185.1942,15210.32,338742.5,6807.309,12664.46,99.04626,99.04626,59.66036,78.54546,10.00025,20.00023,13798.08,12664.46
0.9607347,-2.994947,71.80269,-0.1126929,12664.48,12.25,9.07224,8223.958,1477.563,0,0.953097,2.994947,-2.04185,39.81943,238.9022,180.8374,15843.21,338134.6,6806.745,12664.48,99.04626,99.04626,59.66036,78.54546,10.00025,20.00023,13798.08,12664.48
0.959859,-2.995064,71.78783,-0.1314621,12664.51,12.25,9.070202,8223.961,1476.486,0,0.9530802,2.995064,-2.041983,39.90124,238.984,177.9646,16631.64,337225.7,6806.147,12664.51,99.04626,99.04626,59.66036,78.54546,10.00025,20.00023,13798.08,12664.51
0.9589548,-2.995055,71.77445,-0.1486039,12664.53,12.25,9.068367,8223.963,1475.629,0,0.9530627,2.995055,-2.041993,39.97486,239.0576,177.0003,17757.49,336270.8,6805.601,12664.53,99.04626,99.04626,59.66036,78.54546,10.00025,20.00023,13798.08,12664.53
0.9578201,-2.994904,71.76048,-0.1667159,12664.55,12.25,9.06645,8223.966,1474.868,0,0.9530404,2.994904,-2.041864,40.05175,239.1345,177.575,19025.04,335028.8,6805.021,12664.55,99.04626,99.04626,59.66036,78.54546,10.00025,20.00023,13798.08,12664.55
0.9566507,-2.994579,71.74709,-0.1763932,12664.58,12.25,9.064614,8223.968,1474.287,0,0.9530177,2.994579,-2.041561,40.12538,239.2082,179.5151,20375.76,333697,6804.457,12664.58,99.04626,99.04626,59.66036,78.54546,10.00025,20.00023,13798.08,12664.58
0.9562501,-2.994354,71.73399,0,12664.6,12.25,9.062819,8223.971,1473.846,0,0.953006,2.994354,-2.041347,40.19736,239.2801,181.9113,19730.18,334223.4,6803.901,12664.6,99.04626,99.04626,59.66036,78.54546,10.00025,20.00023,13798.08,12664.6
0.9566696,-2.994132,71.7197,0,12664.63,12.25,9.060861,8223.973,1473.374,0,0.9530135,2.994132,-2.041118,40.2759,239.3587,185.0723,19127.61,334838.4,6803.302,12664.63,99.04626,99.04626,59.66036,78.54546,10.00025,20.00023,13798.08,12664.63
0.9572736,-2.993972,71.70483,0,12664.65,12.25,9.058821,8223.976,1472.808,0,0.9530252,2.993972,-2.040947,40.3577,239.4405,188.1272,18527.53,335451.2,6802.694,12664.65,99.04626,99.04626,59.66036,78.54546,10.00025,20.00023,13798.08,12664.65
0.9578272,-2.993993,71.69055,0,12664.67,12.25,9.056863,8223.978,1472.185,0,0.9530362,2.993993,-2.040957,40.43623,239.519,189.9852,17906.08,336084.8,6802.112,12664.67,99.04626,99.04626,59.66036,78.54546,10.00025,20.00023,13798.08,12664.67
0.9583088,-2.994172,71.67836,0,12664.7,12.25,9.055191,8223.98,1471.59,0,0.9530453,2.994172,-2.041127,40.50331,239.5861,190.5929,17292.78,336564.3,6801.625,12664.7,99.04626,99.04626,59.66036,78.54546,10.00025,20.00023,13798.08,12664.7
0.9588213,-2.994298,71.66409,0,12664.72,12.25,9.053234,8223.982,1470.828,0,0.9530562,2.994298,-2.041241,40.58184,239.6646,190.1242,16665.88,337190.4,6801.05,12664.72,99.04626,99.04626,59.66036,78.54546,10.00025,20.00023,13798.08,12664.72
0.959298,-2.995677,71.65101,0,12664.74,12.25,9.051441,8223.984,1470.061,0,0.9530647,2.995677,-2.042613,40.65383,239.7366,188.6048,16197.83,337826,6800.54,12664.74,99.04626,99.04626,59.66036,78.54546,10.00025,20.00023,13798.08,12664.74
0.9597597,-2.994754,71.63675,0,12664.77,12.25,9.049484,8223.987,1469.167,0,0.9530748,2.994754,-2.041679,40.73236,239.8151,186.0046,15592.16,338443.5,6799.969,12664.77,99.04626,99.04626,59.66036,78.54546,10.00025,20.00023,13798.08,12664.77
0.9602581,-2.995094,71.62099,0,12664.8,12.25,9.047325,8223.99,1468.101,0,0.9530846,2.995094,-2.042009,40.81907,239.9019,181.9858,14844.86,339203.8,6799.35,12664.8,99.04626,99.04626,59.66036,78.54546,10.00025,20.00023,13798.08,12664.8
0.9606328,-2.995378,71.60762,0,12664.82,12.25,9.04549,8223.992,1467.14,0,0.9530923,2.995378,-2.042286,40.8927,239.9755,177.9202,14251.28,339661.1,6798.826,12664.82,99.04626,99.04626,59.66036,78.54546,10.00025,20.00023,13798.08,12664.82
0.961015,-2.995744,71.59365,0,12664.85,12.25,9.043575,8223.995,1466.081,0,0.953099,2.995744,-2.042645,40.96959,240.0524,172.9441,13684.95,340254.7,6798.284,12664.85,99.04626,99.04626,59.66036,78.54546,10.00025,20.00023,13798.08,12664.85
0.9614014,-2.996056,71.57761,0,12664.87,12.25,9.041374,8223.997,1464.81,0,0.9531075,2.996056,-2.042949,41.05794,240.1407,166.7399,13123.93,340960.2,6797.654,12664.87,99.04626,99.04626,59.66036,78.54546,10.00025,20.00023,13798.08,12664.87
0.9617282,-2.996427,71.56274,0,12664.89,12.25,9.039336,8223.999,1463.578,0,0.9531142,2.996427,-2.043313,41.13974,240.2225,160.4289,12559.43,341536.8,6797.075,12664.89,99.04626,99.04626,59.66036,78.54546,10.00025,20.00023,13798.08,12664.89
0.9619912,-2.996843,71.54937,0,12664.91,12.25,9.037502,8224.002,1462.431,0,0.9531195,2.996843,-2.043723,41.21336,240.2961,154.5868,12038.07,342069,6796.549,12664.91,99.04626,99.04626,59.66036,78.54546,10.00025,20.00023,13798.08,12664.91
0.9622353,-2.997187,71.53539,0,12664.93,12.25,9.035585,8224.003,1461.197,0,0.9531243,2.997187,-2.044063,41.29026,240.373,148.1732,11640.24,342478.2,6796.005,12664.93,99.04626,99.04626,59.66036,78.54546,10.00025,20.00023,13798.08,12664.93
0.9624484,-2.997558,71.52112,0,12664.95,12.25,9.033628,8224.006,1459.906,0,0.9531288,2.997558,-2.044429,41.36879,240.4516,141.6624,11039.3,342943.6,6795.444,12664.95,99.04626,99.04626,59.66036,78.54546,10.00025,20.00023,13798.08,12664.95
0.962631,-2.997895,71.50803,0,12664.97,12.25,9.031834,8224.008,1458.695,0,0.9531322,2.997895,-2.044762,41.44078,240.5236,135.4953,10620.25,343389.1,6794.933,12664.97,99.04626,99.04626,59.66036,78.54546,10.00025,20.00023,13798.08,12664.97
0.9627992,-2.998221,71.49377,0,12664.99,12.25,9.029878,8224.009,1457.352,0,0.9531357,2.998221,-2.045085,41.51931,240.6021,128.9347,10210.82,343941.7,6794.369,12664.99,99.04626,99.04626,59.66036,78.54546,10.00025,20.00023,13798.08,12664.99
0.962944,-2.998488,71.47889,0,12665,12.25,9.027838,8224.011,1455.928,0,0.9531385,2.998488,-2.045349,41.60111,240.6839,122.0443,9803.462,344361.2,6793.787,12665,99.04626,99.04626,59.66036,78.54546,10.00025,20.00023,13798.08,12665
0.9630589,-2.998809,71.46461,0,12665.02,12.25,9.02588,8224.013,1454.544,0,0.953141,2.998809,-2.045668,41.67964,240.7624,115.688,9408.729,344767.7,6793.221,12665.02,99.04626,99.04626,59.66036,78.54546,10.00025,20.00023,13798.08,12665.02
0.9631424,-2.999155,71.45061,0,12665.04,12.25,9.023961,8224.014,1453.173,0,0.9531427,2.999155,-2.046012,41.75654,240.8393,109.5039,8997.024,345061.5,6792.667,12665.04,99.04626,99.04626,59.66036,78.54546,10.00025,20.00023,13798.08,12665.04
0.9632182,-2.99944,71.43633,0,12665.05,12.25,9.022003,8224.015,1451.763,0,0.9531442,2.99944,-2.046296,41.83507,240.9178,103.4892,8731.837,345467.9,6792.098,12665.05,99.04626,99.04626,59.66036,78.54546,10.00025,20.00023,13798.08,12665.05
0.9632569,-2.999696,71.42235,0,12665.06,12.25,9.020084,8224.017,1450.373,0,0.9531451,2.999696,-2.046551,41.91196,240.9948,97.70411,8340.937,345870.3,6791.54,12665.06,99.04626,99.04626,59.66036,78.54546,10.00025,20.00023,13798.08,12665.06
0.9632904,-2.999949,71.40805,0,12665.07,12.25,9.018126,8224.018,1448.95,0,0.9531457,2.999949,-2.046803,41.9905,241.0733,92.15076,8064.992,346158.2,6790.97,12665.07,99.04626,99.04626,59.66036,78.54546,10.00025,20.00023,13798.08,12665.07
0.9632947,-3.000158,71.39406,0,12665.08,12.25,9.016207,8224.019,1447.552,0,0.9531457,3.000158,-2.047012,42.06739,241.1502,86.85124,7790.71,346444,6790.41,12665.08,99.04626,99.04626,59.66036,78.54546,10.00025,20.00023,13798.08,12665.08
0.9632972,-3.000365,71.38065,0,12665.09,12.25,9.014369,8224.02,1446.214,0,0.9531459,3.000365,-2.04722,42.14101,241.2238,82.11163,7525.488,346720.4,6789.871,12665.09,99.04626,99.04626,59.66036,78.54546,10.00025,20.00023,13798.08,12665.09
0.9632736,-3.000574,71.36665,0,12665.11,12.25,9.012449,8224.021,1444.815,0,0.9531453,3.000574,-2.047429,42.21791,241.3007,77.30526,7263.946,346993.6,6789.309,12665.11,99.04626,99.04626,59.66036,78.54546,10.00025,20.00023,13798.08,12665.11
0.9632509,-3.000736,71.35235,0,12665.12,12.25,9.010489,8224.022,1443.394,0,0.9531451,3.000736,-2.047591,42.29644,241.3792,72.75542,7012.653,347256.9,6788.729,12665.12,99.04626,99.04626,59.66036,78.54546,10.00025,20.00023,13798.08,12665.12
0.9631929,-3.000928,71.33924,0,12665.13,12.25,9.008692,8224.023,1442.089,0,0.9531428,3.000928,-2.047785,42.36843,241.4512,68.7374,6752.288,347528.1,6788.201,12665.13,99.04626,99.04626,59.66036,78.54546,10.00025,20.00023,13798.08,12665.13
0.9631581,-3.00103,71.32583,0,12665.13,12.25,9.006853,8224.023,1440.769,0,0.9531434,3.00103,-2.047887,42.44205,241.5248,64.9248,6626.588,347665.2,6787.654,12665.13,99.04626,99.04626,59.66036,78.54546,10.00025,20.00023,13798.08,12665.13
0.9630848,-3.00241,71.31182,0,12665.14,12.25,9.004933,8224.024,1439.386,0,0.9531404,3.00241,-2.049269,42.51895,241.6017,61.10382,6361.652,347941.8,6787.093,12665.14,99.04626,99.04626,59.66036,78.54546,10.00025,20.00023,13798.08,12665.14
0.9630291,-3.001276,71.2984,0,12665.15,12.25,9.003094,8224.025,1438.084,0,0.9531409,3.001276,-2.048135,42.59257,241.6754,57.74094,6228.719,348086.1,6786.538,12665.15,99.04626,99.04626,59.66036,78.54546,10.00025,20.00023,13798.08,12665.15
0.9628702,-3.001385,71.28439,0,12665.16,12.25,9.001173,8224.026,1436.712,0,0.953083,3.001385,-2.048302,42.66946,241.7522,54.39754,5962.9,348228.1,6786.036,12665.16,99.04626,99.04626,59.66036,78.54546,10.00026,20.00023,13798.08,12665.16
0.9628637,-3.001473,71.27008,0,12665.16,12.25,8.999211,8224.027,1435.352,0,0.9531375,3.001473,-2.048336,42.74799,241.8308,51.23574,5831.479,348507.2,6785.381,12665.16,99.04626,99.04626,59.66036,78.54546,10.00026,20.00023,13798.08,12665.16
0.9628575,-3.001559,71.25695,0,12665.17,12.25,8.997413,8224.027,1434.074,0,0.9532225,3.001559,-2.048336,42.81998,241.9028,48.47116,5705.716,348644.1,6784.831,12665.17,99.04626,99.04626,59.66036,78.54546,10.00026,20.00023,13798.08,12665.17
0.9626867,-3.001631,71.24264,0,12665.17,12.25,8.99545,8224.028,1432.75,0,0.9531342,3.001631,-2.048497,42.89851,241.9813,45.72618,5578.976,348782.9,6784.255,12665.17,99.04626,99.04626,59.66036,78.54546,10.00026,20.00023,13798.08,12665.17
0.9626492,-3.0017,71.22861,0,12665.18,12.25,8.993528,8224.028,1431.412,0,0.953217,3.0017,-2.048483,42.97541,242.0582,43.17039,5454.932,348918.8,6783.667,12665.18,99.04626,99.04626,59.66036,78.54546,10.00026,20.00023,13798.08,12665.18
0.9624668,-3.001755,71.2134,0,12665.19,12.25,8.991444,8224.029,1430.032,0,0.9531298,3.001755,-2.048625,43.05885,242.1416,40.64303,5200.861,349185.8,6783.052,12665.19,99.04626,99.04626,59.66036,78.54546,10.00026,20.00023,13798.08,12665.19
0.9624324,-3.001801,71.20027,0,12665.19,12.25,8.989644,8224.03,1428.804,0,0.9532109,3.001801,-2.04859,43.13084,242.2136,38.57373,5072.75,349196.6,6782.499,12665.19,99.04626,99.04626,59.66036,78.54546,10.00026,20.00023,13798.08,12665.19
0.9622616,-3.001836,71.18595,0,12665.2,12.25,8.98768,8224.03,1427.535,0,0.9531259,3.001836,-2.04871,43.20937,242.2921,36.50649,4949.084,349336.9,6781.921,12665.2,99.04626,99.04626,59.66036,78.54546,10.00026,20.00023,13798.08,12665.2
0.9622233,-3.001869,71.17192,0,12665.2,12.25,8.985758,8224.03,1426.254,0,0.9532049,3.001869,-2.048664,43.28626,242.369,34.57811,4949.478,349472.5,6781.329,12665.2,99.04626,99.04626,59.66036,78.54546,10.00026,20.00023,13798.08,12665.2
0.9620571,-3.00189,71.15759,0,12665.21,12.25,8.983795,8224.031,1425.013,0,0.9531218,3.00189,-2.048769,43.36479,242.4476,32.78394,4820.537,349613.6,6780.75,12665.21,99.04626,99.04626,59.66036,78.54546,10.00026,20.00023,13798.08,12665.21
0.9619647,-3.001909,71.14417,0,12665.21,12.25,8.981955,8224.031,1423.84,0,0.9531199,3.001909,-2.048789,43.43842,242.5212,31.21232,4696.857,349748.8,6780.194,12665.21,99.04626,99.04626,59.66036,78.54546,10.00026,20.00023,13798.08,12665.21
0.9618528,-3.00192,71.13013,0,12665.21,12.25,8.980032,8224.032,1422.629,0,0.9531175,3.00192,-2.048802,43.51531,242.5981,29.66253,4569.847,349887.7,6779.614,12665.21,99.04626,99.04626,59.66036,78.54546,10.00026,20.00023,13798.08,12665.21
0.9617252,-3.001879,71.11581,0,12665.22,12.25,8.978068,8224.032,1421.406,0,0.953115,3.001879,-2.048764,43.59384,242.6766,28.23422,4442.798,350027,6779.021,12665.22,99.04626,99.04626,59.66036,78.54546,10.00026,20.00023,13798.08,12665.22
0.9616247,-3.001943,71.10177,0,12665.22,12.25,8.976145,8224.032,1420.224,0,0.9531133,3.001943,-2.04883,43.67074,242.7535,26.88153,4443.167,350038.6,6778.438,12665.22,99.04626,99.04626,59.66036,78.54546,10.00026,20.00023,13798.08,12665.22
0.961531,-3.001944,71.08744,0,12665.23,12.25,8.974181,8224.033,1419.032,0,0.9531113,3.001944,-2.048833,43.74927,242.832,25.61951,4315.084,350178.9,6777.844,12665.23,99.04626,99.04626,59.66036,78.54546,10.00026,20.00023,13798.08,12665.23
0.9614038,-3.001946,71.0734,0,12665.23,12.25,8.972258,8224.033,1417.879,0,0.9531085,3.001946,-2.048837,43.82616,242.9089,24.46963,4190.373,350315.6,6777.262,12665.23,99.04626,99.04626,59.66036,78.54546,10.00026,20.00023,13798.08,12665.23
0.9613556,-3.001948,71.05846,0,12665.23,12.25,8.970211,8224.033,1416.645,0,0.9531803,3.001948,-2.048768,43.90797,242.9908,23.31033,4190.753,350328,6776.628,12665.23,99.04626,99.04626,59.66036,78.54546,10.00026,20.00023,13798.08,12665.23
0.961207,-3.001938,71.04414,0,12665.24,12.25,8.968247,8224.034,1415.522,0,0.9531048,3.001938,-2.048833,43.9865,243.0693,22.29178,4064.878,350466.1,6776.046,12665.24,99.04626,99.04626,59.66036,78.54546,10.00026,20.00023,13798.08,12665.24
0.9610095,-3.001941,71.02919,0,12665.24,12.25,8.9662,8224.034,1414.33,0,0.9530565,3.001941,-2.048885,44.0683,243.1511,21.32086,4065.218,350477.1,6775.498,12665.24,99.04626,99.04626,59.66036,78.54546,10.00026,20.00023,13798.08,12665.24
0.9610034,-3.00193,71.01585,0,12665.24,12.25,8.964371,8224.034,1413.301,0,0.9531008,3.00193,-2.048829,44.14143,243.2242,20.46668,3939.301,350615.9,6774.871,12665.24,99.04626,99.04626,59.66036,78.54546,10.00026,20.00023,13798.08,12665.24
0.9608093,-3.001927,71.00091,0,12665.25,12.25,8.962324,8224.035,1412.138,0,0.9530535,3.001927,-2.048873,44.22324,243.306,19.62369,3814.685,350751.8,6774.322,12665.25,99.04626,99.04626,59.66036,78.54546,10.00026,20.00023,13798.08,12665.25
0.9607989,-3.001914,70.98656,0,12665.25,12.25,8.96036,8224.035,1411.06,0,0.9530968,3.001914,-2.048817,44.30177,243.3846,18.82494,3815.066,350765.2,6773.654,12665.25,99.04626,99.04626,59.66036,78.54546,10.00026,20.00023,13798.08,12665.25
0.9606104,-3.001913,70.97252,0,12665.25,12.25,8.958435,8224.036,1409.994,0,0.9530507,3.001913,-2.048862,44.37867,243.4614,18.1444,3687.876,350775.4,6773.143,12665.25,99.04626,99.04626,59.66036,78.54546,10.00026,20.00023,13798.08,12665.25
0.9606122,-3.0019,70.95818,0,12665.25,12.25,8.95647,8224.036,1408.942,0,0.9530931,3.0019,-2.048807,44.4572,243.54,17.43082,3688.25,350916.3,6772.474,12665.25,99.04626,99.04626,59.66036,78.54546,10.00026,20.00023,13798.08,12665.25
0.9605479,-3.001899,70.94503,0,12665.25,12.25,8.954668,8224.036,1407.956,0,0.9531572,3.001899,-2.048742,44.52918,243.612,16.85851,3688.562,350927.2,6771.914,12665.25,99.04626,99.04626,59.66036,78.54546,10.00026,20.00023,13798.08,12665.25
0.9604383,-3.001886,70.93069,0,12665.26,12.25,8.952703,8224.036,1406.939,0,0.9530895,3.001886,-2.048796,44.60772,243.6905,16.23809,3564.202,351063.8,6771.331,12665.26,99.04626,99.04626,59.66036,78.54546,10.00026,20.00023,13798.08,12665.26
0.9603823,-3.001888,70.91664,0,12665.26,12.25,8.950779,8224.036,1405.911,0,0.9531525,3.001888,-2.048736,44.68461,243.7674,15.68069,3564.53,351075.5,6770.734,12665.26,99.04626,99.04626,59.66036,78.54546,10.00026,20.00024,13798.08,12665.26
0.9602491,-3.001873,70.9014,0,12665.26,12.25,8.948691,8224.037,1404.856,0,0.9530857,3.001873,-2.048787,44.76805,243.8508,15.12128,3440.201,351212.9,6770.113,12665.26,99.04626,99.04626,59.66036,78.54546,10.00026,20.00024,13798.08,12665.26
0.9601218,-3.001879,70.88735,0,12665.26,12.25,8.946766,8224.037,1403.862,0,0.9530437,3.001879,-2.048835,44.84494,243.9277,14.60654,3440.492,351223.1,6769.604,12665.26,99.04626,99.04626,59.66036,78.54546,10.00026,20.00024,13798.08,12665.26
0.9600592,-3.001877,70.87389,0,12665.26,12.25,8.944923,8224.037,1402.943,0,0.9530821,3.001877,-2.048795,44.91857,244.0013,14.19295,3440.831,351235.8,6768.969,12665.26,99.04626,99.04626,59.66036,78.54546,10.00026,20.00024,13798.08,12665.26
0.9600739,-3.00187,70.85985,0,12665.27,12.25,8.942999,8224.037,1401.965,0,0.9531435,3.00187,-2.048727,44.99546,244.0782,13.72253,3314.575,351374,6768.374,12665.27,99.04626,99.04626,59.66036,78.54546,10.00026,20.00024,13798.08,12665.27
0.959931,-3.001876,70.8455,0,12665.27,12.25,8.941032,8224.037,1401.012,0,0.9530796,3.001876,-2.048796,45.07399,244.1568,13.29442,3314.897,351386,6767.79,12665.27,99.04626,99.04626,59.66036,78.54546,10.00026,20.00024,13798.08,12665.27
0.959869,-3.001879,70.83144,0,12665.27,12.25,8.939107,8224.037,1400.055,0,0.9531379,3.001879,-2.048741,45.15089,244.2337,12.92916,3315.213,351397.7,6767.192,12665.27,99.04626,99.04626,59.66036,78.54546,10.00026,20.00024,13798.08,12665.27
0.959794,-3.001875,70.8162,0,12665.27,12.25,8.937019,8224.038,1399.067,0,0.9530768,3.001875,-2.048798,45.23433,244.3171,12.49071,3189.488,351536.4,6766.572,12665.27,99.04626,99.04626,59.66036,78.54546,10.00026,20.00024,13798.08,12665.27
0.9597596,-3.001886,70.80304,0,12665.27,12.25,8.935217,8224.038,1398.186,0,0.9531348,3.001886,-2.048752,45.30632,244.3891,12.15001,3189.777,351547.3,6766.013,12665.27,99.04626,99.04626,59.66036,78.54546,10.00026,20.00024,13798.08,12665.27
0.9596143,-3.001892,70.78959,0,12665.27,12.25,8.933373,8224.038,1397.334,0,0.9530733,3.001892,-2.048819,45.37994,244.4627,11.85643,3190.073,351558.6,6765.466,12665.27,99.04626,99.04626,59.66036,78.54546,10.00026,20.00024,13798.08,12665.27
0.9595919,-3.001892,70.77524,0,12665.28,12.25,8.931408,8224.038,1396.416,0,0.9530727,3.001892,-2.048819,45.45847,244.5412,11.50908,3064.214,351696.7,6764.871,12665.28,99.04626,99.04626,59.66036,78.54546,10.00026,20.00024,13798.08,12665.28
0.959522,-3.001908,70.76118,0,12665.28,12.25,8.929482,8224.038,1395.521,0,0.9530715,3.001908,-2.048836,45.53537,244.6181,11.18107,3064.517,351708.3,6764.287,12665.28,99.04626,99.04626,59.66036,78.54546,10.00026,20.00024,13798.08,12665.28
0.9594299,-3.001921,70.74683,0,12665.28,12.25,8.927515,8224.038,1394.618,0,0.9530696,3.001921,-2.048851,45.6139,244.6967,10.90129,3064.826,351720.3,6763.69,12665.28,99.04626,99.04626,59.66036,78.54546,10.00026,20.00024,13798.08,12665.28
0.9593683,-3.001921,70.73277,0,12665.28,12.25,8.925591,8224.039,1393.747,0,0.9530681,3.001921,-2.048853,45.69079,244.7736,10.63401,2939.299,351857.8,6763.108,12665.28,99.04626,99.04626,59.66036,78.54546,10.00026,20.00024,13798.08,12665.28
0.959347,-3.001944,70.71841,0,12665.28,12.25,8.923624,8224.039,1392.861,0,0.953068,3.001944,-2.048876,45.76932,244.8521,10.32803,2939.602,351869.8,6762.512,12665.28,99.04626,99.04626,59.66036,78.54546,10.00026,20.00024,13798.08,12665.28
0.9592618,-3.001965,70.70345,0,12665.28,12.25,8.921575,8224.039,1391.946,0,0.9530663,3.001965,-2.048898,45.85113,244.9339,10.0525,2939.917,351882.2,6761.891,12665.28,99.04626,99.04626,59.66036,78.54546,10.00026,20.00024,13798.08,12665.28
0.9591825,-3.001982,70.68999,0,12665.28,12.25,8.919731,8224.039,1391.132,0,0.9530647,3.001982,-2.048917,45.92475,245.0075,9.845294,2940.201,351893.4,6761.331,12665.28,99.04626,99.04626,59.66036,78.54546,10.00026,20.00024,13798.08,12665.28
0.959159,-3.00199,70.67683,0,12665.29,12.25,8.917929,8224.039,1390.346,0,0.953064,3.00199,-2.048926,45.99674,245.0795,9.619707,2815.447,352029.4,6760.787,12665.29,99.04626,99.04626,59.66036,78.54546,10.00026,20.00024,13798.08,12665.29
0.9591274,-3.002018,70.66248,0,12665.29,12.25,8.915962,8224.039,1389.49,0,0.9530636,3.002018,-2.048954,46.07527,245.1581,9.361667,2815.743,352041.3,6760.19,12665.29,99.04626,99.04626,59.66036,78.54546,10.00026,20.00024,13798.08,12665.29
0.9590482,-3.002047,70.64751,0,12665.29,12.25,8.913913,8224.039,1388.606,0,0.9530621,3.002047,-2.048985,46.15707,245.2399,9.129124,2816.052,352053.8,6759.57,12665.29,99.04626,99.04626,59.66036,78.54546,10.00026,20.00024,13798.08,12665.29
0.9589727,-3.002071,70.63315,0,12665.29,12.25,8.911945,8224.039,1387.767,0,0.9530606,3.002071,-2.04901,46.2356,245.3184,8.943585,2816.349,352065.8,6758.974,12665.29,99.04626,99.04626,59.66036,78.54546,10.00026,20.00024,13798.08,12665.29
0.958946,-3.002086,70.61909,0,12665.29,12.25,8.91002,8224.04,1386.957,0,0.9530597,3.002086,-2.049026,46.3125,245.3953,8.746483,2691.646,352202.4,6758.392,12665.29,99.04626,99.04626,59.66036,78.54546,10.00026,20.00024,13798.08,12665.29
0.9589292,-3.00212,70.60473,0,12665.29,12.25,8.908052,8224.04,1386.129,0,0.9530596,3.00212,-2.049061,46.39103,245.4738,8.519517,2691.936,352214.4,6757.796,12665.29,99.04626,99.04626,59.66036,78.54546,10.00026,20.00024,13798.08,12665.29
0.9588644,-3.002155,70.59066,0,12665.29,12.25,8.906126,8224.04,1385.323,0,0.9530584,3.002155,-2.049097,46.46793,245.5507,8.326159,2692.22,352226.1,6757.213,12665.29,99.04626,99.04626,59.66036,78.54546,10.00026,20.00024,13798.08,12665.29
0.9587971,-3.002186,70.57629,0,12665.29,12.25,8.904159,8224.04,1384.51,0,0.9530571,3.002186,-2.049129,46.54646,245.6292,8.161392,2692.511,352238,6756.618,12665.29,99.04626,99.04626,59.66036,78.54546,10.00026,20.00024,13798.08,12665.29
0.958729,-3.002217,70.56223,0,12665.29,12.25,8.902232,8224.04,1383.723,0,0.9530557,3.002217,-2.049161,46.62335,245.7061,8.021226,2692.795,352249.7,6756.034,12665.29,99.04626,99.04626,59.66036,78.54546,10.00026,20.00024,13798.08,12665.29
0.9587511,-3.002243,70.54787,0,12665.3,12.25,8.900266,8224.04,1382.924,0,0.953056,3.002243,-2.049187,46.70188,245.7847,7.823574,2567.804,352386.9,6755.44,12665.3,99.04626,99.04626,59.66036,78.54546,10.00026,20.00024,13798.08,12665.3
0.9587103,-3.002286,70.5338,0,12665.3,12.25,8.898338,8224.04,1382.142,0,0.9530553,3.002286,-2.049231,46.77878,245.8616,7.639224,2568.082,352398.6,6754.858,12665.3,99.04626,99.04626,59.66036,78.54546,10.00026,20.00024,13798.08,12665.3
0.9586484,-3.002329,70.51853,0,12665.3,12.25,8.896248,8224.04,1381.3,0,0.9530541,3.002329,-2.049274,46.86222,245.945,7.473045,2568.384,352411.3,6754.225,12665.3,99.04626,99.04626,59.66036,78.54546,10.00026,20.00024,13798.08,12665.3
0.9585871,-3.002367,70.50446,0,12665.3,12.25,8.894321,8224.04,1380.533,0,0.9530529,3.002367,-2.049314,46.93911,246.0219,7.340576,2568.662,352423,6753.642,12665.3,99.04626,99.04626,59.66036,78.54546,10.00026,20.00024,13798.08,12665.3
0.9585671,-3.002407,70.48949,0,12665.3,12.25,8.892271,8224.04,1379.709,0,0.9531007,3.002407,-2.049306,47.02092,246.1037,7.221575,2568.958,352435.5,6753.009,12665.3,99.04626,99.04626,59.66036,78.54546,10.00026,20.00024,13798.08,12665.3
0.9585583,-3.00244,70.47513,0,12665.3,12.25,8.890304,8224.041,1378.953,0,0.9530522,3.00244,-2.049388,47.09945,246.1822,7.046596,2444.203,352572.5,6752.429,12665.3,99.04626,99.04626,59.66036,78.54546,10.00026,20.00024,13798.08,12665.3
0.958485,-3.002492,70.46016,0,12665.3,12.25,8.888253,8224.041,1378.14,0,0.9530202,3.002492,-2.049472,47.18125,246.264,6.878469,2444.467,352583.3,6751.887,12665.3,99.04626,99.04626,59.66036,78.54546,10.00026,20.00024,13798.08,12665.3
0.9584699,-3.002785,70.4458,0,12665.3,12.25,8.886288,8224.041,1377.381,0,0.9530506,3.002785,-2.049735,47.25978,246.3426,6.744272,2444.776,352597.1,6751.204,12665.3,99.04626,99.04626,59.66036,78.54546,10.00026,20.00024,13798.08,12665.3
0.9584194,-3.004225,70.43082,0,12665.3,12.25,8.884237,8224.041,1376.586,0,0.9530488,3.004225,-2.051176,47.34159,246.4244,6.623571,2445.083,352610.3,6750.547,12665.3,99.04626,99.04626,59.66036,78.54546,10.00026,20.00024,13798.08,12665.3
0.9583877,-3.002851,70.41645,0,12665.3,12.25,8.882269,8224.041,1375.836,0,0.9530489,3.002851,-2.049802,47.42012,246.5029,6.527616,2445.386,352623.3,6749.896,12665.3,99.04626,99.04626,59.66036,78.54546,10.00026,20.00024,13798.08,12665.3
0.9584056,-3.004265,70.40237,0,12665.31,12.25,8.880342,8224.041,1375.097,0,0.9530482,3.004265,-2.051217,47.49701,246.5798,6.406663,2321.478,352760,6749.281,12665.31,99.04626,99.04626,59.66036,78.54546,10.00026,20.00024,13798.08,12665.31
0.9584205,-3.002911,70.3871,0,12665.31,12.25,8.87825,8224.041,1374.299,0,0.9530495,3.002911,-2.049862,47.58045,246.6632,6.249099,2321.793,352773.8,6748.592,12665.31,99.04626,99.04626,59.66036,78.54546,10.00026,20.00024,13798.08,12665.31
0.9583872,-3.004352,70.37392,0,12665.31,12.25,8.876446,8224.041,1373.604,0,0.9530481,3.004352,-2.051304,47.65244,246.7352,6.130734,2322.056,352785.4,6748.016,12665.31,99.04626,99.04626,59.66036,78.54546,10.00026,20.00024,13798.08,12665.31
0.9583562,-3.002997,70.35865,0,12665.31,12.25,8.874353,8224.041,1372.811,0,0.9530482,3.002997,-2.049949,47.73588,246.8187,6.016504,2322.37,352799.2,6747.326,12665.31,99.04626,99.04626,59.66036,78.54546,10.00026,20.00024,13798.08,12665.31
0.9583142,-3.00304,70.34277,0,12665.31,12.25,8.87218,8224.041,1371.988,0,0.9530473,3.00304,-2.049993,47.82259,246.9054,5.915301,2322.692,352813.3,6746.622,12665.31,99.04626,99.04626,59.66036,78.54546,10.00026,20.00024,13798.08,12665.31
0.958284,-3.003096,70.32749,0,12665.31,12.25,8.870088,8224.041,1371.203,0,0.9530468,3.003096,-2.050049,47.90603,246.9888,5.835492,2323.003,352827,6745.941,12665.31,99.04626,99.04626,59.66036,78.54546,10.00026,20.00024,13798.08,12665.31
0.9583065,-3.003135,70.31342,0,12665.31,12.25,8.868161,8224.042,1370.483,0,0.9530469,3.003135,-2.050088,47.98293,247.0657,5.734347,2198.592,352964.3,6745.319,12665.31,99.04626,99.04626,59.66036,78.54546,10.00026,20.00024,13798.08,12665.31
0.9583253,-3.003201,70.29814,0,12665.31,12.25,8.866069,8224.042,1369.695,0,0.9530476,3.003201,-2.050154,48.06636,247.1491,5.596693,2198.896,352977.9,6744.639,12665.31,99.04626,99.04626,59.66036,78.54546,10.00026,20.00024,13798.08,12665.31
0.9582946,-3.003272,70.28316,0,12665.31,12.25,8.864017,8224.042,1368.923,0,0.953047,3.003272,-2.050225,48.14817,247.2309,5.480653,2199.192,352991.3,6743.975,12665.31,99.04626,99.04626,59.66036,78.54546,10.00026,20.00024,13798.08,12665.31
0.958263,-3.003335,70.26698,0,12665.31,12.25,8.861802,8224.042,1368.095,0,0.9530464,3.003335,-2.050289,48.23652,247.3193,5.377664,2199.513,353005.7,6743.256,12665.31,99.04626,99.04626,59.66036,78.54546,10.00026,20.00024,13798.08,12665.31
0.9582273,-3.003407,70.25109,0,12665.31,12.25,8.859628,8224.042,1367.287,0,0.9530457,3.003407,-2.050361,48.32323,247.406,5.291984,2199.827,353019.9,6742.551,12665.31,99.04626,99.04626,59.66036,78.54546,10.00026,20.00024,13798.08,12665.31
0.9581986,-3.003467,70.23581,0,12665.31,12.25,8.857535,8224.042,1366.514,0,0.9530451,3.003467,-2.050422,48.40667,247.4894,5.224458,2200.13,353033.5,6741.873,12665.31,99.04626,99.04626,59.66036,78.54546,10.00026,20.00024,13798.08,12665.31
0.958168,-3.003532,70.22083,0,12665.31,12.25,8.855484,8224.042,1365.76,0,0.9530445,3.003532,-2.050488,48.48847,247.5712,5.167873,2200.427,353046.9,6741.208,12665.31,99.04626,99.04626,59.66036,78.54546,10.00026,20.00024,13798.08,12665.31
0.958234,-3.003595,70.20555,0,12665.32,12.25,8.853393,8224.042,1364.99,0,0.9530457,3.003595,-2.050549,48.57191,247.6547,5.042449,2076.414,353184.8,6740.532,12665.32,99.04626,99.04626,59.66036,78.54546,10.00026,20.00024,13798.08,12665.32
0.9582217,-3.003669,70.19146,0,12665.32,12.25,8.851464,8224.042,1364.276,0,0.9530455,3.003669,-2.050623,48.64881,247.7316,4.938583,2076.686,353197.4,6739.907,12665.32,99.04626,99.04626,59.66036,78.54546,10.00027,20.00024,13798.08,12665.32
0.9581971,-3.00374,70.17707,0,12665.32,12.25,8.849494,8224.042,1363.55,0,0.9530451,3.00374,-2.050695,48.72734,247.8101,4.850131,2076.964,353210.2,6739.27,12665.32,99.04626,99.04626,59.66036,78.54546,10.00027,20.00024,13798.08,12665.32
0.9581671,-3.003814,70.16209,0,12665.32,12.25,8.847443,8224.042,1362.797,0,0.9530445,3.003814,-2.05077,48.80914,247.8919,4.770635,2077.254,353223.6,6738.605,12665.32,99.04626,99.04626,59.66036,78.54546,10.00027,20.00024,13798.08,12665.32
0.9581062,-3.003885,70.14709,0,12665.32,12.25,8.84539,8224.042,1362.04,0,0.9530147,3.003885,-2.05087,48.89095,247.9737,4.70389,2077.52,353235.3,6738.021,12665.32,99.04626,99.04626,59.66036,78.54546,10.00027,20.00024,13798.08,12665.32
0.958113,-3.00396,70.13181,0,12665.32,12.25,8.843298,8224.042,1361.288,0,0.9530434,3.00396,-2.050916,48.97438,248.0572,4.647926,2077.839,353250.6,6737.262,12665.32,99.04626,99.04626,59.66036,78.54546,10.00027,20.00024,13798.08,12665.32
0.9580827,-3.004088,70.11681,0,12665.32,12.25,8.841246,8224.042,1360.544,0,0.9530421,3.004088,-2.051046,49.05619,248.139,4.601073,2078.126,353263.8,6736.603,12665.32,99.04626,99.04626,59.66036,78.54546,10.00027,20.00024,13798.08,12665.32
0.9581185,-3.0041,70.10063,0,12665.32,12.25,8.83903,8224.043,1359.749,0,0.9530432,3.0041,-2.051057,49.14454,248.2273,4.52565,1953.227,353403.6,6735.881,12665.32,99.04626,99.04626,59.66036,78.54546,10.00027,20.00024,13798.08,12665.32
0.9581405,-3.004174,70.08654,0,12665.32,12.25,8.837101,8224.043,1359.047,0,0.9530439,3.004174,-2.05113,49.22143,248.3042,4.425808,1953.492,353416.1,6735.259,12665.32,99.04626,99.04626,59.66036,78.54546,10.00027,20.00024,13798.08,12665.32
0.9581221,-3.004281,70.06953,0,12665.32,12.25,8.834774,8224.043,1358.202,0,0.9530436,3.004281,-2.051237,49.3142,248.397,4.326366,1953.813,353431.3,6734.505,12665.32,99.04626,99.04626,59.66036,78.54546,10.00027,20.00024,13798.08,12665.32
0.9580941,-3.004366,70.05364,0,12665.32,12.25,8.832598,8224.043,1357.415,0,0.953043,3.004366,-2.051323,49.40091,248.4837,4.248242,1954.113,353445.4,6733.8,12665.32,99.04626,99.04626,59.66036,78.54546,10.00027,20.00024,13798.08,12665.32
0.9580708,-3.004445,70.03745,0,12665.32,12.25,8.830381,8224.043,1356.617,0,0.9530426,3.004445,-2.051402,49.48925,248.572,4.183295,1954.418,353459.9,6733.082,12665.32,99.04626,99.04626,59.66036,78.54546,10.00027,20.00024,13798.08,12665.32
0.9580457,-3.004527,70.02245,0,12665.32,12.25,8.828329,8224.043,1355.882,0,0.953042,3.004527,-2.051485,49.57106,248.6538,4.13213,1954.701,353473.3,6732.417,12665.32,99.04626,99.04626,59.66036,78.54546,10.00027,20.00024,13798.08,12665.32
0.9580263,-3.004599,70.00806,0,12665.32,12.25,8.826359,8224.043,1355.179,0,0.9530417,3.004599,-2.051557,49.64959,248.7324,4.09161,1954.973,353486.1,6731.779,12665.32,99.04626,99.04626,59.66036,78.54546,10.00027,20.00024,13798.08,12665.32
0.9580025,-3.004683,69.99216,0,12665.32,12.25,8.824183,8224.043,1354.406,0,0.9530412,3.004683,-2.051641,49.7363,248.8191,4.053479,1955.272,353500.3,6731.075,12665.32,99.04626,99.04626,59.66036,78.54546,10.00027,20.00024,13798.08,12665.32
0.9579853,-3.004751,69.97626,0,12665.33,12.25,8.822007,8224.043,1353.63,0,0.9530126,3.004751,-2.051739,49.82301,248.9058,4.003408,1831.191,353637.2,6730.454,12665.33,99.04626,99.04626,59.66036,78.54546,10.00027,20.00024,13798.08,12665.33
0.9580633,-3.004844,69.96097,0,12665.33,12.25,8.819913,8224.043,1352.89,0,0.9530423,3.004844,-2.051802,49.90645,248.9892,3.908042,1831.495,353652.4,6729.695,12665.33,99.04626,99.04626,59.66036,78.54546,10.00027,20.00024,13798.08,12665.33
0.9580442,-3.004937,69.94417,0,12665.33,12.25,8.817614,8224.043,1352.066,0,0.953042,3.004937,-2.051895,49.99807,249.0809,3.819193,1831.803,353667.4,6728.953,12665.33,99.04626,99.04626,59.66036,78.54546,10.00027,20.00024,13798.08,12665.33
0.9580256,-3.005036,69.92796,0,12665.33,12.25,8.815396,8224.043,1351.276,0,0.9530417,3.005036,-2.051995,50.08642,249.1692,3.749392,1832.102,353681.8,6728.233,12665.33,99.04626,99.04626,59.66036,78.54546,10.00027,20.00024,13798.08,12665.33
0.9580014,-3.005128,69.91296,0,12665.33,12.25,8.813343,8224.043,1350.547,0,0.9530412,3.005128,-2.052087,50.16822,249.251,3.694305,1832.378,353695.2,6727.57,12665.33,99.04626,99.04626,59.66036,78.54546,10.00027,20.00024,13798.08,12665.33
0.957983,-3.005211,69.89676,0,12665.33,12.25,8.811126,8224.043,1349.764,0,0.9530408,3.005211,-2.05217,50.25657,249.3394,3.645648,1832.676,353709.7,6726.851,12665.33,99.04626,99.04626,59.66036,78.54546,10.00027,20.00024,13798.08,12665.33
0.9579607,-3.005304,69.88085,0,12665.33,12.25,8.808949,8224.043,1348.997,0,0.9530404,3.005304,-2.052263,50.34328,249.4261,3.605332,1832.969,353723.8,6726.147,12665.33,99.04626,99.04626,59.66036,78.54546,10.00027,20.00024,13798.08,12665.33
0.9579442,-3.005382,69.86555,0,12665.33,12.25,8.806854,8224.043,1348.263,0,0.9530401,3.005382,-2.052342,50.42672,249.5095,3.573682,1833.25,353737.5,6725.468,12665.33,99.04626,99.04626,59.66036,78.54546,10.00027,20.00024,13798.08,12665.33
0.9579253,-3.005466,69.85054,0,12665.33,12.25,8.8048,8224.043,1347.546,0,0.9530396,3.005466,-2.052427,50.50853,249.5913,3.547267,1833.526,353750.9,6724.804,12665.33,99.04626,99.04626,59.66036,78.54546,10.00027,20.00024,13798.08,12665.33
0.9579102,-3.005546,69.83524,0,12665.33,12.25,8.802706,8224.043,1346.816,0,0.9530393,3.005546,-2.052507,50.59197,249.6747,3.525279,1833.808,353764.5,6724.125,12665.33,99.04626,99.04626,59.66036,78.54546,10.00027,20.00024,13798.08,12665.33
0.9579833,-3.005626,69.82023,0,12665.33,12.25,8.800653,8224.044,1346.099,0,0.9530407,3.005626,-2.052585,50.67377,249.7565,3.445108,1709.493,353902.5,6723.463,12665.33,99.04626,99.04626,59.66036,78.54546,10.00027,20.00024,13798.08,12665.33
0.9579791,-3.007205,69.80432,0,12665.33,12.25,8.798475,8224.044,1345.327,0,0.95304,3.007205,-2.054165,50.76048,249.8433,3.366253,1709.774,353916.5,6722.77,12665.33,99.04626,99.04626,59.66036,78.54546,10.00027,20.00024,13798.08,12665.33
0.9579663,-3.005821,69.78811,0,12665.33,12.25,8.796257,8224.044,1344.55,0,0.9530405,3.005821,-2.052781,50.84883,249.9316,3.300484,1710.069,353931.1,6722.042,12665.33,99.04626,99.04626,59.66036,78.54546,10.00027,20.00024,13798.08,12665.33
0.9579442,-3.005905,69.7731,0,12665.33,12.25,8.794203,8224.044,1343.829,0,0.95304,3.005905,-2.052865,50.93063,250.0134,3.248544,1710.338,353944.5,6721.379,12665.33,99.04626,99.04626,59.66036,78.54546,10.00027,20.00024,13798.08,12665.33
0.9579304,-3.006,69.75779,0,12665.33,12.25,8.792108,8224.044,1343.097,0,0.9530398,3.006,-2.05296,51.01407,250.0968,3.204972,1710.613,353958.2,6720.699,12665.33,99.04626,99.04626,59.66036,78.54546,10.00027,20.00024,13798.08,12665.33
0.9579092,-3.006105,69.74097,0,12665.33,12.25,8.789807,8224.044,1342.296,0,0.9530393,3.006105,-2.053065,51.10569,250.1885,3.164593,1710.914,353973.2,6719.955,12665.33,99.04626,99.04626,59.66036,78.54546,10.00027,20.00024,13798.08,12665.33
0.9578968,-3.006179,69.72655,0,12665.33,12.25,8.787835,8224.044,1341.611,0,0.9530391,3.006179,-2.053139,51.18422,250.267,3.136322,1711.173,353986,6719.316,12665.33,99.04626,99.04626,59.66036,78.54546,10.00027,20.00024,13798.08,12665.33
0.9578792,-3.006272,69.71154,0,12665.33,12.25,8.78578,8224.044,1340.901,0,0.9530388,3.006272,-2.053233,51.26603,250.3488,3.111105,1711.442,353999.4,6718.651,12665.33,99.04626,99.04626,59.66036,78.54546,10.00027,20.00024,13798.08,12665.33
0.9578663,-3.006355,69.69533,0,12665.33,12.25,8.783561,8224.044,1340.135,0,0.9530385,3.006355,-2.053317,51.35438,250.4371,3.088977,1711.734,354013.9,6717.933,12665.33,99.04626,99.04626,59.66036,78.54546,10.00027,20.00024,13798.08,12665.33
0.9578503,-3.006448,69.67941,0,12665.33,12.25,8.781384,8224.044,1339.387,0,0.9530382,3.006448,-2.05341,51.44109,250.5239,3.070781,1712.019,354028.1,6717.228,12665.33,99.04626,99.04626,59.66036,78.54546,10.00027,20.00024,13798.08,12665.33
0.9578532,-3.006473,69.66409,0,12665.34,12.25,8.779288,8224.044,1338.668,0,0.9530379,3.006473,-2.053435,51.52453,250.6073,3.048359,1587.787,354166.3,6716.551,12665.34,99.04626,99.04626,59.66036,78.54546,10.00027,20.00025,13798.08,12665.34
0.9579245,-3.006623,69.64818,0,12665.34,12.25,8.77711,8224.044,1337.915,0,0.9530396,3.006623,-2.053583,51.61124,250.694,2.969031,1588.065,354180.4,6715.847,12665.34,99.04626,99.04626,59.66036,78.54546,10.00027,20.00025,13798.08,12665.34
0.9579144,-3.008224,69.63316,0,12665.34,12.25,8.775055,8224.044,1337.195,0,0.9530388,3.008224,-2.055186,51.69304,250.7758,2.906356,1588.324,354193.7,6715.193,12665.34,99.04626,99.04626,59.66036,78.54546,10.00027,20.00025,13798.08,12665.34
0.9579045,-3.006813,69.61784,0,12665.34,12.25,8.772959,8224.044,1336.471,0,0.9530392,3.006813,-2.053774,51.77648,250.8593,2.853582,1588.595,354207.5,6714.504,12665.34,99.04626,99.04626,59.66036,78.54546,10.00027,20.00025,13798.08,12665.34
0.9578851,-3.006964,69.60371,0,12665.34,12.25,8.771027,8224.044,1335.799,0,0.9530383,3.006964,-2.053926,51.85338,250.9362,2.811645,1588.84,354220,6713.886,12665.34,99.04626,99.04626,59.66036,78.54546,10.00027,20.00025,13798.08,12665.34
0.9578751,-3.006992,69.58839,0,12665.34,12.25,8.76893,8224.044,1335.078,0,0.9530387,3.006992,-2.053953,51.93682,251.0196,2.774079,1589.11,354233.8,6713.201,12665.34,99.04626,99.04626,59.66036,78.54546,10.00027,20.00025,13798.08,12665.34
0.9578571,-3.007076,69.57336,0,12665.34,12.25,8.766875,8224.044,1334.369,0,0.9530383,3.007076,-2.054038,52.01862,251.1014,2.742623,1589.372,354247.1,6712.538,12665.34,99.04626,99.04626,59.66036,78.54546,10.00027,20.00025,13798.08,12665.34
0.9578468,-3.007177,69.55714,0,12665.34,12.25,8.764655,8224.044,1333.608,0,0.9530381,3.007177,-2.054139,52.10697,251.1897,2.71492,1589.656,354261.6,6711.817,12665.34,99.04626,99.04626,59.66036,78.54546,10.00027,20.00025,13798.08,12665.34
0.9578311,-3.007273,69.54211,0,12665.34,12.25,8.7626,8224.044,1332.904,0,0.9530378,3.007273,-2.054236,52.18877,251.2715,2.693202,1589.918,354275,6711.153,12665.34,99.04626,99.04626,59.66036,78.54546,10.00027,20.00025,13798.08,12665.34
0.9578211,-3.00736,69.52589,0,12665.34,12.25,8.76038,8224.044,1332.146,0,0.9530376,3.00736,-2.054322,52.27712,251.3599,2.674154,1590.202,354289.5,6710.434,12665.34,99.04626,99.04626,59.66036,78.54546,10.00027,20.00025,13798.08,12665.34
0.9578071,-3.007459,69.50996,0,12665.34,12.25,8.758201,8224.044,1331.404,0,0.9530373,3.007459,-2.054422,52.36383,251.4466,2.658499,1590.481,354303.7,6709.729,12665.34,99.04626,99.04626,59.66036,78.54546,10.00027,20.00025,13798.08,12665.34
0.9577973,-3.007547,69.49373,0,12665.34,12.25,8.75598,8224.044,1330.65,0,0.9530371,3.007547,-2.05451,52.45218,251.535,2.645685,1590.764,354318.2,6709.01,12665.34,99.04626,99.04626,59.66036,78.54546,10.00027,20.00025,13798.08,12665.34
0.9577852,-3.007641,69.47779,0,12665.34,12.25,8.7538,8224.044,1329.912,0,0.9530368,3.007641,-2.054604,52.53889,251.6217,2.635234,1591.043,354332.4,6708.304,12665.34,99.04626,99.04626,59.66036,78.54546,10.00027,20.00025,13798.08,12665.34
0.9578145,-3.007716,69.46277,0,12665.34,12.25,8.751745,8224.045,1329.208,0,0.9530103,3.007716,-2.054706,52.62069,251.7035,2.593804,1466.67,354468.7,6707.727,12665.34,99.04626,99.04626,59.66036,78.54546,10.00027,20.00025,13798.08,12665.34
0.9578711,-3.007822,69.44744,0,12665.34,12.25,8.749648,8224.045,1328.495,0,0.9530386,3.007822,-2.054783,52.70414,251.7869,2.532013,1466.951,354484.1,6706.963,12665.34,99.04626,99.04626,59.66036,78.54546,10.00027,20.00025,13798.08,12665.34
0.9578586,-3.00945,69.4333,0,12665.34,12.25,8.747715,8224.045,1327.826,0,0.9530377,3.00945,-2.056413,52.78103,251.8638,2.48279,1467.187,354496.5,6706.349,12665.34,99.04626,99.04626,59.66036,78.54546,10.00027,20.00025,13798.08,12665.34
0.9578514,-3.008006,69.41888,0,12665.34,12.25,8.745742,8224.045,1327.152,0,0.9530382,3.008006,-2.054968,52.85956,251.9423,2.440953,1467.437,354509.6,6705.699,12665.34,99.04626,99.04626,59.66036,78.54546,10.00027,20.00025,13798.08,12665.34
0.9578338,-3.008136,69.40294,0,12665.34,12.25,8.743562,8224.045,1326.404,0,0.9530377,3.008136,-2.055099,52.94627,252.0291,2.401427,1467.707,354523.7,6704.998,12665.34,99.04626,99.04626,59.66036,78.54546,10.00027,20.00025,13798.08,12665.34
0.9578243,-3.008211,69.3858,0,12665.34,12.25,8.741218,8224.045,1325.604,0,0.9530377,3.008211,-2.055173,53.03953,252.1223,2.366997,1468,354539.1,6704.236,12665.34,99.04626,99.04626,59.66036,78.54546,10.00027,20.00025,13798.08,12665.34
0.957809,-3.008323,69.36896,0,12665.34,12.25,8.738914,8224.045,1324.82,0,0.9530373,3.008323,-2.055286,53.13115,252.2139,2.338785,1468.286,354554.1,6703.491,12665.34,99.04626,99.04626,59.66036,78.54546,10.00027,20.00025,13798.08,12665.34
0.9577997,-3.008413,69.35271,0,12665.34,12.25,8.736692,8224.045,1324.065,0,0.9530371,3.008413,-2.055376,53.2195,252.3023,2.316821,1468.563,354568.6,6702.771,12665.34,99.04626,99.04626,59.66036,78.54546,10.00027,20.00025,13798.08,12665.34
0.9577871,-3.008514,69.33678,0,12665.34,12.25,8.734512,8224.045,1323.327,0,0.9530369,3.008514,-2.055477,53.30621,252.389,2.298705,1468.834,354582.8,6702.066,12665.34,99.04626,99.04626,59.66036,78.54546,10.00027,20.00025,13798.08,12665.34
0.9578139,-3.008609,69.32083,0,12665.34,12.25,8.732331,8224.045,1322.576,0,0.9530792,3.008609,-2.055529,53.39292,252.4757,2.28381,1469.105,354597.1,6701.347,12665.34,99.04626,99.04626,59.66036,78.54546,10.00027,20.00025,13798.08,12665.34
0.957768,-3.008694,69.3064,0,12665.34,12.25,8.730357,8224.045,1321.923,0,0.9530365,3.008694,-2.055658,53.47145,252.5542,2.272831,1469.351,354609.9,6700.721,12665.34,99.04626,99.04626,59.66036,78.54546,10.00027,20.00025,13798.08,12665.34
0.9577286,-3.008779,69.29135,0,12665.34,12.25,8.728299,8224.045,1321.224,0,0.9530093,3.008779,-2.05577,53.55325,252.636,2.263142,1469.586,354621.6,6700.143,12665.34,99.04626,99.04626,59.66036,78.54546,10.00027,20.00025,13798.08,12665.34
0.9577503,-3.008879,69.27511,0,12665.34,12.25,8.726078,8224.045,1320.484,0,0.9530362,3.008879,-2.055843,53.6416,252.7244,2.254746,1469.884,354637.8,6699.336,12665.34,99.04626,99.04626,59.66036,78.54546,10.00027,20.00025,13798.08,12665.34
0.9577382,-3.009,69.26006,0,12665.34,12.25,8.72402,8224.045,1319.793,0,0.9530359,3.009,-2.055964,53.72341,252.8062,2.2483,1470.139,354651.2,6698.673,12665.34,99.04626,99.04626,59.66036,78.54546,10.00027,20.00025,13798.08,12665.34
0.9577338,-3.00907,69.24291,0,12665.34,12.25,8.721675,8224.045,1319.009,0,0.9530358,3.00907,-2.056034,53.81666,252.8994,2.242517,1470.432,354666.6,6697.911,12665.34,99.04626,99.04626,59.66036,78.54546,10.00027,20.00025,13798.08,12665.34
0.9578128,-3.009166,69.22787,0,12665.35,12.25,8.719618,8224.045,1318.316,0,0.9530373,3.009166,-2.056128,53.89846,252.9812,2.191375,1345.589,354805.1,6697.249,12665.35,99.04626,99.04626,59.66036,78.54546,10.00027,20.00025,13798.08,12665.35
0.9578262,-3.009267,69.21162,0,12665.35,12.25,8.717396,8224.045,1317.56,0,0.9530377,3.009267,-2.056229,53.98681,253.0696,2.136454,1345.859,354819.6,6696.529,12665.35,99.04626,99.04626,59.66036,78.54546,10.00027,20.00025,13798.08,12665.35
0.9578152,-3.009375,69.19658,0,12665.35,12.25,8.715339,8224.045,1316.859,0,0.9530374,3.009375,-2.056337,54.06862,253.1514,2.092998,1346.107,354833,6695.864,12665.35,99.04626,99.04626,59.66036,78.54546,10.00027,20.00025,13798.08,12665.35
0.957807,-3.00946,69.18213,0,12665.35,12.25,8.713363,8224.045,1316.187,0,0.9530373,3.00946,-2.056423,54.14715,253.2299,2.058453,1346.347,354845.9,6695.225,12665.35,99.04626,99.04626,59.66036,78.54546,10.00027,20.00025,13798.08,12665.35
0.9577935,-3.009574,69.16528,0,12665.35,12.25,8.711058,8224.045,1315.406,0,0.953037,3.009574,-2.056536,54.23877,253.3215,2.0242,1346.625,354860.9,6694.479,12665.35,99.04626,99.04626,59.66036,78.54546,10.00027,20.00025,13798.08,12665.35
0.9578201,-3.009673,69.14932,0,12665.35,12.25,8.708877,8224.045,1314.654,0,0.9530793,3.009673,-2.056594,54.32548,253.4083,1.997451,1346.89,354875.2,6693.76,12665.35,99.04626,99.04626,59.66036,78.54546,10.00027,20.00025,13798.08,12665.35
0.9577734,-3.009769,69.13397,0,12665.35,12.25,8.706778,8224.045,1313.959,0,0.9530367,3.009769,-2.056732,54.40892,253.4917,1.976434,1347.144,354888.9,6693.094,12665.35,99.04626,99.04626,59.66036,78.54546,10.00027,20.00025,13798.08,12665.35
0.9577593,-3.00994,69.11801,0,12665.35,12.25,8.704596,8224.045,1313.222,0,0.9530358,3.00994,-2.056904,54.49563,253.5784,1.957956,1347.406,354903,6692.395,12665.35,99.04626,99.04626,59.66036,78.54546,10.00027,20.00025,13798.08,12665.35
0.9577553,-3.009963,69.10266,0,12665.35,12.25,8.702496,8224.045,1312.518,0,0.9530362,3.009963,-2.056926,54.57907,253.6618,1.943497,1347.662,354916.8,6691.708,12665.35,99.04626,99.04626,59.66036,78.54546,10.00027,20.00025,13798.08,12665.35
0.9577432,-3.010063,69.0867,0,12665.35,12.25,8.700314,8224.045,1311.785,0,0.953036,3.010063,-2.057027,54.66578,253.7486,1.93084,1347.926,354931,6691.004,12665.35,99.04626,99.04626,59.66036,78.54546,10.00027,20.00025,13798.08,12665.35
0.9577386,-3.01016,69.07044,0,12665.35,12.25,8.698091,8224.045,1311.041,0,0.953036,3.01016,-2.057124,54.75413,253.8369,1.920472,1348.196,354945.6,6690.283,12665.35,99.04626,99.04626,59.66036,78.54546,10.00027,20.00025,13798.08,12665.35
0.9577284,-3.010263,69.05538,0,12665.35,12.25,8.696032,8224.045,1310.352,0,0.9530357,3.010263,-2.057228,54.83593,253.9187,1.912435,1348.445,354959,6689.617,12665.35,99.04626,99.04626,59.66036,78.54546,10.00027,20.00025,13798.08,12665.35
0.9577245,-3.010341,69.04093,0,12665.35,12.25,8.694056,8224.045,1309.693,0,0.9530357,3.010341,-2.057306,54.91447,253.9972,1.906188,1348.685,354971.9,6688.977,12665.35,99.04626,99.04626,59.66036,78.54546,10.00027,20.00025,13798.08,12665.35
0.957715,-3.010452,69.02406,0,12665.35,12.25,8.69175,8224.045,1308.924,0,0.9530355,3.010452,-2.057417,55.00608,254.0889,1.900158,1348.964,354987,6688.23,12665.35,99.04626,99.04626,59.66036,78.54546,10.00027,20.00025,13798.08,12665.35
0.9577103,-3.010545,69.0078,0,12665.35,12.25,8.689526,8224.045,1308.184,0,0.9530354,3.010545,-2.057509,55.09443,254.1772,1.895617,1349.233,355001.5,6687.51,12665.35,99.04626,99.04626,59.66036,78.54546,10.00027,20.00025,13798.08,12665.35
0.9577029,-3.01064,68.99274,0,12665.35,12.25,8.687467,8224.045,1307.5,0,0.9530352,3.01064,-2.057605,55.17624,254.259,1.892195,1349.483,355014.9,6686.844,12665.35,99.04626,99.04626,59.66036,78.54546,10.00027,20.00025,13798.08,12665.35
0.9577338,-3.010731,68.97768,0,12665.35,12.25,8.685407,8224.045,1306.803,0,0.9530769,3.010731,-2.057654,55.25804,254.3408,1.889488,1349.732,355028.4,6686.164,12665.35,99.04626,99.04626,59.66036,78.54546,10.00027,20.00025,13798.08,12665.35
0.9577248,-3.010814,68.96232,0,12665.35,12.25,8.683308,8224.046,1306.12,0,0.9530353,3.010814,-2.057779,55.34148,254.4243,1.874349,1224.802,355167.3,6685.5,12665.35,99.04626,99.04626,59.66036,78.54546,10.00027,20.00025,13798.08,12665.35
0.9577839,-3.012529,68.94726,0,12665.35,12.25,8.681249,8224.046,1305.424,0,0.9530361,3.012529,-2.059493,55.42328,254.5061,1.823045,1225.041,355180.5,6684.845,12665.35,99.04626,99.04626,59.66036,78.54546,10.00027,20.00025,13798.08,12665.35
0.9577889,-3.011023,68.93189,0,12665.35,12.25,8.679148,8224.046,1304.718,0,0.953037,3.011023,-2.057986,55.50672,254.5895,1.779887,1225.292,355194.4,6684.154,12665.35,99.04626,99.04626,59.66036,78.54546,10.00027,20.00025,13798.08,12665.35
0.9577764,-3.011159,68.91682,0,12665.35,12.25,8.677089,8224.046,1304.021,0,0.9530366,3.011159,-2.058122,55.58853,254.6713,1.74357,1225.533,355207.8,6683.491,12665.35,99.04626,99.04626,59.66036,78.54546,10.00027,20.00025,13798.08,12665.35
0.9577709,-3.011232,68.90056,0,12665.35,12.25,8.674864,8224.046,1303.272,0,0.9530366,3.011232,-2.058195,55.67688,254.7597,1.711437,1225.796,355222.4,6682.769,12665.35,99.04626,99.04626,59.66036,78.54546,10.00027,20.00025,13798.08,12665.35
0.9577671,-3.01128,68.89333,0,12665.35,12.25,8.673876,8224.046,1302.94,0,0.9530365,3.01128,-2.058243,55.71614,254.7989,1.69897,1225.913,355228.8,6682.449,12665.35,99.04626,99.04626,59.66036,78.54546,10.00027,20.00025,13798.08,12665.35
0.9577671,-3.01128,68.89333,0,12665.35,12.25,8.673876,8224.046,1302.94,0,0.9530365,3.01128,-2.058243,55.71614,254.7989,1.69897,1225.913,355228.8,6682.449,12665.35,99.04626,99.04626,59.66036,78.54546,10.00027,20.00025,13798.08,12665.35
0.9577671,-3.01128,68.89333,0,12665.35,12.25,8.673876,8224.046,1302.94,0,0.9530365,3.01128,-2.058243,55.71614,254.7989,1.69897,1225.913,355228.8,6682.449,12665.35,99.04626,99.04626,59.66036,78.54546,10.00027,20.00025,13798.08,12665.35
0.9577671,-3.01128,68.89333,0,12665.35,12.25,8.673876,8224.046,1302.94,0,0.9530365,3.01128,-2.058243,55.71614,254.7989,1.69897,1225.913,355228.8,6682.449,12665.35,99.04626,99.04626,59.66036,78.54546,10.00027,20.00025,13798.08,12665.35
0.9577671,-3.01128,68.89333,0,12665.35,12.25,8.673876,8224.046,1302.94,0,0.9530365,3.01128,-2.058243,55.71614,254.7989,1.69897,1225.913,355228.8,6682.449,12665.35,99.04626,99.04626,59.66036,78.54546,10.00027,20.00025,13798.08,12665.35
0.9577671,-3.01128,68.89333,0,12665.35,12.25,8.673876,8224.046,1302.94,0,0.9530365,3.01128,-2.058243,55.71614,254.7989,1.69897,1225.913,355228.8,6682.449,12665.35,99.04626,99.04626,59.66036,78.54546,10.00027,20.00025,13798.08,12665.35
